[12/19/24 09:45:54] crowsnest: crowsnest - A webcam Service for multiple Cams and Stream Services.
[12/19/24 09:45:54] crowsnest: Version: v4.1.10-1-gdd390b6
[12/19/24 09:45:54] crowsnest: Prepare Startup ...
[12/19/24 09:45:54] crowsnest: INFO: Host information:
[12/19/24 09:45:54] crowsnest: Host Info: Distribution: BIGTREETECH-CB1 3.0.0-25.02.0-trunk bookworm
BIGTREETECH-CB1 3.0.0-25.02.0-trunk bookworm
[12/19/24 09:45:54] crowsnest: Host Info: Kernel: Linux 6.6.66-vendor-sunxi64 aarch64
[12/19/24 09:45:54] crowsnest: Host Info: Available CPU Cores: 4
[12/19/24 09:45:54] crowsnest: Host Info: Available Memory: 940764 kB
[12/19/24 09:45:54] crowsnest: Host Info: Diskspace (avail. / total): 998M / 5.9G
[12/19/24 09:45:54] crowsnest: INFO: Checking Dependencies
[12/19/24 09:45:58] crowsnest: Dependency: 'crudini' found in /usr/bin/crudini.
[12/19/24 09:45:58] crowsnest: Dependency: 'find' found in /usr/bin/find.
[12/19/24 09:45:58] crowsnest: Dependency: 'xargs' found in /usr/bin/xargs.
[12/19/24 09:45:59] crowsnest: Dependency: 'ustreamer' found in bin/ustreamer/src/ustreamer.bin.
[12/19/24 09:45:59] crowsnest: Version Control: ustreamer is up to date. (v6.10)
[12/19/24 09:45:59] crowsnest: INFO: Print Configfile: '/home/biqu/printer_data/config/crowsnest.conf'
[12/19/24 09:45:59] crowsnest:		[crowsnest]
[12/19/24 09:45:59] crowsnest:		log_path: /home/biqu/printer_data/logs/crowsnest.log
[12/19/24 09:45:59] crowsnest:		log_level: verbose
[12/19/24 09:45:59] crowsnest:		delete_log: false
[12/19/24 09:45:59] crowsnest:		no_proxy: false
[12/19/24 09:45:59] crowsnest:		
[12/19/24 09:45:59] crowsnest:		[cam 1]
[12/19/24 09:45:59] crowsnest:		mode: ustreamer
[12/19/24 09:45:59] crowsnest:		
[12/19/24 09:45:59] crowsnest:		enable_rtsp: false
[12/19/24 09:45:59] crowsnest:		rtsp_port: 8554
[12/19/24 09:45:59] crowsnest:		port: 8080
[12/19/24 09:45:59] crowsnest:		device: /dev/video0
[12/19/24 09:45:59] crowsnest:		resolution: 640x480
[12/19/24 09:45:59] crowsnest:		max_fps: 15
[12/19/24 09:45:59] crowsnest: INFO: Detect available Devices
[12/19/24 09:45:59] crowsnest: INFO: Found 1 total available Device(s)
[12/19/24 09:45:59] crowsnest: INFO: Found 1 available v4l2 (UVC) camera(s)
[12/19/24 09:45:59] crowsnest: /dev/v4l/by-id/usb-Sonix_Technology_Co.__Ltd._Webcam_Webcam-video-index0 -> /dev/video0
[12/19/24 09:45:59] crowsnest: Supported Formats:
[12/19/24 09:45:59] crowsnest:		[0]: 'MJPG' (Motion-JPEG, compressed)
[12/19/24 09:45:59] crowsnest:		Size: Discrete 1920x1080
[12/19/24 09:45:59] crowsnest:		Interval: Discrete 0.033s (30.000 fps)
[12/19/24 09:45:59] crowsnest:		Size: Discrete 640x480
[12/19/24 09:45:59] crowsnest:		Interval: Discrete 0.033s (30.000 fps)
[12/19/24 09:45:59] crowsnest:		Size: Discrete 1024x768
[12/19/24 09:45:59] crowsnest:		Interval: Discrete 0.033s (30.000 fps)
[12/19/24 09:45:59] crowsnest:		Size: Discrete 1280x720
[12/19/24 09:45:59] crowsnest:		Interval: Discrete 0.033s (30.000 fps)
[12/19/24 09:45:59] crowsnest:		Size: Discrete 1280x1024
[12/19/24 09:45:59] crowsnest:		Interval: Discrete 0.033s (30.000 fps)
[12/19/24 09:45:59] crowsnest:		Size: Discrete 2048x1536
[12/19/24 09:45:59] crowsnest:		Interval: Discrete 0.033s (30.000 fps)
[12/19/24 09:45:59] crowsnest:		Size: Discrete 320x240
[12/19/24 09:45:59] crowsnest:		Interval: Discrete 0.033s (30.000 fps)
[12/19/24 09:45:59] crowsnest:		[1]: 'YUYV' (YUYV 4:2:2)
[12/19/24 09:45:59] crowsnest:		Size: Discrete 640x480
[12/19/24 09:45:59] crowsnest:		Interval: Discrete 0.040s (25.000 fps)
[12/19/24 09:45:59] crowsnest:		Size: Discrete 1024x768
[12/19/24 09:45:59] crowsnest:		Interval: Discrete 0.100s (10.000 fps)
[12/19/24 09:45:59] crowsnest:		Size: Discrete 1280x720
[12/19/24 09:45:59] crowsnest:		Interval: Discrete 0.100s (10.000 fps)
[12/19/24 09:45:59] crowsnest:		Size: Discrete 1280x1024
[12/19/24 09:45:59] crowsnest:		Interval: Discrete 0.200s (5.000 fps)
[12/19/24 09:45:59] crowsnest:		Size: Discrete 1920x1080
[12/19/24 09:45:59] crowsnest:		Interval: Discrete 0.200s (5.000 fps)
[12/19/24 09:45:59] crowsnest:		Size: Discrete 320x240
[12/19/24 09:45:59] crowsnest:		Interval: Discrete 0.033s (30.000 fps)
[12/19/24 09:45:59] crowsnest:		Size: Discrete 2048x1536
[12/19/24 09:45:59] crowsnest:		Interval: Discrete 0.200s (5.000 fps)
[12/19/24 09:45:59] crowsnest: Supported Controls:
[12/19/24 09:45:59] crowsnest:		
[12/19/24 09:45:59] crowsnest:		User Controls
[12/19/24 09:45:59] crowsnest:		
[12/19/24 09:45:59] crowsnest:		brightness 0x00980900 (int)    : min=-64 max=64 step=1 default=0 value=0
[12/19/24 09:45:59] crowsnest:		contrast 0x00980901 (int)    : min=0 max=64 step=1 default=32 value=32
[12/19/24 09:45:59] crowsnest:		saturation 0x00980902 (int)    : min=1 max=128 step=1 default=64 value=64
[12/19/24 09:45:59] crowsnest:		hue 0x00980903 (int)    : min=-40 max=40 step=1 default=0 value=0
[12/19/24 09:45:59] crowsnest:		white_balance_automatic 0x0098090c (bool)   : default=1 value=1
[12/19/24 09:45:59] crowsnest:		gamma 0x00980910 (int)    : min=72 max=500 step=1 default=100 value=100
[12/19/24 09:45:59] crowsnest:		gain 0x00980913 (int)    : min=0 max=100 step=1 default=0 value=0
[12/19/24 09:45:59] crowsnest:		power_line_frequency 0x00980918 (menu)   : min=0 max=2 default=1 value=1 (50 Hz)
[12/19/24 09:45:59] crowsnest:		0: Disabled
[12/19/24 09:45:59] crowsnest:		1: 50 Hz
[12/19/24 09:45:59] crowsnest:		2: 60 Hz
[12/19/24 09:45:59] crowsnest:		white_balance_temperature 0x0098091a (int)    : min=2800 max=6500 step=1 default=4600 value=4600 flags=inactive
[12/19/24 09:45:59] crowsnest:		sharpness 0x0098091b (int)    : min=0 max=6 step=1 default=5 value=5
[12/19/24 09:45:59] crowsnest:		backlight_compensation 0x0098091c (int)    : min=0 max=2 step=1 default=1 value=1
[12/19/24 09:45:59] crowsnest:		
[12/19/24 09:45:59] crowsnest:		Camera Controls
[12/19/24 09:45:59] crowsnest:		
[12/19/24 09:45:59] crowsnest:		auto_exposure 0x009a0901 (menu)   : min=0 max=3 default=3 value=3 (Aperture Priority Mode)
[12/19/24 09:45:59] crowsnest:		1: Manual Mode
[12/19/24 09:45:59] crowsnest:		3: Aperture Priority Mode
[12/19/24 09:45:59] crowsnest:		exposure_time_absolute 0x009a0902 (int)    : min=1 max=5000 step=1 default=625 value=625 flags=inactive
[12/19/24 09:45:59] crowsnest:		exposure_dynamic_framerate 0x009a0903 (bool)   : default=0 value=1
[12/19/24 09:46:00] crowsnest: Try to start configured Cams / Services...
[12/19/24 09:46:03] crowsnest: INFO: Configuration of Section [cam 1] looks good. Continue ...
[12/19/24 09:46:04] crowsnest: V4L2 Control: No parameters set for [cam 1]. Skipped.
[12/19/24 09:46:06] crowsnest: Starting ustreamer with Device /dev/video0 ...
[12/19/24 09:46:08] crowsnest:  ... Done!
[09/26/25 07:36:16] crowsnest: Shutdown or Killed by User!
[09/26/25 07:36:16] crowsnest: Please come again :)
[09/26/25 07:36:16] crowsnest: Goodbye...
[09/26/25 07:36:18] crowsnest: crowsnest - A webcam Service for multiple Cams and Stream Services.
[09/26/25 07:36:18] crowsnest: Version: v4.1.16-1-g059fa87
[09/26/25 07:36:18] crowsnest: Prepare Startup ...
[09/26/25 07:36:18] crowsnest: INFO: Host information:
[09/26/25 07:36:18] crowsnest: Host Info: Distribution: Armbian 25.8.1 bookworm
Armbian 25.8.1 bookworm
[09/26/25 07:36:18] crowsnest: Host Info: Kernel: Linux 6.6.66-vendor-sunxi64 aarch64
[09/26/25 07:36:18] crowsnest: Host Info: Available CPU Cores: 4
[09/26/25 07:36:18] crowsnest: Host Info: Available Memory: 940764 kB
[09/26/25 07:36:18] crowsnest: Host Info: Diskspace (avail. / total): 8.9G / 15G
[09/26/25 07:36:18] crowsnest: INFO: Checking Dependencies
[09/26/25 07:36:18] crowsnest: Dependency: 'crudini' found in /usr/bin/crudini.
[09/26/25 07:36:18] crowsnest: Dependency: 'find' found in /usr/bin/find.
[09/26/25 07:36:18] crowsnest: Dependency: 'xargs' found in /usr/bin/xargs.
[09/26/25 07:36:18] crowsnest: Dependency: 'ustreamer' found in bin/ustreamer/src/ustreamer.bin.
[09/26/25 07:36:18] crowsnest: Version Control: ustreamer is up to date. (v6.10)
[09/26/25 07:36:18] crowsnest: INFO: Print Configfile: '/home/biqu/printer_data/config/crowsnest.conf'
[09/26/25 07:36:18] crowsnest:		[crowsnest]
[09/26/25 07:36:18] crowsnest:		log_path: /home/biqu/printer_data/logs/crowsnest.log
[09/26/25 07:36:18] crowsnest:		log_level: verbose
[09/26/25 07:36:18] crowsnest:		delete_log: false
[09/26/25 07:36:18] crowsnest:		no_proxy: false
[09/26/25 07:36:18] crowsnest:		
[09/26/25 07:36:18] crowsnest:		[cam 1]
[09/26/25 07:36:18] crowsnest:		mode: ustreamer
[09/26/25 07:36:18] crowsnest:		
[09/26/25 07:36:18] crowsnest:		enable_rtsp: false
[09/26/25 07:36:18] crowsnest:		rtsp_port: 8554
[09/26/25 07:36:18] crowsnest:		port: 8080
[09/26/25 07:36:18] crowsnest:		device: /dev/video0
[09/26/25 07:36:18] crowsnest:		resolution: 640x480
[09/26/25 07:36:18] crowsnest:		max_fps: 15
[09/26/25 07:36:18] crowsnest: INFO: Detect available Devices
[09/26/25 07:36:18] crowsnest: INFO: Found 1 total available Device(s)
[09/26/25 07:36:18] crowsnest: INFO: Found 1 available v4l2 (UVC) camera(s)
[09/26/25 07:36:18] crowsnest: /dev/v4l/by-id/usb-Sonix_Technology_Co.__Ltd._Webcam_Webcam-video-index0 -> /dev/video0
[09/26/25 07:36:18] crowsnest: Supported Formats:
[09/26/25 07:36:18] crowsnest:		[0]: 'MJPG' (Motion-JPEG, compressed)
[09/26/25 07:36:18] crowsnest:		Size: Discrete 1920x1080
[09/26/25 07:36:18] crowsnest:		Interval: Discrete 0.033s (30.000 fps)
[09/26/25 07:36:18] crowsnest:		Size: Discrete 640x480
[09/26/25 07:36:18] crowsnest:		Interval: Discrete 0.033s (30.000 fps)
[09/26/25 07:36:18] crowsnest:		Size: Discrete 1024x768
[09/26/25 07:36:18] crowsnest:		Interval: Discrete 0.033s (30.000 fps)
[09/26/25 07:36:18] crowsnest:		Size: Discrete 1280x720
[09/26/25 07:36:18] crowsnest:		Interval: Discrete 0.033s (30.000 fps)
[09/26/25 07:36:18] crowsnest:		Size: Discrete 1280x1024
[09/26/25 07:36:18] crowsnest:		Interval: Discrete 0.033s (30.000 fps)
[09/26/25 07:36:18] crowsnest:		Size: Discrete 2048x1536
[09/26/25 07:36:18] crowsnest:		Interval: Discrete 0.033s (30.000 fps)
[09/26/25 07:36:18] crowsnest:		Size: Discrete 320x240
[09/26/25 07:36:18] crowsnest:		Interval: Discrete 0.033s (30.000 fps)
[09/26/25 07:36:18] crowsnest:		[1]: 'YUYV' (YUYV 4:2:2)
[09/26/25 07:36:18] crowsnest:		Size: Discrete 640x480
[09/26/25 07:36:18] crowsnest:		Interval: Discrete 0.040s (25.000 fps)
[09/26/25 07:36:18] crowsnest:		Size: Discrete 1024x768
[09/26/25 07:36:18] crowsnest:		Interval: Discrete 0.100s (10.000 fps)
[09/26/25 07:36:18] crowsnest:		Size: Discrete 1280x720
[09/26/25 07:36:18] crowsnest:		Interval: Discrete 0.100s (10.000 fps)
[09/26/25 07:36:18] crowsnest:		Size: Discrete 1280x1024
[09/26/25 07:36:18] crowsnest:		Interval: Discrete 0.200s (5.000 fps)
[09/26/25 07:36:18] crowsnest:		Size: Discrete 1920x1080
[09/26/25 07:36:18] crowsnest:		Interval: Discrete 0.200s (5.000 fps)
[09/26/25 07:36:18] crowsnest:		Size: Discrete 320x240
[09/26/25 07:36:18] crowsnest:		Interval: Discrete 0.033s (30.000 fps)
[09/26/25 07:36:18] crowsnest:		Size: Discrete 2048x1536
[09/26/25 07:36:18] crowsnest:		Interval: Discrete 0.200s (5.000 fps)
[09/26/25 07:36:18] crowsnest: Supported Controls:
[09/26/25 07:36:18] crowsnest:		
[09/26/25 07:36:18] crowsnest:		User Controls
[09/26/25 07:36:18] crowsnest:		
[09/26/25 07:36:18] crowsnest:		brightness 0x00980900 (int)    : min=-64 max=64 step=1 default=0 value=0
[09/26/25 07:36:18] crowsnest:		contrast 0x00980901 (int)    : min=0 max=64 step=1 default=32 value=32
[09/26/25 07:36:18] crowsnest:		saturation 0x00980902 (int)    : min=1 max=128 step=1 default=64 value=64
[09/26/25 07:36:18] crowsnest:		hue 0x00980903 (int)    : min=-40 max=40 step=1 default=0 value=0
[09/26/25 07:36:18] crowsnest:		white_balance_automatic 0x0098090c (bool)   : default=1 value=1
[09/26/25 07:36:18] crowsnest:		gamma 0x00980910 (int)    : min=72 max=500 step=1 default=100 value=100
[09/26/25 07:36:18] crowsnest:		gain 0x00980913 (int)    : min=0 max=100 step=1 default=0 value=0
[09/26/25 07:36:18] crowsnest:		power_line_frequency 0x00980918 (menu)   : min=0 max=2 default=1 value=1 (50 Hz)
[09/26/25 07:36:18] crowsnest:		0: Disabled
[09/26/25 07:36:18] crowsnest:		1: 50 Hz
[09/26/25 07:36:18] crowsnest:		2: 60 Hz
[09/26/25 07:36:18] crowsnest:		white_balance_temperature 0x0098091a (int)    : min=2800 max=6500 step=1 default=4600 value=4600 flags=inactive
[09/26/25 07:36:18] crowsnest:		sharpness 0x0098091b (int)    : min=0 max=6 step=1 default=5 value=5
[09/26/25 07:36:18] crowsnest:		backlight_compensation 0x0098091c (int)    : min=0 max=2 step=1 default=1 value=1
[09/26/25 07:36:18] crowsnest:		
[09/26/25 07:36:18] crowsnest:		Camera Controls
[09/26/25 07:36:18] crowsnest:		
[09/26/25 07:36:18] crowsnest:		auto_exposure 0x009a0901 (menu)   : min=0 max=3 default=3 value=3 (Aperture Priority Mode)
[09/26/25 07:36:18] crowsnest:		1: Manual Mode
[09/26/25 07:36:18] crowsnest:		3: Aperture Priority Mode
[09/26/25 07:36:18] crowsnest:		exposure_time_absolute 0x009a0902 (int)    : min=1 max=5000 step=1 default=625 value=625 flags=inactive
[09/26/25 07:36:18] crowsnest:		exposure_dynamic_framerate 0x009a0903 (bool)   : default=0 value=1
[09/26/25 07:36:19] crowsnest: Try to start configured Cams / Services...
[09/26/25 07:36:21] crowsnest: INFO: Configuration of Section [cam 1] looks good. Continue ...
[09/26/25 07:36:23] crowsnest: V4L2 Control: No parameters set for [cam 1]. Skipped.
[09/26/25 07:36:26] crowsnest: Starting ustreamer with Device /dev/video0 ...
[09/26/25 07:36:27] crowsnest:  ... Done!
[09/26/25 09:18:05] crowsnest: Shutdown or Killed by User!
[09/26/25 09:18:05] crowsnest: Please come again :)
[09/26/25 09:18:05] crowsnest: Goodbye...
[09/26/25 09:18:06] crowsnest: crowsnest - A webcam Service for multiple Cams and Stream Services.
[09/26/25 09:18:06] crowsnest: Version: v4.1.16-1-g059fa87
[09/26/25 09:18:06] crowsnest: Prepare Startup ...
[09/26/25 09:18:06] crowsnest: INFO: Host information:
[09/26/25 09:18:06] crowsnest: Host Info: Distribution: Armbian 25.8.1 bookworm
Armbian 25.8.1 bookworm
[09/26/25 09:18:06] crowsnest: Host Info: Kernel: Linux 6.6.66-vendor-sunxi64 aarch64
[09/26/25 09:18:06] crowsnest: Host Info: Available CPU Cores: 4
[09/26/25 09:18:06] crowsnest: Host Info: Available Memory: 940764 kB
[09/26/25 09:18:06] crowsnest: Host Info: Diskspace (avail. / total): 8.9G / 15G
[09/26/25 09:18:06] crowsnest: INFO: Checking Dependencies
[09/26/25 09:18:06] crowsnest: Dependency: 'crudini' found in /usr/bin/crudini.
[09/26/25 09:18:06] crowsnest: Dependency: 'find' found in /usr/bin/find.
[09/26/25 09:18:06] crowsnest: Dependency: 'xargs' found in /usr/bin/xargs.
[09/26/25 09:18:06] crowsnest: Dependency: 'ustreamer' found in bin/ustreamer/src/ustreamer.bin.
[09/26/25 09:18:07] crowsnest: Version Control: ustreamer is up to date. (v6.10)
[09/26/25 09:18:07] crowsnest: INFO: Print Configfile: '/home/biqu/printer_data/config/crowsnest.conf'
[09/26/25 09:18:07] crowsnest:		[crowsnest]
[09/26/25 09:18:07] crowsnest:		log_path: /home/biqu/printer_data/logs/crowsnest.log
[09/26/25 09:18:07] crowsnest:		log_level: verbose
[09/26/25 09:18:07] crowsnest:		delete_log: false
[09/26/25 09:18:07] crowsnest:		no_proxy: false
[09/26/25 09:18:07] crowsnest:		
[09/26/25 09:18:07] crowsnest:		[cam 1]
[09/26/25 09:18:07] crowsnest:		mode: ustreamer
[09/26/25 09:18:07] crowsnest:		
[09/26/25 09:18:07] crowsnest:		enable_rtsp: false
[09/26/25 09:18:07] crowsnest:		rtsp_port: 8554
[09/26/25 09:18:07] crowsnest:		port: 8080
[09/26/25 09:18:07] crowsnest:		device: /dev/video0
[09/26/25 09:18:07] crowsnest:		resolution: 1500x1500
[09/26/25 09:18:07] crowsnest:		max_fps: 15
[09/26/25 09:18:07] crowsnest: INFO: Detect available Devices
[09/26/25 09:18:07] crowsnest: INFO: Found 1 total available Device(s)
[09/26/25 09:18:07] crowsnest: INFO: Found 1 available v4l2 (UVC) camera(s)
[09/26/25 09:18:07] crowsnest: /dev/v4l/by-id/usb-Sonix_Technology_Co.__Ltd._Webcam_Webcam-video-index0 -> /dev/video0
[09/26/25 09:18:07] crowsnest: Supported Formats:
[09/26/25 09:18:07] crowsnest:		[0]: 'MJPG' (Motion-JPEG, compressed)
[09/26/25 09:18:07] crowsnest:		Size: Discrete 1920x1080
[09/26/25 09:18:07] crowsnest:		Interval: Discrete 0.033s (30.000 fps)
[09/26/25 09:18:07] crowsnest:		Size: Discrete 640x480
[09/26/25 09:18:07] crowsnest:		Interval: Discrete 0.033s (30.000 fps)
[09/26/25 09:18:07] crowsnest:		Size: Discrete 1024x768
[09/26/25 09:18:07] crowsnest:		Interval: Discrete 0.033s (30.000 fps)
[09/26/25 09:18:07] crowsnest:		Size: Discrete 1280x720
[09/26/25 09:18:07] crowsnest:		Interval: Discrete 0.033s (30.000 fps)
[09/26/25 09:18:07] crowsnest:		Size: Discrete 1280x1024
[09/26/25 09:18:07] crowsnest:		Interval: Discrete 0.033s (30.000 fps)
[09/26/25 09:18:07] crowsnest:		Size: Discrete 2048x1536
[09/26/25 09:18:07] crowsnest:		Interval: Discrete 0.033s (30.000 fps)
[09/26/25 09:18:07] crowsnest:		Size: Discrete 320x240
[09/26/25 09:18:07] crowsnest:		Interval: Discrete 0.033s (30.000 fps)
[09/26/25 09:18:07] crowsnest:		[1]: 'YUYV' (YUYV 4:2:2)
[09/26/25 09:18:07] crowsnest:		Size: Discrete 640x480
[09/26/25 09:18:07] crowsnest:		Interval: Discrete 0.040s (25.000 fps)
[09/26/25 09:18:07] crowsnest:		Size: Discrete 1024x768
[09/26/25 09:18:07] crowsnest:		Interval: Discrete 0.100s (10.000 fps)
[09/26/25 09:18:07] crowsnest:		Size: Discrete 1280x720
[09/26/25 09:18:07] crowsnest:		Interval: Discrete 0.100s (10.000 fps)
[09/26/25 09:18:07] crowsnest:		Size: Discrete 1280x1024
[09/26/25 09:18:07] crowsnest:		Interval: Discrete 0.200s (5.000 fps)
[09/26/25 09:18:07] crowsnest:		Size: Discrete 1920x1080
[09/26/25 09:18:07] crowsnest:		Interval: Discrete 0.200s (5.000 fps)
[09/26/25 09:18:07] crowsnest:		Size: Discrete 320x240
[09/26/25 09:18:07] crowsnest:		Interval: Discrete 0.033s (30.000 fps)
[09/26/25 09:18:07] crowsnest:		Size: Discrete 2048x1536
[09/26/25 09:18:07] crowsnest:		Interval: Discrete 0.200s (5.000 fps)
[09/26/25 09:18:07] crowsnest: Supported Controls:
[09/26/25 09:18:07] crowsnest:		
[09/26/25 09:18:07] crowsnest:		User Controls
[09/26/25 09:18:07] crowsnest:		
[09/26/25 09:18:07] crowsnest:		brightness 0x00980900 (int)    : min=-64 max=64 step=1 default=0 value=0
[09/26/25 09:18:07] crowsnest:		contrast 0x00980901 (int)    : min=0 max=64 step=1 default=32 value=32
[09/26/25 09:18:07] crowsnest:		saturation 0x00980902 (int)    : min=1 max=128 step=1 default=64 value=64
[09/26/25 09:18:07] crowsnest:		hue 0x00980903 (int)    : min=-40 max=40 step=1 default=0 value=0
[09/26/25 09:18:07] crowsnest:		white_balance_automatic 0x0098090c (bool)   : default=1 value=1
[09/26/25 09:18:07] crowsnest:		gamma 0x00980910 (int)    : min=72 max=500 step=1 default=100 value=100
[09/26/25 09:18:07] crowsnest:		gain 0x00980913 (int)    : min=0 max=100 step=1 default=0 value=0
[09/26/25 09:18:07] crowsnest:		power_line_frequency 0x00980918 (menu)   : min=0 max=2 default=1 value=1 (50 Hz)
[09/26/25 09:18:07] crowsnest:		0: Disabled
[09/26/25 09:18:07] crowsnest:		1: 50 Hz
[09/26/25 09:18:07] crowsnest:		2: 60 Hz
[09/26/25 09:18:07] crowsnest:		white_balance_temperature 0x0098091a (int)    : min=2800 max=6500 step=1 default=4600 value=4600 flags=inactive
[09/26/25 09:18:07] crowsnest:		sharpness 0x0098091b (int)    : min=0 max=6 step=1 default=5 value=5
[09/26/25 09:18:07] crowsnest:		backlight_compensation 0x0098091c (int)    : min=0 max=2 step=1 default=1 value=1
[09/26/25 09:18:07] crowsnest:		
[09/26/25 09:18:07] crowsnest:		Camera Controls
[09/26/25 09:18:07] crowsnest:		
[09/26/25 09:18:07] crowsnest:		auto_exposure 0x009a0901 (menu)   : min=0 max=3 default=3 value=3 (Aperture Priority Mode)
[09/26/25 09:18:07] crowsnest:		1: Manual Mode
[09/26/25 09:18:07] crowsnest:		3: Aperture Priority Mode
[09/26/25 09:18:07] crowsnest:		exposure_time_absolute 0x009a0902 (int)    : min=1 max=5000 step=1 default=625 value=625 flags=inactive
[09/26/25 09:18:07] crowsnest:		exposure_dynamic_framerate 0x009a0903 (bool)   : default=0 value=1
[09/26/25 09:18:07] crowsnest: Try to start configured Cams / Services...
[09/26/25 09:18:09] crowsnest: INFO: Configuration of Section [cam 1] looks good. Continue ...
[09/26/25 09:18:10] crowsnest: V4L2 Control: No parameters set for [cam 1]. Skipped.
[09/26/25 09:18:12] crowsnest: Starting ustreamer with Device /dev/video0 ...
[09/26/25 09:18:14] crowsnest:  ... Done!
[09/26/25 09:19:48] crowsnest: Shutdown or Killed by User!
[09/26/25 09:19:48] crowsnest: Please come again :)
[09/26/25 09:19:48] crowsnest: Goodbye...
[09/26/25 09:19:50] crowsnest: crowsnest - A webcam Service for multiple Cams and Stream Services.
[09/26/25 09:19:50] crowsnest: Version: v4.1.16-1-g059fa87
[09/26/25 09:19:50] crowsnest: Prepare Startup ...
[09/26/25 09:19:50] crowsnest: INFO: Host information:
[09/26/25 09:19:50] crowsnest: Host Info: Distribution: Armbian 25.8.1 bookworm
Armbian 25.8.1 bookworm
[09/26/25 09:19:50] crowsnest: Host Info: Kernel: Linux 6.6.66-vendor-sunxi64 aarch64
[09/26/25 09:19:50] crowsnest: Host Info: Available CPU Cores: 4
[09/26/25 09:19:50] crowsnest: Host Info: Available Memory: 940764 kB
[09/26/25 09:19:50] crowsnest: Host Info: Diskspace (avail. / total): 8.9G / 15G
[09/26/25 09:19:50] crowsnest: INFO: Checking Dependencies
[09/26/25 09:19:50] crowsnest: Dependency: 'crudini' found in /usr/bin/crudini.
[09/26/25 09:19:50] crowsnest: Dependency: 'find' found in /usr/bin/find.
[09/26/25 09:19:50] crowsnest: Dependency: 'xargs' found in /usr/bin/xargs.
[09/26/25 09:19:50] crowsnest: Dependency: 'ustreamer' found in bin/ustreamer/src/ustreamer.bin.
[09/26/25 09:19:50] crowsnest: Version Control: ustreamer is up to date. (v6.10)
[09/26/25 09:19:50] crowsnest: INFO: Print Configfile: '/home/biqu/printer_data/config/crowsnest.conf'
[09/26/25 09:19:50] crowsnest:		[crowsnest]
[09/26/25 09:19:50] crowsnest:		log_path: /home/biqu/printer_data/logs/crowsnest.log
[09/26/25 09:19:50] crowsnest:		log_level: verbose
[09/26/25 09:19:50] crowsnest:		delete_log: false
[09/26/25 09:19:50] crowsnest:		no_proxy: false
[09/26/25 09:19:50] crowsnest:		
[09/26/25 09:19:50] crowsnest:		[cam 1]
[09/26/25 09:19:50] crowsnest:		mode: ustreamer
[09/26/25 09:19:50] crowsnest:		
[09/26/25 09:19:50] crowsnest:		enable_rtsp: false
[09/26/25 09:19:50] crowsnest:		rtsp_port: 8554
[09/26/25 09:19:50] crowsnest:		port: 8080
[09/26/25 09:19:50] crowsnest:		device: /dev/video0
[09/26/25 09:19:50] crowsnest:		resolution: 2040x1536
[09/26/25 09:19:50] crowsnest:		max_fps: 15
[09/26/25 09:19:50] crowsnest: INFO: Detect available Devices
[09/26/25 09:19:50] crowsnest: INFO: Found 1 total available Device(s)
[09/26/25 09:19:50] crowsnest: INFO: Found 1 available v4l2 (UVC) camera(s)
[09/26/25 09:19:50] crowsnest: /dev/v4l/by-id/usb-Sonix_Technology_Co.__Ltd._Webcam_Webcam-video-index0 -> /dev/video0
[09/26/25 09:19:50] crowsnest: Supported Formats:
[09/26/25 09:19:50] crowsnest:		[0]: 'MJPG' (Motion-JPEG, compressed)
[09/26/25 09:19:50] crowsnest:		Size: Discrete 1920x1080
[09/26/25 09:19:50] crowsnest:		Interval: Discrete 0.033s (30.000 fps)
[09/26/25 09:19:50] crowsnest:		Size: Discrete 640x480
[09/26/25 09:19:50] crowsnest:		Interval: Discrete 0.033s (30.000 fps)
[09/26/25 09:19:50] crowsnest:		Size: Discrete 1024x768
[09/26/25 09:19:50] crowsnest:		Interval: Discrete 0.033s (30.000 fps)
[09/26/25 09:19:50] crowsnest:		Size: Discrete 1280x720
[09/26/25 09:19:50] crowsnest:		Interval: Discrete 0.033s (30.000 fps)
[09/26/25 09:19:50] crowsnest:		Size: Discrete 1280x1024
[09/26/25 09:19:50] crowsnest:		Interval: Discrete 0.033s (30.000 fps)
[09/26/25 09:19:50] crowsnest:		Size: Discrete 2048x1536
[09/26/25 09:19:50] crowsnest:		Interval: Discrete 0.033s (30.000 fps)
[09/26/25 09:19:50] crowsnest:		Size: Discrete 320x240
[09/26/25 09:19:50] crowsnest:		Interval: Discrete 0.033s (30.000 fps)
[09/26/25 09:19:50] crowsnest:		[1]: 'YUYV' (YUYV 4:2:2)
[09/26/25 09:19:50] crowsnest:		Size: Discrete 640x480
[09/26/25 09:19:50] crowsnest:		Interval: Discrete 0.040s (25.000 fps)
[09/26/25 09:19:50] crowsnest:		Size: Discrete 1024x768
[09/26/25 09:19:50] crowsnest:		Interval: Discrete 0.100s (10.000 fps)
[09/26/25 09:19:50] crowsnest:		Size: Discrete 1280x720
[09/26/25 09:19:50] crowsnest:		Interval: Discrete 0.100s (10.000 fps)
[09/26/25 09:19:50] crowsnest:		Size: Discrete 1280x1024
[09/26/25 09:19:50] crowsnest:		Interval: Discrete 0.200s (5.000 fps)
[09/26/25 09:19:50] crowsnest:		Size: Discrete 1920x1080
[09/26/25 09:19:50] crowsnest:		Interval: Discrete 0.200s (5.000 fps)
[09/26/25 09:19:50] crowsnest:		Size: Discrete 320x240
[09/26/25 09:19:50] crowsnest:		Interval: Discrete 0.033s (30.000 fps)
[09/26/25 09:19:50] crowsnest:		Size: Discrete 2048x1536
[09/26/25 09:19:50] crowsnest:		Interval: Discrete 0.200s (5.000 fps)
[09/26/25 09:19:50] crowsnest: Supported Controls:
[09/26/25 09:19:50] crowsnest:		
[09/26/25 09:19:50] crowsnest:		User Controls
[09/26/25 09:19:50] crowsnest:		
[09/26/25 09:19:50] crowsnest:		brightness 0x00980900 (int)    : min=-64 max=64 step=1 default=0 value=0
[09/26/25 09:19:50] crowsnest:		contrast 0x00980901 (int)    : min=0 max=64 step=1 default=32 value=32
[09/26/25 09:19:50] crowsnest:		saturation 0x00980902 (int)    : min=1 max=128 step=1 default=64 value=64
[09/26/25 09:19:50] crowsnest:		hue 0x00980903 (int)    : min=-40 max=40 step=1 default=0 value=0
[09/26/25 09:19:50] crowsnest:		white_balance_automatic 0x0098090c (bool)   : default=1 value=1
[09/26/25 09:19:50] crowsnest:		gamma 0x00980910 (int)    : min=72 max=500 step=1 default=100 value=100
[09/26/25 09:19:50] crowsnest:		gain 0x00980913 (int)    : min=0 max=100 step=1 default=0 value=0
[09/26/25 09:19:50] crowsnest:		power_line_frequency 0x00980918 (menu)   : min=0 max=2 default=1 value=1 (50 Hz)
[09/26/25 09:19:50] crowsnest:		0: Disabled
[09/26/25 09:19:50] crowsnest:		1: 50 Hz
[09/26/25 09:19:50] crowsnest:		2: 60 Hz
[09/26/25 09:19:50] crowsnest:		white_balance_temperature 0x0098091a (int)    : min=2800 max=6500 step=1 default=4600 value=4600 flags=inactive
[09/26/25 09:19:50] crowsnest:		sharpness 0x0098091b (int)    : min=0 max=6 step=1 default=5 value=5
[09/26/25 09:19:50] crowsnest:		backlight_compensation 0x0098091c (int)    : min=0 max=2 step=1 default=1 value=1
[09/26/25 09:19:50] crowsnest:		
[09/26/25 09:19:50] crowsnest:		Camera Controls
[09/26/25 09:19:50] crowsnest:		
[09/26/25 09:19:50] crowsnest:		auto_exposure 0x009a0901 (menu)   : min=0 max=3 default=3 value=3 (Aperture Priority Mode)
[09/26/25 09:19:50] crowsnest:		1: Manual Mode
[09/26/25 09:19:50] crowsnest:		3: Aperture Priority Mode
[09/26/25 09:19:50] crowsnest:		exposure_time_absolute 0x009a0902 (int)    : min=1 max=5000 step=1 default=625 value=625 flags=inactive
[09/26/25 09:19:50] crowsnest:		exposure_dynamic_framerate 0x009a0903 (bool)   : default=0 value=1
[09/26/25 09:19:50] crowsnest: Try to start configured Cams / Services...
[09/26/25 09:19:52] crowsnest: INFO: Configuration of Section [cam 1] looks good. Continue ...
[09/26/25 09:19:53] crowsnest: V4L2 Control: No parameters set for [cam 1]. Skipped.
[09/26/25 09:19:55] crowsnest: Starting ustreamer with Device /dev/video0 ...
[09/26/25 09:19:57] crowsnest:  ... Done!
[09/26/25 10:17:22] crowsnest: crowsnest - A webcam Service for multiple Cams and Stream Services.
[09/26/25 10:17:23] crowsnest: Version: v4.1.16-1-g059fa87
[09/26/25 10:17:23] crowsnest: Prepare Startup ...
[09/26/25 10:17:23] crowsnest: INFO: Host information:
[09/26/25 10:17:23] crowsnest: Host Info: Distribution: Armbian 25.8.1 bookworm
Armbian 25.8.1 bookworm
[09/26/25 10:17:23] crowsnest: Host Info: Kernel: Linux 6.6.66-vendor-sunxi64 aarch64
[09/26/25 10:17:24] crowsnest: Host Info: Available CPU Cores: 4
[09/26/25 10:17:24] crowsnest: Host Info: Available Memory: 940764 kB
[09/26/25 10:17:24] crowsnest: Host Info: Diskspace (avail. / total): 8.9G / 15G
[09/26/25 10:17:24] crowsnest: INFO: Checking Dependencies
[09/26/25 10:25:55] crowsnest: Dependency: 'crudini' found in /usr/bin/crudini.
[09/26/25 10:25:55] crowsnest: Dependency: 'find' found in /usr/bin/find.
[09/26/25 10:25:55] crowsnest: Dependency: 'xargs' found in /usr/bin/xargs.
[09/26/25 10:25:55] crowsnest: Dependency: 'ustreamer' found in bin/ustreamer/src/ustreamer.bin.
[09/26/25 10:25:55] crowsnest: Version Control: ustreamer is up to date. (v6.10)
[09/26/25 10:25:55] crowsnest: INFO: Print Configfile: '/home/biqu/printer_data/config/crowsnest.conf'
[09/26/25 10:25:55] crowsnest:		[crowsnest]
[09/26/25 10:25:55] crowsnest:		log_path: /home/biqu/printer_data/logs/crowsnest.log
[09/26/25 10:25:55] crowsnest:		log_level: verbose
[09/26/25 10:25:55] crowsnest:		delete_log: false
[09/26/25 10:25:55] crowsnest:		no_proxy: false
[09/26/25 10:25:55] crowsnest:		
[09/26/25 10:25:55] crowsnest:		[cam 1]
[09/26/25 10:25:55] crowsnest:		mode: ustreamer
[09/26/25 10:25:55] crowsnest:		
[09/26/25 10:25:55] crowsnest:		enable_rtsp: false
[09/26/25 10:25:55] crowsnest:		rtsp_port: 8554
[09/26/25 10:25:55] crowsnest:		port: 8080
[09/26/25 10:25:55] crowsnest:		device: /dev/video0
[09/26/25 10:25:55] crowsnest:		resolution: 2040x1536
[09/26/25 10:25:55] crowsnest:		max_fps: 15
[09/26/25 10:25:55] crowsnest: INFO: Detect available Devices
[09/26/25 10:25:55] crowsnest: INFO: Found 1 total available Device(s)
[09/26/25 10:25:55] crowsnest: INFO: Found 1 available v4l2 (UVC) camera(s)
[09/26/25 10:25:55] crowsnest: /dev/v4l/by-id/usb-Sonix_Technology_Co.__Ltd._Webcam_Webcam-video-index0 -> /dev/video0
[09/26/25 10:25:56] crowsnest: Supported Formats:
[09/26/25 10:25:56] crowsnest:		[0]: 'MJPG' (Motion-JPEG, compressed)
[09/26/25 10:25:56] crowsnest:		Size: Discrete 1920x1080
[09/26/25 10:25:56] crowsnest:		Interval: Discrete 0.033s (30.000 fps)
[09/26/25 10:25:56] crowsnest:		Size: Discrete 640x480
[09/26/25 10:25:56] crowsnest:		Interval: Discrete 0.033s (30.000 fps)
[09/26/25 10:25:56] crowsnest:		Size: Discrete 1024x768
[09/26/25 10:25:56] crowsnest:		Interval: Discrete 0.033s (30.000 fps)
[09/26/25 10:25:56] crowsnest:		Size: Discrete 1280x720
[09/26/25 10:25:56] crowsnest:		Interval: Discrete 0.033s (30.000 fps)
[09/26/25 10:25:56] crowsnest:		Size: Discrete 1280x1024
[09/26/25 10:25:56] crowsnest:		Interval: Discrete 0.033s (30.000 fps)
[09/26/25 10:25:56] crowsnest:		Size: Discrete 2048x1536
[09/26/25 10:25:56] crowsnest:		Interval: Discrete 0.033s (30.000 fps)
[09/26/25 10:25:56] crowsnest:		Size: Discrete 320x240
[09/26/25 10:25:56] crowsnest:		Interval: Discrete 0.033s (30.000 fps)
[09/26/25 10:25:56] crowsnest:		[1]: 'YUYV' (YUYV 4:2:2)
[09/26/25 10:25:56] crowsnest:		Size: Discrete 640x480
[09/26/25 10:25:56] crowsnest:		Interval: Discrete 0.040s (25.000 fps)
[09/26/25 10:25:56] crowsnest:		Size: Discrete 1024x768
[09/26/25 10:25:56] crowsnest:		Interval: Discrete 0.100s (10.000 fps)
[09/26/25 10:25:56] crowsnest:		Size: Discrete 1280x720
[09/26/25 10:25:56] crowsnest:		Interval: Discrete 0.100s (10.000 fps)
[09/26/25 10:25:56] crowsnest:		Size: Discrete 1280x1024
[09/26/25 10:25:56] crowsnest:		Interval: Discrete 0.200s (5.000 fps)
[09/26/25 10:25:56] crowsnest:		Size: Discrete 1920x1080
[09/26/25 10:25:56] crowsnest:		Interval: Discrete 0.200s (5.000 fps)
[09/26/25 10:25:56] crowsnest:		Size: Discrete 320x240
[09/26/25 10:25:56] crowsnest:		Interval: Discrete 0.033s (30.000 fps)
[09/26/25 10:25:56] crowsnest:		Size: Discrete 2048x1536
[09/26/25 10:25:56] crowsnest:		Interval: Discrete 0.200s (5.000 fps)
[09/26/25 10:25:56] crowsnest: Supported Controls:
[09/26/25 10:25:56] crowsnest:		
[09/26/25 10:25:56] crowsnest:		User Controls
[09/26/25 10:25:56] crowsnest:		
[09/26/25 10:25:56] crowsnest:		brightness 0x00980900 (int)    : min=-64 max=64 step=1 default=0 value=0
[09/26/25 10:25:56] crowsnest:		contrast 0x00980901 (int)    : min=0 max=64 step=1 default=32 value=32
[09/26/25 10:25:56] crowsnest:		saturation 0x00980902 (int)    : min=1 max=128 step=1 default=64 value=64
[09/26/25 10:25:56] crowsnest:		hue 0x00980903 (int)    : min=-40 max=40 step=1 default=0 value=0
[09/26/25 10:25:56] crowsnest:		white_balance_automatic 0x0098090c (bool)   : default=1 value=1
[09/26/25 10:25:56] crowsnest:		gamma 0x00980910 (int)    : min=72 max=500 step=1 default=100 value=100
[09/26/25 10:25:56] crowsnest:		gain 0x00980913 (int)    : min=0 max=100 step=1 default=0 value=0
[09/26/25 10:25:56] crowsnest:		power_line_frequency 0x00980918 (menu)   : min=0 max=2 default=1 value=1 (50 Hz)
[09/26/25 10:25:56] crowsnest:		0: Disabled
[09/26/25 10:25:56] crowsnest:		1: 50 Hz
[09/26/25 10:25:56] crowsnest:		2: 60 Hz
[09/26/25 10:25:56] crowsnest:		white_balance_temperature 0x0098091a (int)    : min=2800 max=6500 step=1 default=4600 value=4600 flags=inactive
[09/26/25 10:25:56] crowsnest:		sharpness 0x0098091b (int)    : min=0 max=6 step=1 default=5 value=5
[09/26/25 10:25:56] crowsnest:		backlight_compensation 0x0098091c (int)    : min=0 max=2 step=1 default=1 value=1
[09/26/25 10:25:56] crowsnest:		
[09/26/25 10:25:56] crowsnest:		Camera Controls
[09/26/25 10:25:56] crowsnest:		
[09/26/25 10:25:56] crowsnest:		auto_exposure 0x009a0901 (menu)   : min=0 max=3 default=3 value=3 (Aperture Priority Mode)
[09/26/25 10:25:56] crowsnest:		1: Manual Mode
[09/26/25 10:25:56] crowsnest:		3: Aperture Priority Mode
[09/26/25 10:25:56] crowsnest:		exposure_time_absolute 0x009a0902 (int)    : min=1 max=5000 step=1 default=625 value=625 flags=inactive
[09/26/25 10:25:56] crowsnest:		exposure_dynamic_framerate 0x009a0903 (bool)   : default=0 value=1
[09/26/25 10:25:56] crowsnest: Try to start configured Cams / Services...
[09/26/25 10:25:59] crowsnest: INFO: Configuration of Section [cam 1] looks good. Continue ...
[09/26/25 10:26:00] crowsnest: V4L2 Control: No parameters set for [cam 1]. Skipped.
[09/26/25 10:26:03] crowsnest: Starting ustreamer with Device /dev/video0 ...
[09/26/25 10:26:04] crowsnest:  ... Done!
[09/29/25 05:06:57] crowsnest: Shutdown or Killed by User!
[09/29/25 05:06:57] crowsnest: Please come again :)
[09/29/25 05:07:20] crowsnest: crowsnest - A webcam Service for multiple Cams and Stream Services.
[09/29/25 05:07:37] crowsnest: Version: v4.1.16-1-g059fa87
[09/29/25 05:07:37] crowsnest: Prepare Startup ...
[09/29/25 05:07:37] crowsnest: INFO: Host information:
[09/29/25 05:07:37] crowsnest: Host Info: Distribution: Armbian 25.8.1 bookworm
Armbian 25.8.1 bookworm
[09/29/25 05:07:37] crowsnest: Host Info: Kernel: Linux 6.6.66-vendor-sunxi64 aarch64
[09/29/25 05:07:37] crowsnest: Host Info: Available CPU Cores: 4
[09/29/25 05:07:37] crowsnest: Host Info: Available Memory: 940764 kB
[09/29/25 05:07:37] crowsnest: Host Info: Diskspace (avail. / total): 8.9G / 15G
[09/29/25 05:07:37] crowsnest: INFO: Checking Dependencies
[09/29/25 05:07:41] crowsnest: Dependency: 'crudini' found in /usr/bin/crudini.
[09/29/25 05:07:41] crowsnest: Dependency: 'find' found in /usr/bin/find.
[09/29/25 05:07:41] crowsnest: Dependency: 'xargs' found in /usr/bin/xargs.
[09/29/25 05:07:41] crowsnest: Dependency: 'ustreamer' found in bin/ustreamer/src/ustreamer.bin.
[09/29/25 05:07:41] crowsnest: Version Control: ustreamer is up to date. (v6.10)
[09/29/25 05:07:41] crowsnest: INFO: Print Configfile: '/home/biqu/printer_data/config/crowsnest.conf'
[09/29/25 05:07:41] crowsnest:		[crowsnest]
[09/29/25 05:07:41] crowsnest:		log_path: /home/biqu/printer_data/logs/crowsnest.log
[09/29/25 05:07:41] crowsnest:		log_level: verbose
[09/29/25 05:07:41] crowsnest:		delete_log: false
[09/29/25 05:07:41] crowsnest:		no_proxy: false
[09/29/25 05:07:41] crowsnest:		
[09/29/25 05:07:41] crowsnest:		[cam 1]
[09/29/25 05:07:41] crowsnest:		mode: ustreamer
[09/29/25 05:07:41] crowsnest:		
[09/29/25 05:07:41] crowsnest:		enable_rtsp: false
[09/29/25 05:07:41] crowsnest:		rtsp_port: 8554
[09/29/25 05:07:41] crowsnest:		port: 8080
[09/29/25 05:07:41] crowsnest:		device: /dev/video0
[09/29/25 05:07:41] crowsnest:		resolution: 2040x1536
[09/29/25 05:07:41] crowsnest:		max_fps: 15
[09/29/25 05:07:41] crowsnest: INFO: Detect available Devices
[09/29/25 05:07:41] crowsnest: INFO: Found 1 total available Device(s)
[09/29/25 05:07:41] crowsnest: INFO: Found 1 available v4l2 (UVC) camera(s)
[09/29/25 05:07:41] crowsnest: /dev/v4l/by-id/usb-Sonix_Technology_Co.__Ltd._Webcam_Webcam-video-index0 -> /dev/video0
[09/29/25 05:07:41] crowsnest: Supported Formats:
[09/29/25 05:07:41] crowsnest:		[0]: 'MJPG' (Motion-JPEG, compressed)
[09/29/25 05:07:41] crowsnest:		Size: Discrete 1920x1080
[09/29/25 05:07:41] crowsnest:		Interval: Discrete 0.033s (30.000 fps)
[09/29/25 05:07:41] crowsnest:		Size: Discrete 640x480
[09/29/25 05:07:41] crowsnest:		Interval: Discrete 0.033s (30.000 fps)
[09/29/25 05:07:41] crowsnest:		Size: Discrete 1024x768
[09/29/25 05:07:41] crowsnest:		Interval: Discrete 0.033s (30.000 fps)
[09/29/25 05:07:41] crowsnest:		Size: Discrete 1280x720
[09/29/25 05:07:41] crowsnest:		Interval: Discrete 0.033s (30.000 fps)
[09/29/25 05:07:41] crowsnest:		Size: Discrete 1280x1024
[09/29/25 05:07:41] crowsnest:		Interval: Discrete 0.033s (30.000 fps)
[09/29/25 05:07:41] crowsnest:		Size: Discrete 2048x1536
[09/29/25 05:07:41] crowsnest:		Interval: Discrete 0.033s (30.000 fps)
[09/29/25 05:07:41] crowsnest:		Size: Discrete 320x240
[09/29/25 05:07:41] crowsnest:		Interval: Discrete 0.033s (30.000 fps)
[09/29/25 05:07:41] crowsnest:		[1]: 'YUYV' (YUYV 4:2:2)
[09/29/25 05:07:41] crowsnest:		Size: Discrete 640x480
[09/29/25 05:07:41] crowsnest:		Interval: Discrete 0.040s (25.000 fps)
[09/29/25 05:07:41] crowsnest:		Size: Discrete 1024x768
[09/29/25 05:07:41] crowsnest:		Interval: Discrete 0.100s (10.000 fps)
[09/29/25 05:07:41] crowsnest:		Size: Discrete 1280x720
[09/29/25 05:07:41] crowsnest:		Interval: Discrete 0.100s (10.000 fps)
[09/29/25 05:07:41] crowsnest:		Size: Discrete 1280x1024
[09/29/25 05:07:41] crowsnest:		Interval: Discrete 0.200s (5.000 fps)
[09/29/25 05:07:41] crowsnest:		Size: Discrete 1920x1080
[09/29/25 05:07:41] crowsnest:		Interval: Discrete 0.200s (5.000 fps)
[09/29/25 05:07:41] crowsnest:		Size: Discrete 320x240
[09/29/25 05:07:41] crowsnest:		Interval: Discrete 0.033s (30.000 fps)
[09/29/25 05:07:41] crowsnest:		Size: Discrete 2048x1536
[09/29/25 05:07:41] crowsnest:		Interval: Discrete 0.200s (5.000 fps)
[09/29/25 05:07:41] crowsnest: Supported Controls:
[09/29/25 05:07:41] crowsnest:		
[09/29/25 05:07:41] crowsnest:		User Controls
[09/29/25 05:07:41] crowsnest:		
[09/29/25 05:07:41] crowsnest:		brightness 0x00980900 (int)    : min=-64 max=64 step=1 default=0 value=0
[09/29/25 05:07:41] crowsnest:		contrast 0x00980901 (int)    : min=0 max=64 step=1 default=32 value=32
[09/29/25 05:07:41] crowsnest:		saturation 0x00980902 (int)    : min=1 max=128 step=1 default=64 value=64
[09/29/25 05:07:41] crowsnest:		hue 0x00980903 (int)    : min=-40 max=40 step=1 default=0 value=0
[09/29/25 05:07:41] crowsnest:		white_balance_automatic 0x0098090c (bool)   : default=1 value=1
[09/29/25 05:07:41] crowsnest:		gamma 0x00980910 (int)    : min=72 max=500 step=1 default=100 value=100
[09/29/25 05:07:41] crowsnest:		gain 0x00980913 (int)    : min=0 max=100 step=1 default=0 value=0
[09/29/25 05:07:41] crowsnest:		power_line_frequency 0x00980918 (menu)   : min=0 max=2 default=1 value=1 (50 Hz)
[09/29/25 05:07:41] crowsnest:		0: Disabled
[09/29/25 05:07:41] crowsnest:		1: 50 Hz
[09/29/25 05:07:41] crowsnest:		2: 60 Hz
[09/29/25 05:07:41] crowsnest:		white_balance_temperature 0x0098091a (int)    : min=2800 max=6500 step=1 default=4600 value=4600 flags=inactive
[09/29/25 05:07:41] crowsnest:		sharpness 0x0098091b (int)    : min=0 max=6 step=1 default=5 value=5
[09/29/25 05:07:41] crowsnest:		backlight_compensation 0x0098091c (int)    : min=0 max=2 step=1 default=1 value=1
[09/29/25 05:07:41] crowsnest:		
[09/29/25 05:07:41] crowsnest:		Camera Controls
[09/29/25 05:07:41] crowsnest:		
[09/29/25 05:07:41] crowsnest:		auto_exposure 0x009a0901 (menu)   : min=0 max=3 default=3 value=3 (Aperture Priority Mode)
[09/29/25 05:07:41] crowsnest:		1: Manual Mode
[09/29/25 05:07:41] crowsnest:		3: Aperture Priority Mode
[09/29/25 05:07:41] crowsnest:		exposure_time_absolute 0x009a0902 (int)    : min=1 max=5000 step=1 default=625 value=625 flags=inactive
[09/29/25 05:07:41] crowsnest:		exposure_dynamic_framerate 0x009a0903 (bool)   : default=0 value=1
[09/29/25 05:07:41] crowsnest: Try to start configured Cams / Services...
[09/29/25 05:07:44] crowsnest: INFO: Configuration of Section [cam 1] looks good. Continue ...
[09/29/25 05:07:45] crowsnest: V4L2 Control: No parameters set for [cam 1]. Skipped.
[09/29/25 05:07:48] crowsnest: Starting ustreamer with Device /dev/video0 ...
[09/29/25 05:07:50] crowsnest:  ... Done!
[09/30/25 05:17:22] crowsnest: crowsnest - A webcam Service for multiple Cams and Stream Services.
[09/30/25 05:25:33] crowsnest: Version: v4.1.16-1-g059fa87
[09/30/25 05:25:33] crowsnest: Prepare Startup ...
[09/30/25 05:25:33] crowsnest: INFO: Host information:
[09/30/25 05:25:33] crowsnest: Host Info: Distribution: Armbian 25.8.1 bookworm
Armbian 25.8.1 bookworm
[09/30/25 05:25:33] crowsnest: Host Info: Kernel: Linux 6.6.66-vendor-sunxi64 aarch64
[09/30/25 05:25:33] crowsnest: Host Info: Available CPU Cores: 4
[09/30/25 05:25:33] crowsnest: Host Info: Available Memory: 940764 kB
[09/30/25 05:25:33] crowsnest: Host Info: Diskspace (avail. / total): 8.9G / 15G
[09/30/25 05:25:33] crowsnest: INFO: Checking Dependencies
[09/30/25 05:25:36] crowsnest: Dependency: 'crudini' found in /usr/bin/crudini.
[09/30/25 05:25:36] crowsnest: Dependency: 'find' found in /usr/bin/find.
[09/30/25 05:25:36] crowsnest: Dependency: 'xargs' found in /usr/bin/xargs.
[09/30/25 05:25:36] crowsnest: Dependency: 'ustreamer' found in bin/ustreamer/src/ustreamer.bin.
[09/30/25 05:25:36] crowsnest: Version Control: ustreamer is up to date. (v6.10)
[09/30/25 05:25:36] crowsnest: INFO: Print Configfile: '/home/biqu/printer_data/config/crowsnest.conf'
[09/30/25 05:25:36] crowsnest:		[crowsnest]
[09/30/25 05:25:36] crowsnest:		log_path: /home/biqu/printer_data/logs/crowsnest.log
[09/30/25 05:25:36] crowsnest:		log_level: verbose
[09/30/25 05:25:36] crowsnest:		delete_log: false
[09/30/25 05:25:36] crowsnest:		no_proxy: false
[09/30/25 05:25:36] crowsnest:		
[09/30/25 05:25:36] crowsnest:		[cam 1]
[09/30/25 05:25:36] crowsnest:		mode: ustreamer
[09/30/25 05:25:36] crowsnest:		
[09/30/25 05:25:36] crowsnest:		enable_rtsp: false
[09/30/25 05:25:36] crowsnest:		rtsp_port: 8554
[09/30/25 05:25:36] crowsnest:		port: 8080
[09/30/25 05:25:36] crowsnest:		device: /dev/video0
[09/30/25 05:25:36] crowsnest:		resolution: 2040x1536
[09/30/25 05:25:36] crowsnest:		max_fps: 15
[09/30/25 05:25:37] crowsnest: INFO: Detect available Devices
[09/30/25 05:25:37] crowsnest: INFO: Found 1 total available Device(s)
[09/30/25 05:25:37] crowsnest: INFO: Found 1 available v4l2 (UVC) camera(s)
[09/30/25 05:25:37] crowsnest: /dev/v4l/by-id/usb-Sonix_Technology_Co.__Ltd._Webcam_Webcam-video-index0 -> /dev/video0
[09/30/25 05:25:37] crowsnest: Supported Formats:
[09/30/25 05:25:37] crowsnest:		[0]: 'MJPG' (Motion-JPEG, compressed)
[09/30/25 05:25:37] crowsnest:		Size: Discrete 1920x1080
[09/30/25 05:25:37] crowsnest:		Interval: Discrete 0.033s (30.000 fps)
[09/30/25 05:25:37] crowsnest:		Size: Discrete 640x480
[09/30/25 05:25:37] crowsnest:		Interval: Discrete 0.033s (30.000 fps)
[09/30/25 05:25:37] crowsnest:		Size: Discrete 1024x768
[09/30/25 05:25:37] crowsnest:		Interval: Discrete 0.033s (30.000 fps)
[09/30/25 05:25:37] crowsnest:		Size: Discrete 1280x720
[09/30/25 05:25:37] crowsnest:		Interval: Discrete 0.033s (30.000 fps)
[09/30/25 05:25:37] crowsnest:		Size: Discrete 1280x1024
[09/30/25 05:25:37] crowsnest:		Interval: Discrete 0.033s (30.000 fps)
[09/30/25 05:25:37] crowsnest:		Size: Discrete 2048x1536
[09/30/25 05:25:37] crowsnest:		Interval: Discrete 0.033s (30.000 fps)
[09/30/25 05:25:37] crowsnest:		Size: Discrete 320x240
[09/30/25 05:25:37] crowsnest:		Interval: Discrete 0.033s (30.000 fps)
[09/30/25 05:25:37] crowsnest:		[1]: 'YUYV' (YUYV 4:2:2)
[09/30/25 05:25:37] crowsnest:		Size: Discrete 640x480
[09/30/25 05:25:37] crowsnest:		Interval: Discrete 0.040s (25.000 fps)
[09/30/25 05:25:37] crowsnest:		Size: Discrete 1024x768
[09/30/25 05:25:37] crowsnest:		Interval: Discrete 0.100s (10.000 fps)
[09/30/25 05:25:37] crowsnest:		Size: Discrete 1280x720
[09/30/25 05:25:37] crowsnest:		Interval: Discrete 0.100s (10.000 fps)
[09/30/25 05:25:37] crowsnest:		Size: Discrete 1280x1024
[09/30/25 05:25:37] crowsnest:		Interval: Discrete 0.200s (5.000 fps)
[09/30/25 05:25:37] crowsnest:		Size: Discrete 1920x1080
[09/30/25 05:25:37] crowsnest:		Interval: Discrete 0.200s (5.000 fps)
[09/30/25 05:25:37] crowsnest:		Size: Discrete 320x240
[09/30/25 05:25:37] crowsnest:		Interval: Discrete 0.033s (30.000 fps)
[09/30/25 05:25:37] crowsnest:		Size: Discrete 2048x1536
[09/30/25 05:25:37] crowsnest:		Interval: Discrete 0.200s (5.000 fps)
[09/30/25 05:25:37] crowsnest: Supported Controls:
[09/30/25 05:25:37] crowsnest:		
[09/30/25 05:25:37] crowsnest:		User Controls
[09/30/25 05:25:37] crowsnest:		
[09/30/25 05:25:37] crowsnest:		brightness 0x00980900 (int)    : min=-64 max=64 step=1 default=0 value=0
[09/30/25 05:25:37] crowsnest:		contrast 0x00980901 (int)    : min=0 max=64 step=1 default=32 value=32
[09/30/25 05:25:37] crowsnest:		saturation 0x00980902 (int)    : min=1 max=128 step=1 default=64 value=64
[09/30/25 05:25:37] crowsnest:		hue 0x00980903 (int)    : min=-40 max=40 step=1 default=0 value=0
[09/30/25 05:25:37] crowsnest:		white_balance_automatic 0x0098090c (bool)   : default=1 value=1
[09/30/25 05:25:37] crowsnest:		gamma 0x00980910 (int)    : min=72 max=500 step=1 default=100 value=100
[09/30/25 05:25:37] crowsnest:		gain 0x00980913 (int)    : min=0 max=100 step=1 default=0 value=0
[09/30/25 05:25:37] crowsnest:		power_line_frequency 0x00980918 (menu)   : min=0 max=2 default=1 value=1 (50 Hz)
[09/30/25 05:25:37] crowsnest:		0: Disabled
[09/30/25 05:25:37] crowsnest:		1: 50 Hz
[09/30/25 05:25:37] crowsnest:		2: 60 Hz
[09/30/25 05:25:37] crowsnest:		white_balance_temperature 0x0098091a (int)    : min=2800 max=6500 step=1 default=4600 value=4600 flags=inactive
[09/30/25 05:25:37] crowsnest:		sharpness 0x0098091b (int)    : min=0 max=6 step=1 default=5 value=5
[09/30/25 05:25:37] crowsnest:		backlight_compensation 0x0098091c (int)    : min=0 max=2 step=1 default=1 value=1
[09/30/25 05:25:37] crowsnest:		
[09/30/25 05:25:37] crowsnest:		Camera Controls
[09/30/25 05:25:37] crowsnest:		
[09/30/25 05:25:37] crowsnest:		auto_exposure 0x009a0901 (menu)   : min=0 max=3 default=3 value=3 (Aperture Priority Mode)
[09/30/25 05:25:37] crowsnest:		1: Manual Mode
[09/30/25 05:25:37] crowsnest:		3: Aperture Priority Mode
[09/30/25 05:25:37] crowsnest:		exposure_time_absolute 0x009a0902 (int)    : min=1 max=5000 step=1 default=625 value=625 flags=inactive
[09/30/25 05:25:37] crowsnest:		exposure_dynamic_framerate 0x009a0903 (bool)   : default=0 value=1
[09/30/25 05:25:37] crowsnest: Try to start configured Cams / Services...
[09/30/25 05:25:40] crowsnest: INFO: Configuration of Section [cam 1] looks good. Continue ...
[09/30/25 05:25:41] crowsnest: V4L2 Control: No parameters set for [cam 1]. Skipped.
[09/30/25 05:25:44] crowsnest: Starting ustreamer with Device /dev/video0 ...
[09/30/25 05:25:45] crowsnest:  ... Done!
[09/30/25 08:17:21] crowsnest: crowsnest - A webcam Service for multiple Cams and Stream Services.
[09/30/25 08:28:56] crowsnest: Version: v4.1.16-1-g059fa87
[09/30/25 08:28:56] crowsnest: Prepare Startup ...
[09/30/25 08:28:56] crowsnest: INFO: Host information:
[09/30/25 08:28:57] crowsnest: Host Info: Distribution: Armbian 25.8.1 bookworm
Armbian 25.8.1 bookworm
[09/30/25 08:28:57] crowsnest: Host Info: Kernel: Linux 6.6.66-vendor-sunxi64 aarch64
[09/30/25 08:28:57] crowsnest: Host Info: Available CPU Cores: 4
[09/30/25 08:28:57] crowsnest: Host Info: Available Memory: 940764 kB
[09/30/25 08:28:57] crowsnest: Host Info: Diskspace (avail. / total): 8.9G / 15G
[09/30/25 08:28:57] crowsnest: INFO: Checking Dependencies
[09/30/25 08:28:59] crowsnest: Dependency: 'crudini' found in /usr/bin/crudini.
[09/30/25 08:28:59] crowsnest: Dependency: 'find' found in /usr/bin/find.
[09/30/25 08:28:59] crowsnest: Dependency: 'xargs' found in /usr/bin/xargs.
[09/30/25 08:28:59] crowsnest: Dependency: 'ustreamer' found in bin/ustreamer/src/ustreamer.bin.
[09/30/25 08:29:00] crowsnest: Version Control: ustreamer is up to date. (v6.10)
[09/30/25 08:29:00] crowsnest: INFO: Print Configfile: '/home/biqu/printer_data/config/crowsnest.conf'
[09/30/25 08:29:00] crowsnest:		[crowsnest]
[09/30/25 08:29:00] crowsnest:		log_path: /home/biqu/printer_data/logs/crowsnest.log
[09/30/25 08:29:00] crowsnest:		log_level: verbose
[09/30/25 08:29:00] crowsnest:		delete_log: false
[09/30/25 08:29:00] crowsnest:		no_proxy: false
[09/30/25 08:29:00] crowsnest:		
[09/30/25 08:29:00] crowsnest:		[cam 1]
[09/30/25 08:29:00] crowsnest:		mode: ustreamer
[09/30/25 08:29:00] crowsnest:		
[09/30/25 08:29:00] crowsnest:		enable_rtsp: false
[09/30/25 08:29:00] crowsnest:		rtsp_port: 8554
[09/30/25 08:29:00] crowsnest:		port: 8080
[09/30/25 08:29:00] crowsnest:		device: /dev/video0
[09/30/25 08:29:00] crowsnest:		resolution: 2040x1536
[09/30/25 08:29:00] crowsnest:		max_fps: 15
[09/30/25 08:29:00] crowsnest: INFO: Detect available Devices
[09/30/25 08:29:00] crowsnest: INFO: Found 1 total available Device(s)
[09/30/25 08:29:00] crowsnest: INFO: Found 1 available v4l2 (UVC) camera(s)
[09/30/25 08:29:00] crowsnest: /dev/v4l/by-id/usb-Sonix_Technology_Co.__Ltd._Webcam_Webcam-video-index0 -> /dev/video0
[09/30/25 08:29:00] crowsnest: Supported Formats:
[09/30/25 08:29:00] crowsnest:		[0]: 'MJPG' (Motion-JPEG, compressed)
[09/30/25 08:29:00] crowsnest:		Size: Discrete 1920x1080
[09/30/25 08:29:00] crowsnest:		Interval: Discrete 0.033s (30.000 fps)
[09/30/25 08:29:00] crowsnest:		Size: Discrete 640x480
[09/30/25 08:29:00] crowsnest:		Interval: Discrete 0.033s (30.000 fps)
[09/30/25 08:29:00] crowsnest:		Size: Discrete 1024x768
[09/30/25 08:29:00] crowsnest:		Interval: Discrete 0.033s (30.000 fps)
[09/30/25 08:29:00] crowsnest:		Size: Discrete 1280x720
[09/30/25 08:29:00] crowsnest:		Interval: Discrete 0.033s (30.000 fps)
[09/30/25 08:29:00] crowsnest:		Size: Discrete 1280x1024
[09/30/25 08:29:00] crowsnest:		Interval: Discrete 0.033s (30.000 fps)
[09/30/25 08:29:00] crowsnest:		Size: Discrete 2048x1536
[09/30/25 08:29:00] crowsnest:		Interval: Discrete 0.033s (30.000 fps)
[09/30/25 08:29:00] crowsnest:		Size: Discrete 320x240
[09/30/25 08:29:00] crowsnest:		Interval: Discrete 0.033s (30.000 fps)
[09/30/25 08:29:00] crowsnest:		[1]: 'YUYV' (YUYV 4:2:2)
[09/30/25 08:29:00] crowsnest:		Size: Discrete 640x480
[09/30/25 08:29:00] crowsnest:		Interval: Discrete 0.040s (25.000 fps)
[09/30/25 08:29:00] crowsnest:		Size: Discrete 1024x768
[09/30/25 08:29:00] crowsnest:		Interval: Discrete 0.100s (10.000 fps)
[09/30/25 08:29:00] crowsnest:		Size: Discrete 1280x720
[09/30/25 08:29:00] crowsnest:		Interval: Discrete 0.100s (10.000 fps)
[09/30/25 08:29:00] crowsnest:		Size: Discrete 1280x1024
[09/30/25 08:29:00] crowsnest:		Interval: Discrete 0.200s (5.000 fps)
[09/30/25 08:29:00] crowsnest:		Size: Discrete 1920x1080
[09/30/25 08:29:00] crowsnest:		Interval: Discrete 0.200s (5.000 fps)
[09/30/25 08:29:00] crowsnest:		Size: Discrete 320x240
[09/30/25 08:29:00] crowsnest:		Interval: Discrete 0.033s (30.000 fps)
[09/30/25 08:29:00] crowsnest:		Size: Discrete 2048x1536
[09/30/25 08:29:00] crowsnest:		Interval: Discrete 0.200s (5.000 fps)
[09/30/25 08:29:00] crowsnest: Supported Controls:
[09/30/25 08:29:00] crowsnest:		
[09/30/25 08:29:00] crowsnest:		User Controls
[09/30/25 08:29:00] crowsnest:		
[09/30/25 08:29:00] crowsnest:		brightness 0x00980900 (int)    : min=-64 max=64 step=1 default=0 value=0
[09/30/25 08:29:00] crowsnest:		contrast 0x00980901 (int)    : min=0 max=64 step=1 default=32 value=32
[09/30/25 08:29:00] crowsnest:		saturation 0x00980902 (int)    : min=1 max=128 step=1 default=64 value=64
[09/30/25 08:29:00] crowsnest:		hue 0x00980903 (int)    : min=-40 max=40 step=1 default=0 value=0
[09/30/25 08:29:00] crowsnest:		white_balance_automatic 0x0098090c (bool)   : default=1 value=1
[09/30/25 08:29:00] crowsnest:		gamma 0x00980910 (int)    : min=72 max=500 step=1 default=100 value=100
[09/30/25 08:29:00] crowsnest:		gain 0x00980913 (int)    : min=0 max=100 step=1 default=0 value=0
[09/30/25 08:29:00] crowsnest:		power_line_frequency 0x00980918 (menu)   : min=0 max=2 default=1 value=1 (50 Hz)
[09/30/25 08:29:00] crowsnest:		0: Disabled
[09/30/25 08:29:00] crowsnest:		1: 50 Hz
[09/30/25 08:29:00] crowsnest:		2: 60 Hz
[09/30/25 08:29:00] crowsnest:		white_balance_temperature 0x0098091a (int)    : min=2800 max=6500 step=1 default=4600 value=4600 flags=inactive
[09/30/25 08:29:00] crowsnest:		sharpness 0x0098091b (int)    : min=0 max=6 step=1 default=5 value=5
[09/30/25 08:29:00] crowsnest:		backlight_compensation 0x0098091c (int)    : min=0 max=2 step=1 default=1 value=1
[09/30/25 08:29:00] crowsnest:		
[09/30/25 08:29:00] crowsnest:		Camera Controls
[09/30/25 08:29:00] crowsnest:		
[09/30/25 08:29:00] crowsnest:		auto_exposure 0x009a0901 (menu)   : min=0 max=3 default=3 value=3 (Aperture Priority Mode)
[09/30/25 08:29:00] crowsnest:		1: Manual Mode
[09/30/25 08:29:00] crowsnest:		3: Aperture Priority Mode
[09/30/25 08:29:00] crowsnest:		exposure_time_absolute 0x009a0902 (int)    : min=1 max=5000 step=1 default=625 value=625 flags=inactive
[09/30/25 08:29:00] crowsnest:		exposure_dynamic_framerate 0x009a0903 (bool)   : default=0 value=1
[09/30/25 08:29:00] crowsnest: Try to start configured Cams / Services...
[09/30/25 08:29:03] crowsnest: INFO: Configuration of Section [cam 1] looks good. Continue ...
[09/30/25 08:29:04] crowsnest: V4L2 Control: No parameters set for [cam 1]. Skipped.
[09/30/25 08:29:07] crowsnest: Starting ustreamer with Device /dev/video0 ...
[09/30/25 08:29:08] crowsnest:  ... Done!
[09/30/25 08:17:21] crowsnest: crowsnest - A webcam Service for multiple Cams and Stream Services.
[09/30/25 08:32:11] crowsnest: Version: v4.1.16-1-g059fa87
[09/30/25 08:32:11] crowsnest: Prepare Startup ...
[09/30/25 08:32:11] crowsnest: INFO: Host information:
[09/30/25 08:32:11] crowsnest: Host Info: Distribution: Armbian 25.8.1 bookworm
Armbian 25.8.1 bookworm
[09/30/25 08:32:11] crowsnest: Host Info: Kernel: Linux 6.6.66-vendor-sunxi64 aarch64
[09/30/25 08:32:12] crowsnest: Host Info: Available CPU Cores: 4
[09/30/25 08:32:12] crowsnest: Host Info: Available Memory: 940764 kB
[09/30/25 08:32:12] crowsnest: Host Info: Diskspace (avail. / total): 8.9G / 15G
[09/30/25 08:32:12] crowsnest: INFO: Checking Dependencies
[09/30/25 08:32:15] crowsnest: Dependency: 'crudini' found in /usr/bin/crudini.
[09/30/25 08:32:15] crowsnest: Dependency: 'find' found in /usr/bin/find.
[09/30/25 08:32:15] crowsnest: Dependency: 'xargs' found in /usr/bin/xargs.
[09/30/25 08:32:15] crowsnest: Dependency: 'ustreamer' found in bin/ustreamer/src/ustreamer.bin.
[09/30/25 08:32:15] crowsnest: Version Control: ustreamer is up to date. (v6.10)
[09/30/25 08:32:15] crowsnest: INFO: Print Configfile: '/home/biqu/printer_data/config/crowsnest.conf'
[09/30/25 08:32:15] crowsnest:		[crowsnest]
[09/30/25 08:32:15] crowsnest:		log_path: /home/biqu/printer_data/logs/crowsnest.log
[09/30/25 08:32:15] crowsnest:		log_level: verbose
[09/30/25 08:32:15] crowsnest:		delete_log: false
[09/30/25 08:32:15] crowsnest:		no_proxy: false
[09/30/25 08:32:15] crowsnest:		
[09/30/25 08:32:15] crowsnest:		[cam 1]
[09/30/25 08:32:15] crowsnest:		mode: ustreamer
[09/30/25 08:32:15] crowsnest:		
[09/30/25 08:32:15] crowsnest:		enable_rtsp: false
[09/30/25 08:32:15] crowsnest:		rtsp_port: 8554
[09/30/25 08:32:15] crowsnest:		port: 8080
[09/30/25 08:32:15] crowsnest:		device: /dev/video0
[09/30/25 08:32:15] crowsnest:		resolution: 2040x1536
[09/30/25 08:32:15] crowsnest:		max_fps: 15
[09/30/25 08:32:15] crowsnest: INFO: Detect available Devices
[09/30/25 08:32:15] crowsnest: INFO: Found 1 total available Device(s)
[09/30/25 08:32:15] crowsnest: INFO: Found 1 available v4l2 (UVC) camera(s)
[09/30/25 08:32:15] crowsnest: /dev/v4l/by-id/usb-Sonix_Technology_Co.__Ltd._Webcam_Webcam-video-index0 -> /dev/video0
[09/30/25 08:32:15] crowsnest: Supported Formats:
[09/30/25 08:32:15] crowsnest:		[0]: 'MJPG' (Motion-JPEG, compressed)
[09/30/25 08:32:15] crowsnest:		Size: Discrete 1920x1080
[09/30/25 08:32:15] crowsnest:		Interval: Discrete 0.033s (30.000 fps)
[09/30/25 08:32:15] crowsnest:		Size: Discrete 640x480
[09/30/25 08:32:15] crowsnest:		Interval: Discrete 0.033s (30.000 fps)
[09/30/25 08:32:15] crowsnest:		Size: Discrete 1024x768
[09/30/25 08:32:15] crowsnest:		Interval: Discrete 0.033s (30.000 fps)
[09/30/25 08:32:15] crowsnest:		Size: Discrete 1280x720
[09/30/25 08:32:15] crowsnest:		Interval: Discrete 0.033s (30.000 fps)
[09/30/25 08:32:15] crowsnest:		Size: Discrete 1280x1024
[09/30/25 08:32:15] crowsnest:		Interval: Discrete 0.033s (30.000 fps)
[09/30/25 08:32:15] crowsnest:		Size: Discrete 2048x1536
[09/30/25 08:32:15] crowsnest:		Interval: Discrete 0.033s (30.000 fps)
[09/30/25 08:32:15] crowsnest:		Size: Discrete 320x240
[09/30/25 08:32:15] crowsnest:		Interval: Discrete 0.033s (30.000 fps)
[09/30/25 08:32:15] crowsnest:		[1]: 'YUYV' (YUYV 4:2:2)
[09/30/25 08:32:15] crowsnest:		Size: Discrete 640x480
[09/30/25 08:32:15] crowsnest:		Interval: Discrete 0.040s (25.000 fps)
[09/30/25 08:32:15] crowsnest:		Size: Discrete 1024x768
[09/30/25 08:32:15] crowsnest:		Interval: Discrete 0.100s (10.000 fps)
[09/30/25 08:32:15] crowsnest:		Size: Discrete 1280x720
[09/30/25 08:32:15] crowsnest:		Interval: Discrete 0.100s (10.000 fps)
[09/30/25 08:32:15] crowsnest:		Size: Discrete 1280x1024
[09/30/25 08:32:15] crowsnest:		Interval: Discrete 0.200s (5.000 fps)
[09/30/25 08:32:15] crowsnest:		Size: Discrete 1920x1080
[09/30/25 08:32:15] crowsnest:		Interval: Discrete 0.200s (5.000 fps)
[09/30/25 08:32:15] crowsnest:		Size: Discrete 320x240
[09/30/25 08:32:15] crowsnest:		Interval: Discrete 0.033s (30.000 fps)
[09/30/25 08:32:15] crowsnest:		Size: Discrete 2048x1536
[09/30/25 08:32:15] crowsnest:		Interval: Discrete 0.200s (5.000 fps)
[09/30/25 08:32:16] crowsnest: Supported Controls:
[09/30/25 08:32:16] crowsnest:		
[09/30/25 08:32:16] crowsnest:		User Controls
[09/30/25 08:32:16] crowsnest:		
[09/30/25 08:32:16] crowsnest:		brightness 0x00980900 (int)    : min=-64 max=64 step=1 default=0 value=0
[09/30/25 08:32:16] crowsnest:		contrast 0x00980901 (int)    : min=0 max=64 step=1 default=32 value=32
[09/30/25 08:32:16] crowsnest:		saturation 0x00980902 (int)    : min=1 max=128 step=1 default=64 value=64
[09/30/25 08:32:16] crowsnest:		hue 0x00980903 (int)    : min=-40 max=40 step=1 default=0 value=0
[09/30/25 08:32:16] crowsnest:		white_balance_automatic 0x0098090c (bool)   : default=1 value=1
[09/30/25 08:32:16] crowsnest:		gamma 0x00980910 (int)    : min=72 max=500 step=1 default=100 value=100
[09/30/25 08:32:16] crowsnest:		gain 0x00980913 (int)    : min=0 max=100 step=1 default=0 value=0
[09/30/25 08:32:16] crowsnest:		power_line_frequency 0x00980918 (menu)   : min=0 max=2 default=1 value=1 (50 Hz)
[09/30/25 08:32:16] crowsnest:		0: Disabled
[09/30/25 08:32:16] crowsnest:		1: 50 Hz
[09/30/25 08:32:16] crowsnest:		2: 60 Hz
[09/30/25 08:32:16] crowsnest:		white_balance_temperature 0x0098091a (int)    : min=2800 max=6500 step=1 default=4600 value=4600 flags=inactive
[09/30/25 08:32:16] crowsnest:		sharpness 0x0098091b (int)    : min=0 max=6 step=1 default=5 value=5
[09/30/25 08:32:16] crowsnest:		backlight_compensation 0x0098091c (int)    : min=0 max=2 step=1 default=1 value=1
[09/30/25 08:32:16] crowsnest:		
[09/30/25 08:32:16] crowsnest:		Camera Controls
[09/30/25 08:32:16] crowsnest:		
[09/30/25 08:32:16] crowsnest:		auto_exposure 0x009a0901 (menu)   : min=0 max=3 default=3 value=3 (Aperture Priority Mode)
[09/30/25 08:32:16] crowsnest:		1: Manual Mode
[09/30/25 08:32:16] crowsnest:		3: Aperture Priority Mode
[09/30/25 08:32:16] crowsnest:		exposure_time_absolute 0x009a0902 (int)    : min=1 max=5000 step=1 default=625 value=625 flags=inactive
[09/30/25 08:32:16] crowsnest:		exposure_dynamic_framerate 0x009a0903 (bool)   : default=0 value=1
[09/30/25 08:32:16] crowsnest: Try to start configured Cams / Services...
[09/30/25 08:32:19] crowsnest: INFO: Configuration of Section [cam 1] looks good. Continue ...
[09/30/25 08:32:20] crowsnest: V4L2 Control: No parameters set for [cam 1]. Skipped.
[09/30/25 08:32:23] crowsnest: Starting ustreamer with Device /dev/video0 ...
[09/30/25 08:32:24] crowsnest:  ... Done!
[09/30/25 08:17:20] crowsnest: crowsnest - A webcam Service for multiple Cams and Stream Services.
[09/30/25 08:36:28] crowsnest: Version: v4.1.16-1-g059fa87
[09/30/25 08:36:28] crowsnest: Prepare Startup ...
[09/30/25 08:36:29] crowsnest: INFO: Host information:
[09/30/25 08:36:29] crowsnest: Host Info: Distribution: Armbian 25.8.1 bookworm
Armbian 25.8.1 bookworm
[09/30/25 08:36:29] crowsnest: Host Info: Kernel: Linux 6.6.66-vendor-sunxi64 aarch64
[09/30/25 08:36:29] crowsnest: Host Info: Available CPU Cores: 4
[09/30/25 08:36:29] crowsnest: Host Info: Available Memory: 940764 kB
[09/30/25 08:36:29] crowsnest: Host Info: Diskspace (avail. / total): 8.9G / 15G
[09/30/25 08:36:29] crowsnest: INFO: Checking Dependencies
[09/30/25 08:36:32] crowsnest: Dependency: 'crudini' found in /usr/bin/crudini.
[09/30/25 08:36:32] crowsnest: Dependency: 'find' found in /usr/bin/find.
[09/30/25 08:36:32] crowsnest: Dependency: 'xargs' found in /usr/bin/xargs.
[09/30/25 08:36:32] crowsnest: Dependency: 'ustreamer' found in bin/ustreamer/src/ustreamer.bin.
[09/30/25 08:36:32] crowsnest: Version Control: ustreamer is up to date. (v6.10)
[09/30/25 08:36:32] crowsnest: INFO: Print Configfile: '/home/biqu/printer_data/config/crowsnest.conf'
[09/30/25 08:36:32] crowsnest:		[crowsnest]
[09/30/25 08:36:32] crowsnest:		log_path: /home/biqu/printer_data/logs/crowsnest.log
[09/30/25 08:36:32] crowsnest:		log_level: verbose
[09/30/25 08:36:32] crowsnest:		delete_log: false
[09/30/25 08:36:32] crowsnest:		no_proxy: false
[09/30/25 08:36:32] crowsnest:		
[09/30/25 08:36:32] crowsnest:		[cam 1]
[09/30/25 08:36:32] crowsnest:		mode: ustreamer
[09/30/25 08:36:32] crowsnest:		
[09/30/25 08:36:32] crowsnest:		enable_rtsp: false
[09/30/25 08:36:32] crowsnest:		rtsp_port: 8554
[09/30/25 08:36:32] crowsnest:		port: 8080
[09/30/25 08:36:32] crowsnest:		device: /dev/video0
[09/30/25 08:36:32] crowsnest:		resolution: 2040x1536
[09/30/25 08:36:32] crowsnest:		max_fps: 15
[09/30/25 08:36:32] crowsnest: INFO: Detect available Devices
[09/30/25 08:36:32] crowsnest: INFO: Found 1 total available Device(s)
[09/30/25 08:36:32] crowsnest: INFO: Found 1 available v4l2 (UVC) camera(s)
[09/30/25 08:36:32] crowsnest: /dev/v4l/by-id/usb-Sonix_Technology_Co.__Ltd._Webcam_Webcam-video-index0 -> /dev/video0
[09/30/25 08:36:32] crowsnest: Supported Formats:
[09/30/25 08:36:32] crowsnest:		[0]: 'MJPG' (Motion-JPEG, compressed)
[09/30/25 08:36:32] crowsnest:		Size: Discrete 1920x1080
[09/30/25 08:36:32] crowsnest:		Interval: Discrete 0.033s (30.000 fps)
[09/30/25 08:36:32] crowsnest:		Size: Discrete 640x480
[09/30/25 08:36:32] crowsnest:		Interval: Discrete 0.033s (30.000 fps)
[09/30/25 08:36:32] crowsnest:		Size: Discrete 1024x768
[09/30/25 08:36:32] crowsnest:		Interval: Discrete 0.033s (30.000 fps)
[09/30/25 08:36:32] crowsnest:		Size: Discrete 1280x720
[09/30/25 08:36:32] crowsnest:		Interval: Discrete 0.033s (30.000 fps)
[09/30/25 08:36:32] crowsnest:		Size: Discrete 1280x1024
[09/30/25 08:36:32] crowsnest:		Interval: Discrete 0.033s (30.000 fps)
[09/30/25 08:36:32] crowsnest:		Size: Discrete 2048x1536
[09/30/25 08:36:32] crowsnest:		Interval: Discrete 0.033s (30.000 fps)
[09/30/25 08:36:32] crowsnest:		Size: Discrete 320x240
[09/30/25 08:36:32] crowsnest:		Interval: Discrete 0.033s (30.000 fps)
[09/30/25 08:36:32] crowsnest:		[1]: 'YUYV' (YUYV 4:2:2)
[09/30/25 08:36:32] crowsnest:		Size: Discrete 640x480
[09/30/25 08:36:32] crowsnest:		Interval: Discrete 0.040s (25.000 fps)
[09/30/25 08:36:32] crowsnest:		Size: Discrete 1024x768
[09/30/25 08:36:32] crowsnest:		Interval: Discrete 0.100s (10.000 fps)
[09/30/25 08:36:32] crowsnest:		Size: Discrete 1280x720
[09/30/25 08:36:32] crowsnest:		Interval: Discrete 0.100s (10.000 fps)
[09/30/25 08:36:32] crowsnest:		Size: Discrete 1280x1024
[09/30/25 08:36:32] crowsnest:		Interval: Discrete 0.200s (5.000 fps)
[09/30/25 08:36:32] crowsnest:		Size: Discrete 1920x1080
[09/30/25 08:36:32] crowsnest:		Interval: Discrete 0.200s (5.000 fps)
[09/30/25 08:36:32] crowsnest:		Size: Discrete 320x240
[09/30/25 08:36:32] crowsnest:		Interval: Discrete 0.033s (30.000 fps)
[09/30/25 08:36:32] crowsnest:		Size: Discrete 2048x1536
[09/30/25 08:36:32] crowsnest:		Interval: Discrete 0.200s (5.000 fps)
[09/30/25 08:36:32] crowsnest: Supported Controls:
[09/30/25 08:36:32] crowsnest:		
[09/30/25 08:36:32] crowsnest:		User Controls
[09/30/25 08:36:32] crowsnest:		
[09/30/25 08:36:32] crowsnest:		brightness 0x00980900 (int)    : min=-64 max=64 step=1 default=0 value=0
[09/30/25 08:36:32] crowsnest:		contrast 0x00980901 (int)    : min=0 max=64 step=1 default=32 value=32
[09/30/25 08:36:32] crowsnest:		saturation 0x00980902 (int)    : min=1 max=128 step=1 default=64 value=64
[09/30/25 08:36:32] crowsnest:		hue 0x00980903 (int)    : min=-40 max=40 step=1 default=0 value=0
[09/30/25 08:36:32] crowsnest:		white_balance_automatic 0x0098090c (bool)   : default=1 value=1
[09/30/25 08:36:32] crowsnest:		gamma 0x00980910 (int)    : min=72 max=500 step=1 default=100 value=100
[09/30/25 08:36:32] crowsnest:		gain 0x00980913 (int)    : min=0 max=100 step=1 default=0 value=0
[09/30/25 08:36:32] crowsnest:		power_line_frequency 0x00980918 (menu)   : min=0 max=2 default=1 value=1 (50 Hz)
[09/30/25 08:36:32] crowsnest:		0: Disabled
[09/30/25 08:36:32] crowsnest:		1: 50 Hz
[09/30/25 08:36:32] crowsnest:		2: 60 Hz
[09/30/25 08:36:32] crowsnest:		white_balance_temperature 0x0098091a (int)    : min=2800 max=6500 step=1 default=4600 value=4600 flags=inactive
[09/30/25 08:36:32] crowsnest:		sharpness 0x0098091b (int)    : min=0 max=6 step=1 default=5 value=5
[09/30/25 08:36:32] crowsnest:		backlight_compensation 0x0098091c (int)    : min=0 max=2 step=1 default=1 value=1
[09/30/25 08:36:32] crowsnest:		
[09/30/25 08:36:32] crowsnest:		Camera Controls
[09/30/25 08:36:32] crowsnest:		
[09/30/25 08:36:32] crowsnest:		auto_exposure 0x009a0901 (menu)   : min=0 max=3 default=3 value=3 (Aperture Priority Mode)
[09/30/25 08:36:32] crowsnest:		1: Manual Mode
[09/30/25 08:36:32] crowsnest:		3: Aperture Priority Mode
[09/30/25 08:36:32] crowsnest:		exposure_time_absolute 0x009a0902 (int)    : min=1 max=5000 step=1 default=625 value=625 flags=inactive
[09/30/25 08:36:32] crowsnest:		exposure_dynamic_framerate 0x009a0903 (bool)   : default=0 value=1
[09/30/25 08:36:32] crowsnest: Try to start configured Cams / Services...
[09/30/25 08:36:35] crowsnest: INFO: Configuration of Section [cam 1] looks good. Continue ...
[09/30/25 08:36:36] crowsnest: V4L2 Control: No parameters set for [cam 1]. Skipped.
[09/30/25 08:36:39] crowsnest: Starting ustreamer with Device /dev/video0 ...
[09/30/25 08:36:41] crowsnest:  ... Done!
[09/30/25 12:17:22] crowsnest: crowsnest - A webcam Service for multiple Cams and Stream Services.
[09/30/25 13:03:47] crowsnest: Version: v4.1.16-1-g059fa87
[09/30/25 13:03:48] crowsnest: Prepare Startup ...
[09/30/25 13:03:48] crowsnest: INFO: Host information:
[09/30/25 13:03:48] crowsnest: Host Info: Distribution: Armbian 25.8.1 bookworm
Armbian 25.8.1 bookworm
[09/30/25 13:03:48] crowsnest: Host Info: Kernel: Linux 6.6.66-vendor-sunxi64 aarch64
[09/30/25 13:03:48] crowsnest: Host Info: Available CPU Cores: 4
[09/30/25 13:03:48] crowsnest: Host Info: Available Memory: 940764 kB
[09/30/25 13:03:48] crowsnest: Host Info: Diskspace (avail. / total): 8.8G / 15G
[09/30/25 13:03:48] crowsnest: INFO: Checking Dependencies
[09/30/25 13:03:50] crowsnest: Dependency: 'crudini' found in /usr/bin/crudini.
[09/30/25 13:03:50] crowsnest: Dependency: 'find' found in /usr/bin/find.
[09/30/25 13:03:50] crowsnest: Dependency: 'xargs' found in /usr/bin/xargs.
[09/30/25 13:03:50] crowsnest: Dependency: 'ustreamer' found in bin/ustreamer/src/ustreamer.bin.
[09/30/25 13:03:51] crowsnest: Version Control: ustreamer is up to date. (v6.10)
[09/30/25 13:03:51] crowsnest: INFO: Print Configfile: '/home/biqu/printer_data/config/crowsnest.conf'
[09/30/25 13:03:51] crowsnest:		[crowsnest]
[09/30/25 13:03:51] crowsnest:		log_path: /home/biqu/printer_data/logs/crowsnest.log
[09/30/25 13:03:51] crowsnest:		log_level: verbose
[09/30/25 13:03:51] crowsnest:		delete_log: false
[09/30/25 13:03:51] crowsnest:		no_proxy: false
[09/30/25 13:03:51] crowsnest:		
[09/30/25 13:03:51] crowsnest:		[cam 1]
[09/30/25 13:03:51] crowsnest:		mode: ustreamer
[09/30/25 13:03:51] crowsnest:		
[09/30/25 13:03:51] crowsnest:		enable_rtsp: false
[09/30/25 13:03:51] crowsnest:		rtsp_port: 8554
[09/30/25 13:03:51] crowsnest:		port: 8080
[09/30/25 13:03:51] crowsnest:		device: /dev/video0
[09/30/25 13:03:51] crowsnest:		resolution: 2040x1536
[09/30/25 13:03:51] crowsnest:		max_fps: 15
[09/30/25 13:03:51] crowsnest: INFO: Detect available Devices
[09/30/25 13:03:51] crowsnest: INFO: Found 1 total available Device(s)
[09/30/25 13:03:51] crowsnest: INFO: Found 1 available v4l2 (UVC) camera(s)
[09/30/25 13:03:51] crowsnest: /dev/v4l/by-id/usb-Sonix_Technology_Co.__Ltd._Webcam_Webcam-video-index0 -> /dev/video0
[09/30/25 13:03:51] crowsnest: Supported Formats:
[09/30/25 13:03:51] crowsnest:		[0]: 'MJPG' (Motion-JPEG, compressed)
[09/30/25 13:03:51] crowsnest:		Size: Discrete 1920x1080
[09/30/25 13:03:51] crowsnest:		Interval: Discrete 0.033s (30.000 fps)
[09/30/25 13:03:51] crowsnest:		Size: Discrete 640x480
[09/30/25 13:03:51] crowsnest:		Interval: Discrete 0.033s (30.000 fps)
[09/30/25 13:03:51] crowsnest:		Size: Discrete 1024x768
[09/30/25 13:03:51] crowsnest:		Interval: Discrete 0.033s (30.000 fps)
[09/30/25 13:03:51] crowsnest:		Size: Discrete 1280x720
[09/30/25 13:03:51] crowsnest:		Interval: Discrete 0.033s (30.000 fps)
[09/30/25 13:03:51] crowsnest:		Size: Discrete 1280x1024
[09/30/25 13:03:51] crowsnest:		Interval: Discrete 0.033s (30.000 fps)
[09/30/25 13:03:51] crowsnest:		Size: Discrete 2048x1536
[09/30/25 13:03:51] crowsnest:		Interval: Discrete 0.033s (30.000 fps)
[09/30/25 13:03:51] crowsnest:		Size: Discrete 320x240
[09/30/25 13:03:51] crowsnest:		Interval: Discrete 0.033s (30.000 fps)
[09/30/25 13:03:51] crowsnest:		[1]: 'YUYV' (YUYV 4:2:2)
[09/30/25 13:03:51] crowsnest:		Size: Discrete 640x480
[09/30/25 13:03:51] crowsnest:		Interval: Discrete 0.040s (25.000 fps)
[09/30/25 13:03:51] crowsnest:		Size: Discrete 1024x768
[09/30/25 13:03:51] crowsnest:		Interval: Discrete 0.100s (10.000 fps)
[09/30/25 13:03:51] crowsnest:		Size: Discrete 1280x720
[09/30/25 13:03:51] crowsnest:		Interval: Discrete 0.100s (10.000 fps)
[09/30/25 13:03:51] crowsnest:		Size: Discrete 1280x1024
[09/30/25 13:03:51] crowsnest:		Interval: Discrete 0.200s (5.000 fps)
[09/30/25 13:03:51] crowsnest:		Size: Discrete 1920x1080
[09/30/25 13:03:51] crowsnest:		Interval: Discrete 0.200s (5.000 fps)
[09/30/25 13:03:51] crowsnest:		Size: Discrete 320x240
[09/30/25 13:03:51] crowsnest:		Interval: Discrete 0.033s (30.000 fps)
[09/30/25 13:03:51] crowsnest:		Size: Discrete 2048x1536
[09/30/25 13:03:51] crowsnest:		Interval: Discrete 0.200s (5.000 fps)
[09/30/25 13:03:51] crowsnest: Supported Controls:
[09/30/25 13:03:51] crowsnest:		
[09/30/25 13:03:51] crowsnest:		User Controls
[09/30/25 13:03:51] crowsnest:		
[09/30/25 13:03:51] crowsnest:		brightness 0x00980900 (int)    : min=-64 max=64 step=1 default=0 value=0
[09/30/25 13:03:51] crowsnest:		contrast 0x00980901 (int)    : min=0 max=64 step=1 default=32 value=32
[09/30/25 13:03:51] crowsnest:		saturation 0x00980902 (int)    : min=1 max=128 step=1 default=64 value=64
[09/30/25 13:03:51] crowsnest:		hue 0x00980903 (int)    : min=-40 max=40 step=1 default=0 value=0
[09/30/25 13:03:51] crowsnest:		white_balance_automatic 0x0098090c (bool)   : default=1 value=1
[09/30/25 13:03:51] crowsnest:		gamma 0x00980910 (int)    : min=72 max=500 step=1 default=100 value=100
[09/30/25 13:03:51] crowsnest:		gain 0x00980913 (int)    : min=0 max=100 step=1 default=0 value=0
[09/30/25 13:03:51] crowsnest:		power_line_frequency 0x00980918 (menu)   : min=0 max=2 default=1 value=1 (50 Hz)
[09/30/25 13:03:51] crowsnest:		0: Disabled
[09/30/25 13:03:51] crowsnest:		1: 50 Hz
[09/30/25 13:03:51] crowsnest:		2: 60 Hz
[09/30/25 13:03:51] crowsnest:		white_balance_temperature 0x0098091a (int)    : min=2800 max=6500 step=1 default=4600 value=4600 flags=inactive
[09/30/25 13:03:51] crowsnest:		sharpness 0x0098091b (int)    : min=0 max=6 step=1 default=5 value=5
[09/30/25 13:03:51] crowsnest:		backlight_compensation 0x0098091c (int)    : min=0 max=2 step=1 default=1 value=1
[09/30/25 13:03:51] crowsnest:		
[09/30/25 13:03:51] crowsnest:		Camera Controls
[09/30/25 13:03:51] crowsnest:		
[09/30/25 13:03:51] crowsnest:		auto_exposure 0x009a0901 (menu)   : min=0 max=3 default=3 value=3 (Aperture Priority Mode)
[09/30/25 13:03:51] crowsnest:		1: Manual Mode
[09/30/25 13:03:51] crowsnest:		3: Aperture Priority Mode
[09/30/25 13:03:51] crowsnest:		exposure_time_absolute 0x009a0902 (int)    : min=1 max=5000 step=1 default=625 value=625 flags=inactive
[09/30/25 13:03:51] crowsnest:		exposure_dynamic_framerate 0x009a0903 (bool)   : default=0 value=1
[09/30/25 13:03:51] crowsnest: Try to start configured Cams / Services...
[09/30/25 13:03:54] crowsnest: INFO: Configuration of Section [cam 1] looks good. Continue ...
[09/30/25 13:03:55] crowsnest: V4L2 Control: No parameters set for [cam 1]. Skipped.
[09/30/25 13:03:58] crowsnest: Starting ustreamer with Device /dev/video0 ...
[09/30/25 13:04:00] crowsnest:  ... Done!
[09/30/25 13:17:21] crowsnest: crowsnest - A webcam Service for multiple Cams and Stream Services.
[09/30/25 13:17:23] crowsnest: Version: v4.1.16-1-g059fa87
[09/30/25 13:17:23] crowsnest: Prepare Startup ...
[09/30/25 13:17:23] crowsnest: INFO: Host information:
[09/30/25 13:17:23] crowsnest: Host Info: Distribution: Armbian 25.8.1 bookworm
Armbian 25.8.1 bookworm
[09/30/25 13:17:23] crowsnest: Host Info: Kernel: Linux 6.6.66-vendor-sunxi64 aarch64
[09/30/25 13:17:23] crowsnest: Host Info: Available CPU Cores: 4
[09/30/25 13:17:23] crowsnest: Host Info: Available Memory: 940764 kB
[09/30/25 13:17:23] crowsnest: Host Info: Diskspace (avail. / total): 8.8G / 15G
[09/30/25 13:17:23] crowsnest: INFO: Checking Dependencies
[09/30/25 13:18:02] crowsnest: Dependency: 'crudini' found in /usr/bin/crudini.
[09/30/25 13:18:02] crowsnest: Dependency: 'find' found in /usr/bin/find.
[09/30/25 13:18:02] crowsnest: Dependency: 'xargs' found in /usr/bin/xargs.
[09/30/25 13:18:02] crowsnest: Dependency: 'ustreamer' found in bin/ustreamer/src/ustreamer.bin.
[09/30/25 13:18:03] crowsnest: Version Control: ustreamer is up to date. (v6.10)
[09/30/25 13:18:03] crowsnest: INFO: Print Configfile: '/home/biqu/printer_data/config/crowsnest.conf'
[09/30/25 13:18:03] crowsnest:		[crowsnest]
[09/30/25 13:18:03] crowsnest:		log_path: /home/biqu/printer_data/logs/crowsnest.log
[09/30/25 13:18:03] crowsnest:		log_level: verbose
[09/30/25 13:18:03] crowsnest:		delete_log: false
[09/30/25 13:18:03] crowsnest:		no_proxy: false
[09/30/25 13:18:03] crowsnest:		
[09/30/25 13:18:03] crowsnest:		[cam 1]
[09/30/25 13:18:03] crowsnest:		mode: ustreamer
[09/30/25 13:18:03] crowsnest:		
[09/30/25 13:18:03] crowsnest:		enable_rtsp: false
[09/30/25 13:18:03] crowsnest:		rtsp_port: 8554
[09/30/25 13:18:03] crowsnest:		port: 8080
[09/30/25 13:18:03] crowsnest:		device: /dev/video0
[09/30/25 13:18:03] crowsnest:		resolution: 2040x1536
[09/30/25 13:18:03] crowsnest:		max_fps: 15
[09/30/25 13:18:03] crowsnest: INFO: Detect available Devices
[09/30/25 13:18:03] crowsnest: INFO: Found 1 total available Device(s)
[09/30/25 13:18:03] crowsnest: INFO: Found 1 available v4l2 (UVC) camera(s)
[09/30/25 13:18:03] crowsnest: /dev/v4l/by-id/usb-Sonix_Technology_Co.__Ltd._Webcam_Webcam-video-index0 -> /dev/video0
[09/30/25 13:18:03] crowsnest: Supported Formats:
[09/30/25 13:18:03] crowsnest:		[0]: 'MJPG' (Motion-JPEG, compressed)
[09/30/25 13:18:03] crowsnest:		Size: Discrete 1920x1080
[09/30/25 13:18:03] crowsnest:		Interval: Discrete 0.033s (30.000 fps)
[09/30/25 13:18:03] crowsnest:		Size: Discrete 640x480
[09/30/25 13:18:03] crowsnest:		Interval: Discrete 0.033s (30.000 fps)
[09/30/25 13:18:03] crowsnest:		Size: Discrete 1024x768
[09/30/25 13:18:03] crowsnest:		Interval: Discrete 0.033s (30.000 fps)
[09/30/25 13:18:03] crowsnest:		Size: Discrete 1280x720
[09/30/25 13:18:03] crowsnest:		Interval: Discrete 0.033s (30.000 fps)
[09/30/25 13:18:03] crowsnest:		Size: Discrete 1280x1024
[09/30/25 13:18:03] crowsnest:		Interval: Discrete 0.033s (30.000 fps)
[09/30/25 13:18:03] crowsnest:		Size: Discrete 2048x1536
[09/30/25 13:18:03] crowsnest:		Interval: Discrete 0.033s (30.000 fps)
[09/30/25 13:18:03] crowsnest:		Size: Discrete 320x240
[09/30/25 13:18:03] crowsnest:		Interval: Discrete 0.033s (30.000 fps)
[09/30/25 13:18:03] crowsnest:		[1]: 'YUYV' (YUYV 4:2:2)
[09/30/25 13:18:03] crowsnest:		Size: Discrete 640x480
[09/30/25 13:18:03] crowsnest:		Interval: Discrete 0.040s (25.000 fps)
[09/30/25 13:18:03] crowsnest:		Size: Discrete 1024x768
[09/30/25 13:18:03] crowsnest:		Interval: Discrete 0.100s (10.000 fps)
[09/30/25 13:18:03] crowsnest:		Size: Discrete 1280x720
[09/30/25 13:18:03] crowsnest:		Interval: Discrete 0.100s (10.000 fps)
[09/30/25 13:18:03] crowsnest:		Size: Discrete 1280x1024
[09/30/25 13:18:03] crowsnest:		Interval: Discrete 0.200s (5.000 fps)
[09/30/25 13:18:03] crowsnest:		Size: Discrete 1920x1080
[09/30/25 13:18:03] crowsnest:		Interval: Discrete 0.200s (5.000 fps)
[09/30/25 13:18:03] crowsnest:		Size: Discrete 320x240
[09/30/25 13:18:03] crowsnest:		Interval: Discrete 0.033s (30.000 fps)
[09/30/25 13:18:03] crowsnest:		Size: Discrete 2048x1536
[09/30/25 13:18:03] crowsnest:		Interval: Discrete 0.200s (5.000 fps)
[09/30/25 13:18:03] crowsnest: Supported Controls:
[09/30/25 13:18:03] crowsnest:		
[09/30/25 13:18:03] crowsnest:		User Controls
[09/30/25 13:18:03] crowsnest:		
[09/30/25 13:18:03] crowsnest:		brightness 0x00980900 (int)    : min=-64 max=64 step=1 default=0 value=0
[09/30/25 13:18:03] crowsnest:		contrast 0x00980901 (int)    : min=0 max=64 step=1 default=32 value=32
[09/30/25 13:18:03] crowsnest:		saturation 0x00980902 (int)    : min=1 max=128 step=1 default=64 value=64
[09/30/25 13:18:03] crowsnest:		hue 0x00980903 (int)    : min=-40 max=40 step=1 default=0 value=0
[09/30/25 13:18:03] crowsnest:		white_balance_automatic 0x0098090c (bool)   : default=1 value=1
[09/30/25 13:18:03] crowsnest:		gamma 0x00980910 (int)    : min=72 max=500 step=1 default=100 value=100
[09/30/25 13:18:03] crowsnest:		gain 0x00980913 (int)    : min=0 max=100 step=1 default=0 value=0
[09/30/25 13:18:03] crowsnest:		power_line_frequency 0x00980918 (menu)   : min=0 max=2 default=1 value=1 (50 Hz)
[09/30/25 13:18:03] crowsnest:		0: Disabled
[09/30/25 13:18:03] crowsnest:		1: 50 Hz
[09/30/25 13:18:03] crowsnest:		2: 60 Hz
[09/30/25 13:18:03] crowsnest:		white_balance_temperature 0x0098091a (int)    : min=2800 max=6500 step=1 default=4600 value=4600 flags=inactive
[09/30/25 13:18:03] crowsnest:		sharpness 0x0098091b (int)    : min=0 max=6 step=1 default=5 value=5
[09/30/25 13:18:03] crowsnest:		backlight_compensation 0x0098091c (int)    : min=0 max=2 step=1 default=1 value=1
[09/30/25 13:18:03] crowsnest:		
[09/30/25 13:18:03] crowsnest:		Camera Controls
[09/30/25 13:18:03] crowsnest:		
[09/30/25 13:18:03] crowsnest:		auto_exposure 0x009a0901 (menu)   : min=0 max=3 default=3 value=3 (Aperture Priority Mode)
[09/30/25 13:18:03] crowsnest:		1: Manual Mode
[09/30/25 13:18:03] crowsnest:		3: Aperture Priority Mode
[09/30/25 13:18:03] crowsnest:		exposure_time_absolute 0x009a0902 (int)    : min=1 max=5000 step=1 default=625 value=625 flags=inactive
[09/30/25 13:18:03] crowsnest:		exposure_dynamic_framerate 0x009a0903 (bool)   : default=0 value=1
[09/30/25 13:18:03] crowsnest: Try to start configured Cams / Services...
[09/30/25 13:18:06] crowsnest: INFO: Configuration of Section [cam 1] looks good. Continue ...
[09/30/25 13:18:07] crowsnest: V4L2 Control: No parameters set for [cam 1]. Skipped.
[09/30/25 13:18:10] crowsnest: Starting ustreamer with Device /dev/video0 ...
[09/30/25 13:18:12] crowsnest:  ... Done!
[10/01/25 05:39:55] crowsnest: Shutdown or Killed by User!
[10/01/25 05:39:55] crowsnest: Please come again :)
[10/01/25 05:39:55] crowsnest: Goodbye...
[10/01/25 05:40:15] crowsnest: crowsnest - A webcam Service for multiple Cams and Stream Services.
[10/01/25 05:40:16] crowsnest: Version: v4.1.16-1-g059fa87
[10/01/25 05:40:16] crowsnest: Prepare Startup ...
[10/01/25 05:40:16] crowsnest: INFO: Host information:
[10/01/25 05:40:16] crowsnest: Host Info: Distribution: Armbian 25.8.1 bookworm
Armbian 25.8.1 bookworm
[10/01/25 05:40:16] crowsnest: Host Info: Kernel: Linux 6.6.66-vendor-sunxi64 aarch64
[10/01/25 05:40:16] crowsnest: Host Info: Available CPU Cores: 4
[10/01/25 05:40:16] crowsnest: Host Info: Available Memory: 940764 kB
[10/01/25 05:40:16] crowsnest: Host Info: Diskspace (avail. / total): 8.8G / 15G
[10/01/25 05:40:16] crowsnest: INFO: Checking Dependencies
[10/01/25 05:40:34] crowsnest: Dependency: 'crudini' found in /usr/bin/crudini.
[10/01/25 05:40:34] crowsnest: Dependency: 'find' found in /usr/bin/find.
[10/01/25 05:40:34] crowsnest: Dependency: 'xargs' found in /usr/bin/xargs.
[10/01/25 05:40:34] crowsnest: Dependency: 'ustreamer' found in bin/ustreamer/src/ustreamer.bin.
[10/01/25 05:40:34] crowsnest: Version Control: ustreamer is up to date. (v6.10)
[10/01/25 05:40:34] crowsnest: INFO: Print Configfile: '/home/biqu/printer_data/config/crowsnest.conf'
[10/01/25 05:40:34] crowsnest:		[crowsnest]
[10/01/25 05:40:34] crowsnest:		log_path: /home/biqu/printer_data/logs/crowsnest.log
[10/01/25 05:40:34] crowsnest:		log_level: verbose
[10/01/25 05:40:34] crowsnest:		delete_log: false
[10/01/25 05:40:34] crowsnest:		no_proxy: false
[10/01/25 05:40:34] crowsnest:		
[10/01/25 05:40:34] crowsnest:		[cam 1]
[10/01/25 05:40:34] crowsnest:		mode: ustreamer
[10/01/25 05:40:34] crowsnest:		
[10/01/25 05:40:34] crowsnest:		enable_rtsp: false
[10/01/25 05:40:34] crowsnest:		rtsp_port: 8554
[10/01/25 05:40:34] crowsnest:		port: 8080
[10/01/25 05:40:34] crowsnest:		device: /dev/video0
[10/01/25 05:40:34] crowsnest:		resolution: 2040x1536
[10/01/25 05:40:34] crowsnest:		max_fps: 15
[10/01/25 05:40:34] crowsnest: INFO: Detect available Devices
[10/01/25 05:40:34] crowsnest: INFO: Found 1 total available Device(s)
[10/01/25 05:40:34] crowsnest: INFO: Found 1 available v4l2 (UVC) camera(s)
[10/01/25 05:40:34] crowsnest: /dev/v4l/by-id/usb-Sonix_Technology_Co.__Ltd._Webcam_Webcam-video-index0 -> /dev/video0
[10/01/25 05:40:34] crowsnest: Supported Formats:
[10/01/25 05:40:34] crowsnest:		[0]: 'MJPG' (Motion-JPEG, compressed)
[10/01/25 05:40:34] crowsnest:		Size: Discrete 1920x1080
[10/01/25 05:40:34] crowsnest:		Interval: Discrete 0.033s (30.000 fps)
[10/01/25 05:40:34] crowsnest:		Size: Discrete 640x480
[10/01/25 05:40:34] crowsnest:		Interval: Discrete 0.033s (30.000 fps)
[10/01/25 05:40:34] crowsnest:		Size: Discrete 1024x768
[10/01/25 05:40:34] crowsnest:		Interval: Discrete 0.033s (30.000 fps)
[10/01/25 05:40:34] crowsnest:		Size: Discrete 1280x720
[10/01/25 05:40:34] crowsnest:		Interval: Discrete 0.033s (30.000 fps)
[10/01/25 05:40:34] crowsnest:		Size: Discrete 1280x1024
[10/01/25 05:40:34] crowsnest:		Interval: Discrete 0.033s (30.000 fps)
[10/01/25 05:40:34] crowsnest:		Size: Discrete 2048x1536
[10/01/25 05:40:34] crowsnest:		Interval: Discrete 0.033s (30.000 fps)
[10/01/25 05:40:34] crowsnest:		Size: Discrete 320x240
[10/01/25 05:40:34] crowsnest:		Interval: Discrete 0.033s (30.000 fps)
[10/01/25 05:40:34] crowsnest:		[1]: 'YUYV' (YUYV 4:2:2)
[10/01/25 05:40:34] crowsnest:		Size: Discrete 640x480
[10/01/25 05:40:34] crowsnest:		Interval: Discrete 0.040s (25.000 fps)
[10/01/25 05:40:34] crowsnest:		Size: Discrete 1024x768
[10/01/25 05:40:34] crowsnest:		Interval: Discrete 0.100s (10.000 fps)
[10/01/25 05:40:34] crowsnest:		Size: Discrete 1280x720
[10/01/25 05:40:34] crowsnest:		Interval: Discrete 0.100s (10.000 fps)
[10/01/25 05:40:34] crowsnest:		Size: Discrete 1280x1024
[10/01/25 05:40:34] crowsnest:		Interval: Discrete 0.200s (5.000 fps)
[10/01/25 05:40:34] crowsnest:		Size: Discrete 1920x1080
[10/01/25 05:40:34] crowsnest:		Interval: Discrete 0.200s (5.000 fps)
[10/01/25 05:40:34] crowsnest:		Size: Discrete 320x240
[10/01/25 05:40:34] crowsnest:		Interval: Discrete 0.033s (30.000 fps)
[10/01/25 05:40:34] crowsnest:		Size: Discrete 2048x1536
[10/01/25 05:40:34] crowsnest:		Interval: Discrete 0.200s (5.000 fps)
[10/01/25 05:40:34] crowsnest: Supported Controls:
[10/01/25 05:40:34] crowsnest:		
[10/01/25 05:40:34] crowsnest:		User Controls
[10/01/25 05:40:34] crowsnest:		
[10/01/25 05:40:34] crowsnest:		brightness 0x00980900 (int)    : min=-64 max=64 step=1 default=0 value=0
[10/01/25 05:40:34] crowsnest:		contrast 0x00980901 (int)    : min=0 max=64 step=1 default=32 value=32
[10/01/25 05:40:34] crowsnest:		saturation 0x00980902 (int)    : min=1 max=128 step=1 default=64 value=64
[10/01/25 05:40:34] crowsnest:		hue 0x00980903 (int)    : min=-40 max=40 step=1 default=0 value=0
[10/01/25 05:40:34] crowsnest:		white_balance_automatic 0x0098090c (bool)   : default=1 value=1
[10/01/25 05:40:34] crowsnest:		gamma 0x00980910 (int)    : min=72 max=500 step=1 default=100 value=100
[10/01/25 05:40:34] crowsnest:		gain 0x00980913 (int)    : min=0 max=100 step=1 default=0 value=0
[10/01/25 05:40:34] crowsnest:		power_line_frequency 0x00980918 (menu)   : min=0 max=2 default=1 value=1 (50 Hz)
[10/01/25 05:40:34] crowsnest:		0: Disabled
[10/01/25 05:40:34] crowsnest:		1: 50 Hz
[10/01/25 05:40:34] crowsnest:		2: 60 Hz
[10/01/25 05:40:34] crowsnest:		white_balance_temperature 0x0098091a (int)    : min=2800 max=6500 step=1 default=4600 value=4600 flags=inactive
[10/01/25 05:40:34] crowsnest:		sharpness 0x0098091b (int)    : min=0 max=6 step=1 default=5 value=5
[10/01/25 05:40:34] crowsnest:		backlight_compensation 0x0098091c (int)    : min=0 max=2 step=1 default=1 value=1
[10/01/25 05:40:34] crowsnest:		
[10/01/25 05:40:34] crowsnest:		Camera Controls
[10/01/25 05:40:34] crowsnest:		
[10/01/25 05:40:34] crowsnest:		auto_exposure 0x009a0901 (menu)   : min=0 max=3 default=3 value=3 (Aperture Priority Mode)
[10/01/25 05:40:34] crowsnest:		1: Manual Mode
[10/01/25 05:40:34] crowsnest:		3: Aperture Priority Mode
[10/01/25 05:40:34] crowsnest:		exposure_time_absolute 0x009a0902 (int)    : min=1 max=5000 step=1 default=625 value=625 flags=inactive
[10/01/25 05:40:34] crowsnest:		exposure_dynamic_framerate 0x009a0903 (bool)   : default=0 value=1
[10/01/25 05:40:35] crowsnest: Try to start configured Cams / Services...
[10/01/25 05:40:38] crowsnest: INFO: Configuration of Section [cam 1] looks good. Continue ...
[10/01/25 05:40:39] crowsnest: V4L2 Control: No parameters set for [cam 1]. Skipped.
[10/01/25 05:40:42] crowsnest: Starting ustreamer with Device /dev/video0 ...
[10/01/25 05:40:43] crowsnest:  ... Done!
[10/01/25 09:17:23] crowsnest: crowsnest - A webcam Service for multiple Cams and Stream Services.
[10/01/25 09:35:08] crowsnest: Version: v4.1.16-1-g059fa87
[10/01/25 09:35:08] crowsnest: Prepare Startup ...
[10/01/25 09:35:08] crowsnest: INFO: Host information:
[10/01/25 09:35:08] crowsnest: Host Info: Distribution: Armbian 25.8.1 bookworm
Armbian 25.8.1 bookworm
[10/01/25 09:35:08] crowsnest: Host Info: Kernel: Linux 6.6.66-vendor-sunxi64 aarch64
[10/01/25 09:35:08] crowsnest: Host Info: Available CPU Cores: 4
[10/01/25 09:35:08] crowsnest: Host Info: Available Memory: 940764 kB
[10/01/25 09:35:08] crowsnest: Host Info: Diskspace (avail. / total): 8.8G / 15G
[10/01/25 09:35:08] crowsnest: INFO: Checking Dependencies
[10/01/25 09:35:11] crowsnest: Dependency: 'crudini' found in /usr/bin/crudini.
[10/01/25 09:35:11] crowsnest: Dependency: 'find' found in /usr/bin/find.
[10/01/25 09:35:11] crowsnest: Dependency: 'xargs' found in /usr/bin/xargs.
[10/01/25 09:35:11] crowsnest: Dependency: 'ustreamer' found in bin/ustreamer/src/ustreamer.bin.
[10/01/25 09:35:11] crowsnest: Version Control: ustreamer is up to date. (v6.10)
[10/01/25 09:35:11] crowsnest: INFO: Print Configfile: '/home/biqu/printer_data/config/crowsnest.conf'
[10/01/25 09:35:11] crowsnest:		[crowsnest]
[10/01/25 09:35:11] crowsnest:		log_path: /home/biqu/printer_data/logs/crowsnest.log
[10/01/25 09:35:11] crowsnest:		log_level: verbose
[10/01/25 09:35:11] crowsnest:		delete_log: false
[10/01/25 09:35:11] crowsnest:		no_proxy: false
[10/01/25 09:35:11] crowsnest:		
[10/01/25 09:35:11] crowsnest:		[cam 1]
[10/01/25 09:35:11] crowsnest:		mode: ustreamer
[10/01/25 09:35:11] crowsnest:		
[10/01/25 09:35:11] crowsnest:		enable_rtsp: false
[10/01/25 09:35:11] crowsnest:		rtsp_port: 8554
[10/01/25 09:35:11] crowsnest:		port: 8080
[10/01/25 09:35:11] crowsnest:		device: /dev/video0
[10/01/25 09:35:11] crowsnest:		resolution: 2040x1536
[10/01/25 09:35:11] crowsnest:		max_fps: 15
[10/01/25 09:35:12] crowsnest: INFO: Detect available Devices
[10/01/25 09:35:12] crowsnest: INFO: Found 1 total available Device(s)
[10/01/25 09:35:12] crowsnest: INFO: Found 1 available v4l2 (UVC) camera(s)
[10/01/25 09:35:12] crowsnest: /dev/v4l/by-id/usb-Sonix_Technology_Co.__Ltd._Webcam_Webcam-video-index0 -> /dev/video0
[10/01/25 09:35:12] crowsnest: Supported Formats:
[10/01/25 09:35:12] crowsnest:		[0]: 'MJPG' (Motion-JPEG, compressed)
[10/01/25 09:35:12] crowsnest:		Size: Discrete 1920x1080
[10/01/25 09:35:12] crowsnest:		Interval: Discrete 0.033s (30.000 fps)
[10/01/25 09:35:12] crowsnest:		Size: Discrete 640x480
[10/01/25 09:35:12] crowsnest:		Interval: Discrete 0.033s (30.000 fps)
[10/01/25 09:35:12] crowsnest:		Size: Discrete 1024x768
[10/01/25 09:35:12] crowsnest:		Interval: Discrete 0.033s (30.000 fps)
[10/01/25 09:35:12] crowsnest:		Size: Discrete 1280x720
[10/01/25 09:35:12] crowsnest:		Interval: Discrete 0.033s (30.000 fps)
[10/01/25 09:35:12] crowsnest:		Size: Discrete 1280x1024
[10/01/25 09:35:12] crowsnest:		Interval: Discrete 0.033s (30.000 fps)
[10/01/25 09:35:12] crowsnest:		Size: Discrete 2048x1536
[10/01/25 09:35:12] crowsnest:		Interval: Discrete 0.033s (30.000 fps)
[10/01/25 09:35:12] crowsnest:		Size: Discrete 320x240
[10/01/25 09:35:12] crowsnest:		Interval: Discrete 0.033s (30.000 fps)
[10/01/25 09:35:12] crowsnest:		[1]: 'YUYV' (YUYV 4:2:2)
[10/01/25 09:35:12] crowsnest:		Size: Discrete 640x480
[10/01/25 09:35:12] crowsnest:		Interval: Discrete 0.040s (25.000 fps)
[10/01/25 09:35:12] crowsnest:		Size: Discrete 1024x768
[10/01/25 09:35:12] crowsnest:		Interval: Discrete 0.100s (10.000 fps)
[10/01/25 09:35:12] crowsnest:		Size: Discrete 1280x720
[10/01/25 09:35:12] crowsnest:		Interval: Discrete 0.100s (10.000 fps)
[10/01/25 09:35:12] crowsnest:		Size: Discrete 1280x1024
[10/01/25 09:35:12] crowsnest:		Interval: Discrete 0.200s (5.000 fps)
[10/01/25 09:35:12] crowsnest:		Size: Discrete 1920x1080
[10/01/25 09:35:12] crowsnest:		Interval: Discrete 0.200s (5.000 fps)
[10/01/25 09:35:12] crowsnest:		Size: Discrete 320x240
[10/01/25 09:35:12] crowsnest:		Interval: Discrete 0.033s (30.000 fps)
[10/01/25 09:35:12] crowsnest:		Size: Discrete 2048x1536
[10/01/25 09:35:12] crowsnest:		Interval: Discrete 0.200s (5.000 fps)
[10/01/25 09:35:12] crowsnest: Supported Controls:
[10/01/25 09:35:12] crowsnest:		
[10/01/25 09:35:12] crowsnest:		User Controls
[10/01/25 09:35:12] crowsnest:		
[10/01/25 09:35:12] crowsnest:		brightness 0x00980900 (int)    : min=-64 max=64 step=1 default=0 value=0
[10/01/25 09:35:12] crowsnest:		contrast 0x00980901 (int)    : min=0 max=64 step=1 default=32 value=32
[10/01/25 09:35:12] crowsnest:		saturation 0x00980902 (int)    : min=1 max=128 step=1 default=64 value=64
[10/01/25 09:35:12] crowsnest:		hue 0x00980903 (int)    : min=-40 max=40 step=1 default=0 value=0
[10/01/25 09:35:12] crowsnest:		white_balance_automatic 0x0098090c (bool)   : default=1 value=1
[10/01/25 09:35:12] crowsnest:		gamma 0x00980910 (int)    : min=72 max=500 step=1 default=100 value=100
[10/01/25 09:35:12] crowsnest:		gain 0x00980913 (int)    : min=0 max=100 step=1 default=0 value=0
[10/01/25 09:35:12] crowsnest:		power_line_frequency 0x00980918 (menu)   : min=0 max=2 default=1 value=1 (50 Hz)
[10/01/25 09:35:12] crowsnest:		0: Disabled
[10/01/25 09:35:12] crowsnest:		1: 50 Hz
[10/01/25 09:35:12] crowsnest:		2: 60 Hz
[10/01/25 09:35:12] crowsnest:		white_balance_temperature 0x0098091a (int)    : min=2800 max=6500 step=1 default=4600 value=4600 flags=inactive
[10/01/25 09:35:12] crowsnest:		sharpness 0x0098091b (int)    : min=0 max=6 step=1 default=5 value=5
[10/01/25 09:35:12] crowsnest:		backlight_compensation 0x0098091c (int)    : min=0 max=2 step=1 default=1 value=1
[10/01/25 09:35:12] crowsnest:		
[10/01/25 09:35:12] crowsnest:		Camera Controls
[10/01/25 09:35:12] crowsnest:		
[10/01/25 09:35:12] crowsnest:		auto_exposure 0x009a0901 (menu)   : min=0 max=3 default=3 value=3 (Aperture Priority Mode)
[10/01/25 09:35:12] crowsnest:		1: Manual Mode
[10/01/25 09:35:12] crowsnest:		3: Aperture Priority Mode
[10/01/25 09:35:12] crowsnest:		exposure_time_absolute 0x009a0902 (int)    : min=1 max=5000 step=1 default=625 value=625 flags=inactive
[10/01/25 09:35:12] crowsnest:		exposure_dynamic_framerate 0x009a0903 (bool)   : default=0 value=1
[10/01/25 09:35:12] crowsnest: Try to start configured Cams / Services...
[10/01/25 09:35:15] crowsnest: INFO: Configuration of Section [cam 1] looks good. Continue ...
[10/01/25 09:35:16] crowsnest: V4L2 Control: No parameters set for [cam 1]. Skipped.
[10/01/25 09:35:19] crowsnest: Starting ustreamer with Device /dev/video0 ...
[10/01/25 09:35:20] crowsnest:  ... Done!
[10/01/25 09:38:39] crowsnest: Shutdown or Killed by User!
[10/01/25 09:38:39] crowsnest: Please come again :)
[10/01/25 09:38:39] crowsnest: Goodbye...
[10/01/25 09:39:00] crowsnest: crowsnest - A webcam Service for multiple Cams and Stream Services.
[10/01/25 09:39:15] crowsnest: Version: v4.1.16-1-g059fa87
[10/01/25 09:39:15] crowsnest: Prepare Startup ...
[10/01/25 09:39:15] crowsnest: INFO: Host information:
[10/01/25 09:39:15] crowsnest: Host Info: Distribution: Armbian 25.8.1 bookworm
Armbian 25.8.1 bookworm
[10/01/25 09:39:15] crowsnest: Host Info: Kernel: Linux 6.6.66-vendor-sunxi64 aarch64
[10/01/25 09:39:15] crowsnest: Host Info: Available CPU Cores: 4
[10/01/25 09:39:15] crowsnest: Host Info: Available Memory: 940764 kB
[10/01/25 09:39:15] crowsnest: Host Info: Diskspace (avail. / total): 8.8G / 15G
[10/01/25 09:39:15] crowsnest: INFO: Checking Dependencies
[10/01/25 09:39:18] crowsnest: Dependency: 'crudini' found in /usr/bin/crudini.
[10/01/25 09:39:18] crowsnest: Dependency: 'find' found in /usr/bin/find.
[10/01/25 09:39:18] crowsnest: Dependency: 'xargs' found in /usr/bin/xargs.
[10/01/25 09:39:18] crowsnest: Dependency: 'ustreamer' found in bin/ustreamer/src/ustreamer.bin.
[10/01/25 09:39:19] crowsnest: Version Control: ustreamer is up to date. (v6.10)
[10/01/25 09:39:19] crowsnest: INFO: Print Configfile: '/home/biqu/printer_data/config/crowsnest.conf'
[10/01/25 09:39:19] crowsnest:		[crowsnest]
[10/01/25 09:39:19] crowsnest:		log_path: /home/biqu/printer_data/logs/crowsnest.log
[10/01/25 09:39:19] crowsnest:		log_level: verbose
[10/01/25 09:39:19] crowsnest:		delete_log: false
[10/01/25 09:39:19] crowsnest:		no_proxy: false
[10/01/25 09:39:19] crowsnest:		
[10/01/25 09:39:19] crowsnest:		[cam 1]
[10/01/25 09:39:19] crowsnest:		mode: ustreamer
[10/01/25 09:39:19] crowsnest:		
[10/01/25 09:39:19] crowsnest:		enable_rtsp: false
[10/01/25 09:39:19] crowsnest:		rtsp_port: 8554
[10/01/25 09:39:19] crowsnest:		port: 8080
[10/01/25 09:39:19] crowsnest:		device: /dev/video0
[10/01/25 09:39:19] crowsnest:		resolution: 2040x1536
[10/01/25 09:39:19] crowsnest:		max_fps: 15
[10/01/25 09:39:19] crowsnest: INFO: Detect available Devices
[10/01/25 09:39:19] crowsnest: INFO: Found 1 total available Device(s)
[10/01/25 09:39:19] crowsnest: INFO: Found 1 available v4l2 (UVC) camera(s)
[10/01/25 09:39:19] crowsnest: /dev/v4l/by-id/usb-Sonix_Technology_Co.__Ltd._Webcam_Webcam-video-index0 -> /dev/video0
[10/01/25 09:39:19] crowsnest: Supported Formats:
[10/01/25 09:39:19] crowsnest:		[0]: 'MJPG' (Motion-JPEG, compressed)
[10/01/25 09:39:19] crowsnest:		Size: Discrete 1920x1080
[10/01/25 09:39:19] crowsnest:		Interval: Discrete 0.033s (30.000 fps)
[10/01/25 09:39:19] crowsnest:		Size: Discrete 640x480
[10/01/25 09:39:19] crowsnest:		Interval: Discrete 0.033s (30.000 fps)
[10/01/25 09:39:19] crowsnest:		Size: Discrete 1024x768
[10/01/25 09:39:19] crowsnest:		Interval: Discrete 0.033s (30.000 fps)
[10/01/25 09:39:19] crowsnest:		Size: Discrete 1280x720
[10/01/25 09:39:19] crowsnest:		Interval: Discrete 0.033s (30.000 fps)
[10/01/25 09:39:19] crowsnest:		Size: Discrete 1280x1024
[10/01/25 09:39:19] crowsnest:		Interval: Discrete 0.033s (30.000 fps)
[10/01/25 09:39:19] crowsnest:		Size: Discrete 2048x1536
[10/01/25 09:39:19] crowsnest:		Interval: Discrete 0.033s (30.000 fps)
[10/01/25 09:39:19] crowsnest:		Size: Discrete 320x240
[10/01/25 09:39:19] crowsnest:		Interval: Discrete 0.033s (30.000 fps)
[10/01/25 09:39:19] crowsnest:		[1]: 'YUYV' (YUYV 4:2:2)
[10/01/25 09:39:19] crowsnest:		Size: Discrete 640x480
[10/01/25 09:39:19] crowsnest:		Interval: Discrete 0.040s (25.000 fps)
[10/01/25 09:39:19] crowsnest:		Size: Discrete 1024x768
[10/01/25 09:39:19] crowsnest:		Interval: Discrete 0.100s (10.000 fps)
[10/01/25 09:39:19] crowsnest:		Size: Discrete 1280x720
[10/01/25 09:39:19] crowsnest:		Interval: Discrete 0.100s (10.000 fps)
[10/01/25 09:39:19] crowsnest:		Size: Discrete 1280x1024
[10/01/25 09:39:19] crowsnest:		Interval: Discrete 0.200s (5.000 fps)
[10/01/25 09:39:19] crowsnest:		Size: Discrete 1920x1080
[10/01/25 09:39:19] crowsnest:		Interval: Discrete 0.200s (5.000 fps)
[10/01/25 09:39:19] crowsnest:		Size: Discrete 320x240
[10/01/25 09:39:19] crowsnest:		Interval: Discrete 0.033s (30.000 fps)
[10/01/25 09:39:19] crowsnest:		Size: Discrete 2048x1536
[10/01/25 09:39:19] crowsnest:		Interval: Discrete 0.200s (5.000 fps)
[10/01/25 09:39:19] crowsnest: Supported Controls:
[10/01/25 09:39:19] crowsnest:		
[10/01/25 09:39:19] crowsnest:		User Controls
[10/01/25 09:39:19] crowsnest:		
[10/01/25 09:39:19] crowsnest:		brightness 0x00980900 (int)    : min=-64 max=64 step=1 default=0 value=0
[10/01/25 09:39:19] crowsnest:		contrast 0x00980901 (int)    : min=0 max=64 step=1 default=32 value=32
[10/01/25 09:39:19] crowsnest:		saturation 0x00980902 (int)    : min=1 max=128 step=1 default=64 value=64
[10/01/25 09:39:19] crowsnest:		hue 0x00980903 (int)    : min=-40 max=40 step=1 default=0 value=0
[10/01/25 09:39:19] crowsnest:		white_balance_automatic 0x0098090c (bool)   : default=1 value=1
[10/01/25 09:39:19] crowsnest:		gamma 0x00980910 (int)    : min=72 max=500 step=1 default=100 value=100
[10/01/25 09:39:19] crowsnest:		gain 0x00980913 (int)    : min=0 max=100 step=1 default=0 value=0
[10/01/25 09:39:19] crowsnest:		power_line_frequency 0x00980918 (menu)   : min=0 max=2 default=1 value=1 (50 Hz)
[10/01/25 09:39:19] crowsnest:		0: Disabled
[10/01/25 09:39:19] crowsnest:		1: 50 Hz
[10/01/25 09:39:19] crowsnest:		2: 60 Hz
[10/01/25 09:39:19] crowsnest:		white_balance_temperature 0x0098091a (int)    : min=2800 max=6500 step=1 default=4600 value=4600 flags=inactive
[10/01/25 09:39:19] crowsnest:		sharpness 0x0098091b (int)    : min=0 max=6 step=1 default=5 value=5
[10/01/25 09:39:19] crowsnest:		backlight_compensation 0x0098091c (int)    : min=0 max=2 step=1 default=1 value=1
[10/01/25 09:39:19] crowsnest:		
[10/01/25 09:39:19] crowsnest:		Camera Controls
[10/01/25 09:39:19] crowsnest:		
[10/01/25 09:39:19] crowsnest:		auto_exposure 0x009a0901 (menu)   : min=0 max=3 default=3 value=3 (Aperture Priority Mode)
[10/01/25 09:39:19] crowsnest:		1: Manual Mode
[10/01/25 09:39:19] crowsnest:		3: Aperture Priority Mode
[10/01/25 09:39:19] crowsnest:		exposure_time_absolute 0x009a0902 (int)    : min=1 max=5000 step=1 default=625 value=625 flags=inactive
[10/01/25 09:39:19] crowsnest:		exposure_dynamic_framerate 0x009a0903 (bool)   : default=0 value=1
[10/01/25 09:39:19] crowsnest: Try to start configured Cams / Services...
[10/01/25 09:39:22] crowsnest: INFO: Configuration of Section [cam 1] looks good. Continue ...
[10/01/25 09:39:23] crowsnest: V4L2 Control: No parameters set for [cam 1]. Skipped.
[10/01/25 09:39:26] crowsnest: Starting ustreamer with Device /dev/video0 ...
[10/01/25 09:39:27] crowsnest:  ... Done!
[10/01/25 09:38:59] crowsnest: crowsnest - A webcam Service for multiple Cams and Stream Services.
[10/01/25 09:39:00] crowsnest: Version: v4.1.16-1-g059fa87
[10/01/25 09:39:00] crowsnest: Prepare Startup ...
[10/01/25 09:39:00] crowsnest: INFO: Host information:
[10/01/25 09:39:00] crowsnest: Host Info: Distribution: Armbian 25.8.1 bookworm
Armbian 25.8.1 bookworm
[10/01/25 09:39:00] crowsnest: Host Info: Kernel: Linux 6.6.66-vendor-sunxi64 aarch64
[10/01/25 09:39:00] crowsnest: Host Info: Available CPU Cores: 4
[10/01/25 09:39:00] crowsnest: Host Info: Available Memory: 940764 kB
[10/01/25 09:39:00] crowsnest: Host Info: Diskspace (avail. / total): 8.8G / 15G
[10/01/25 09:39:00] crowsnest: INFO: Checking Dependencies
[10/01/25 09:53:55] crowsnest: Dependency: 'crudini' found in /usr/bin/crudini.
[10/01/25 09:53:55] crowsnest: Dependency: 'find' found in /usr/bin/find.
[10/01/25 09:53:55] crowsnest: Dependency: 'xargs' found in /usr/bin/xargs.
[10/01/25 09:53:55] crowsnest: Dependency: 'ustreamer' found in bin/ustreamer/src/ustreamer.bin.
[10/01/25 09:53:56] crowsnest: Version Control: ustreamer is up to date. (v6.10)
[10/01/25 09:53:56] crowsnest: INFO: Print Configfile: '/home/biqu/printer_data/config/crowsnest.conf'
[10/01/25 09:53:56] crowsnest:		[crowsnest]
[10/01/25 09:53:56] crowsnest:		log_path: /home/biqu/printer_data/logs/crowsnest.log
[10/01/25 09:53:56] crowsnest:		log_level: verbose
[10/01/25 09:53:56] crowsnest:		delete_log: false
[10/01/25 09:53:56] crowsnest:		no_proxy: false
[10/01/25 09:53:56] crowsnest:		
[10/01/25 09:53:56] crowsnest:		[cam 1]
[10/01/25 09:53:56] crowsnest:		mode: ustreamer
[10/01/25 09:53:56] crowsnest:		
[10/01/25 09:53:56] crowsnest:		enable_rtsp: false
[10/01/25 09:53:56] crowsnest:		rtsp_port: 8554
[10/01/25 09:53:56] crowsnest:		port: 8080
[10/01/25 09:53:56] crowsnest:		device: /dev/video0
[10/01/25 09:53:56] crowsnest:		resolution: 2040x1536
[10/01/25 09:53:56] crowsnest:		max_fps: 15
[10/01/25 09:53:56] crowsnest: INFO: Detect available Devices
[10/01/25 09:53:56] crowsnest: INFO: Found 1 total available Device(s)
[10/01/25 09:53:56] crowsnest: INFO: Found 1 available v4l2 (UVC) camera(s)
[10/01/25 09:53:56] crowsnest: /dev/v4l/by-id/usb-Sonix_Technology_Co.__Ltd._Webcam_Webcam-video-index0 -> /dev/video0
[10/01/25 09:53:56] crowsnest: Supported Formats:
[10/01/25 09:53:56] crowsnest:		[0]: 'MJPG' (Motion-JPEG, compressed)
[10/01/25 09:53:56] crowsnest:		Size: Discrete 1920x1080
[10/01/25 09:53:56] crowsnest:		Interval: Discrete 0.033s (30.000 fps)
[10/01/25 09:53:56] crowsnest:		Size: Discrete 640x480
[10/01/25 09:53:56] crowsnest:		Interval: Discrete 0.033s (30.000 fps)
[10/01/25 09:53:56] crowsnest:		Size: Discrete 1024x768
[10/01/25 09:53:56] crowsnest:		Interval: Discrete 0.033s (30.000 fps)
[10/01/25 09:53:56] crowsnest:		Size: Discrete 1280x720
[10/01/25 09:53:56] crowsnest:		Interval: Discrete 0.033s (30.000 fps)
[10/01/25 09:53:56] crowsnest:		Size: Discrete 1280x1024
[10/01/25 09:53:56] crowsnest:		Interval: Discrete 0.033s (30.000 fps)
[10/01/25 09:53:56] crowsnest:		Size: Discrete 2048x1536
[10/01/25 09:53:56] crowsnest:		Interval: Discrete 0.033s (30.000 fps)
[10/01/25 09:53:56] crowsnest:		Size: Discrete 320x240
[10/01/25 09:53:56] crowsnest:		Interval: Discrete 0.033s (30.000 fps)
[10/01/25 09:53:56] crowsnest:		[1]: 'YUYV' (YUYV 4:2:2)
[10/01/25 09:53:56] crowsnest:		Size: Discrete 640x480
[10/01/25 09:53:56] crowsnest:		Interval: Discrete 0.040s (25.000 fps)
[10/01/25 09:53:56] crowsnest:		Size: Discrete 1024x768
[10/01/25 09:53:56] crowsnest:		Interval: Discrete 0.100s (10.000 fps)
[10/01/25 09:53:56] crowsnest:		Size: Discrete 1280x720
[10/01/25 09:53:56] crowsnest:		Interval: Discrete 0.100s (10.000 fps)
[10/01/25 09:53:56] crowsnest:		Size: Discrete 1280x1024
[10/01/25 09:53:56] crowsnest:		Interval: Discrete 0.200s (5.000 fps)
[10/01/25 09:53:56] crowsnest:		Size: Discrete 1920x1080
[10/01/25 09:53:56] crowsnest:		Interval: Discrete 0.200s (5.000 fps)
[10/01/25 09:53:56] crowsnest:		Size: Discrete 320x240
[10/01/25 09:53:56] crowsnest:		Interval: Discrete 0.033s (30.000 fps)
[10/01/25 09:53:56] crowsnest:		Size: Discrete 2048x1536
[10/01/25 09:53:56] crowsnest:		Interval: Discrete 0.200s (5.000 fps)
[10/01/25 09:53:56] crowsnest: Supported Controls:
[10/01/25 09:53:56] crowsnest:		
[10/01/25 09:53:56] crowsnest:		User Controls
[10/01/25 09:53:56] crowsnest:		
[10/01/25 09:53:56] crowsnest:		brightness 0x00980900 (int)    : min=-64 max=64 step=1 default=0 value=0
[10/01/25 09:53:56] crowsnest:		contrast 0x00980901 (int)    : min=0 max=64 step=1 default=32 value=32
[10/01/25 09:53:56] crowsnest:		saturation 0x00980902 (int)    : min=1 max=128 step=1 default=64 value=64
[10/01/25 09:53:56] crowsnest:		hue 0x00980903 (int)    : min=-40 max=40 step=1 default=0 value=0
[10/01/25 09:53:56] crowsnest:		white_balance_automatic 0x0098090c (bool)   : default=1 value=1
[10/01/25 09:53:56] crowsnest:		gamma 0x00980910 (int)    : min=72 max=500 step=1 default=100 value=100
[10/01/25 09:53:56] crowsnest:		gain 0x00980913 (int)    : min=0 max=100 step=1 default=0 value=0
[10/01/25 09:53:56] crowsnest:		power_line_frequency 0x00980918 (menu)   : min=0 max=2 default=1 value=1 (50 Hz)
[10/01/25 09:53:56] crowsnest:		0: Disabled
[10/01/25 09:53:56] crowsnest:		1: 50 Hz
[10/01/25 09:53:56] crowsnest:		2: 60 Hz
[10/01/25 09:53:56] crowsnest:		white_balance_temperature 0x0098091a (int)    : min=2800 max=6500 step=1 default=4600 value=4600 flags=inactive
[10/01/25 09:53:56] crowsnest:		sharpness 0x0098091b (int)    : min=0 max=6 step=1 default=5 value=5
[10/01/25 09:53:56] crowsnest:		backlight_compensation 0x0098091c (int)    : min=0 max=2 step=1 default=1 value=1
[10/01/25 09:53:56] crowsnest:		
[10/01/25 09:53:56] crowsnest:		Camera Controls
[10/01/25 09:53:56] crowsnest:		
[10/01/25 09:53:56] crowsnest:		auto_exposure 0x009a0901 (menu)   : min=0 max=3 default=3 value=3 (Aperture Priority Mode)
[10/01/25 09:53:56] crowsnest:		1: Manual Mode
[10/01/25 09:53:56] crowsnest:		3: Aperture Priority Mode
[10/01/25 09:53:56] crowsnest:		exposure_time_absolute 0x009a0902 (int)    : min=1 max=5000 step=1 default=625 value=625 flags=inactive
[10/01/25 09:53:56] crowsnest:		exposure_dynamic_framerate 0x009a0903 (bool)   : default=0 value=1
[10/01/25 09:53:56] crowsnest: Try to start configured Cams / Services...
[10/01/25 09:53:59] crowsnest: INFO: Configuration of Section [cam 1] looks good. Continue ...
[10/01/25 09:54:00] crowsnest: V4L2 Control: No parameters set for [cam 1]. Skipped.
[10/01/25 09:54:03] crowsnest: Starting ustreamer with Device /dev/video0 ...
[10/01/25 09:54:04] crowsnest:  ... Done!
[10/01/25 11:17:21] crowsnest: crowsnest - A webcam Service for multiple Cams and Stream Services.
[10/01/25 11:29:23] crowsnest: Version: v4.1.16-1-g059fa87
[10/01/25 11:29:23] crowsnest: Prepare Startup ...
[10/01/25 11:29:23] crowsnest: INFO: Host information:
[10/01/25 11:29:23] crowsnest: Host Info: Distribution: Armbian 25.8.1 bookworm
Armbian 25.8.1 bookworm
[10/01/25 11:29:23] crowsnest: Host Info: Kernel: Linux 6.6.66-vendor-sunxi64 aarch64
[10/01/25 11:29:23] crowsnest: Host Info: Available CPU Cores: 4
[10/01/25 11:29:23] crowsnest: Host Info: Available Memory: 940764 kB
[10/01/25 11:29:23] crowsnest: Host Info: Diskspace (avail. / total): 8.8G / 15G
[10/01/25 11:29:23] crowsnest: INFO: Checking Dependencies
[10/01/25 11:29:26] crowsnest: Dependency: 'crudini' found in /usr/bin/crudini.
[10/01/25 11:29:26] crowsnest: Dependency: 'find' found in /usr/bin/find.
[10/01/25 11:29:26] crowsnest: Dependency: 'xargs' found in /usr/bin/xargs.
[10/01/25 11:29:26] crowsnest: Dependency: 'ustreamer' found in bin/ustreamer/src/ustreamer.bin.
[10/01/25 11:29:26] crowsnest: Version Control: ustreamer is up to date. (v6.10)
[10/01/25 11:29:26] crowsnest: INFO: Print Configfile: '/home/biqu/printer_data/config/crowsnest.conf'
[10/01/25 11:29:26] crowsnest:		[crowsnest]
[10/01/25 11:29:26] crowsnest:		log_path: /home/biqu/printer_data/logs/crowsnest.log
[10/01/25 11:29:26] crowsnest:		log_level: verbose
[10/01/25 11:29:26] crowsnest:		delete_log: false
[10/01/25 11:29:26] crowsnest:		no_proxy: false
[10/01/25 11:29:26] crowsnest:		
[10/01/25 11:29:26] crowsnest:		[cam 1]
[10/01/25 11:29:26] crowsnest:		mode: ustreamer
[10/01/25 11:29:26] crowsnest:		
[10/01/25 11:29:26] crowsnest:		enable_rtsp: false
[10/01/25 11:29:26] crowsnest:		rtsp_port: 8554
[10/01/25 11:29:26] crowsnest:		port: 8080
[10/01/25 11:29:26] crowsnest:		device: /dev/video0
[10/01/25 11:29:26] crowsnest:		resolution: 2040x1536
[10/01/25 11:29:26] crowsnest:		max_fps: 15
[10/01/25 11:29:26] crowsnest: INFO: Detect available Devices
[10/01/25 11:29:26] crowsnest: INFO: Found 1 total available Device(s)
[10/01/25 11:29:27] crowsnest: INFO: Found 1 available v4l2 (UVC) camera(s)
[10/01/25 11:29:27] crowsnest: /dev/v4l/by-id/usb-Sonix_Technology_Co.__Ltd._Webcam_Webcam-video-index0 -> /dev/video0
[10/01/25 11:29:27] crowsnest: Supported Formats:
[10/01/25 11:29:27] crowsnest:		[0]: 'MJPG' (Motion-JPEG, compressed)
[10/01/25 11:29:27] crowsnest:		Size: Discrete 1920x1080
[10/01/25 11:29:27] crowsnest:		Interval: Discrete 0.033s (30.000 fps)
[10/01/25 11:29:27] crowsnest:		Size: Discrete 640x480
[10/01/25 11:29:27] crowsnest:		Interval: Discrete 0.033s (30.000 fps)
[10/01/25 11:29:27] crowsnest:		Size: Discrete 1024x768
[10/01/25 11:29:27] crowsnest:		Interval: Discrete 0.033s (30.000 fps)
[10/01/25 11:29:27] crowsnest:		Size: Discrete 1280x720
[10/01/25 11:29:27] crowsnest:		Interval: Discrete 0.033s (30.000 fps)
[10/01/25 11:29:27] crowsnest:		Size: Discrete 1280x1024
[10/01/25 11:29:27] crowsnest:		Interval: Discrete 0.033s (30.000 fps)
[10/01/25 11:29:27] crowsnest:		Size: Discrete 2048x1536
[10/01/25 11:29:27] crowsnest:		Interval: Discrete 0.033s (30.000 fps)
[10/01/25 11:29:27] crowsnest:		Size: Discrete 320x240
[10/01/25 11:29:27] crowsnest:		Interval: Discrete 0.033s (30.000 fps)
[10/01/25 11:29:27] crowsnest:		[1]: 'YUYV' (YUYV 4:2:2)
[10/01/25 11:29:27] crowsnest:		Size: Discrete 640x480
[10/01/25 11:29:27] crowsnest:		Interval: Discrete 0.040s (25.000 fps)
[10/01/25 11:29:27] crowsnest:		Size: Discrete 1024x768
[10/01/25 11:29:27] crowsnest:		Interval: Discrete 0.100s (10.000 fps)
[10/01/25 11:29:27] crowsnest:		Size: Discrete 1280x720
[10/01/25 11:29:27] crowsnest:		Interval: Discrete 0.100s (10.000 fps)
[10/01/25 11:29:27] crowsnest:		Size: Discrete 1280x1024
[10/01/25 11:29:27] crowsnest:		Interval: Discrete 0.200s (5.000 fps)
[10/01/25 11:29:27] crowsnest:		Size: Discrete 1920x1080
[10/01/25 11:29:27] crowsnest:		Interval: Discrete 0.200s (5.000 fps)
[10/01/25 11:29:27] crowsnest:		Size: Discrete 320x240
[10/01/25 11:29:27] crowsnest:		Interval: Discrete 0.033s (30.000 fps)
[10/01/25 11:29:27] crowsnest:		Size: Discrete 2048x1536
[10/01/25 11:29:27] crowsnest:		Interval: Discrete 0.200s (5.000 fps)
[10/01/25 11:29:27] crowsnest: Supported Controls:
[10/01/25 11:29:27] crowsnest:		
[10/01/25 11:29:27] crowsnest:		User Controls
[10/01/25 11:29:27] crowsnest:		
[10/01/25 11:29:27] crowsnest:		brightness 0x00980900 (int)    : min=-64 max=64 step=1 default=0 value=0
[10/01/25 11:29:27] crowsnest:		contrast 0x00980901 (int)    : min=0 max=64 step=1 default=32 value=32
[10/01/25 11:29:27] crowsnest:		saturation 0x00980902 (int)    : min=1 max=128 step=1 default=64 value=64
[10/01/25 11:29:27] crowsnest:		hue 0x00980903 (int)    : min=-40 max=40 step=1 default=0 value=0
[10/01/25 11:29:27] crowsnest:		white_balance_automatic 0x0098090c (bool)   : default=1 value=1
[10/01/25 11:29:27] crowsnest:		gamma 0x00980910 (int)    : min=72 max=500 step=1 default=100 value=100
[10/01/25 11:29:27] crowsnest:		gain 0x00980913 (int)    : min=0 max=100 step=1 default=0 value=0
[10/01/25 11:29:27] crowsnest:		power_line_frequency 0x00980918 (menu)   : min=0 max=2 default=1 value=1 (50 Hz)
[10/01/25 11:29:27] crowsnest:		0: Disabled
[10/01/25 11:29:27] crowsnest:		1: 50 Hz
[10/01/25 11:29:27] crowsnest:		2: 60 Hz
[10/01/25 11:29:27] crowsnest:		white_balance_temperature 0x0098091a (int)    : min=2800 max=6500 step=1 default=4600 value=4600 flags=inactive
[10/01/25 11:29:27] crowsnest:		sharpness 0x0098091b (int)    : min=0 max=6 step=1 default=5 value=5
[10/01/25 11:29:27] crowsnest:		backlight_compensation 0x0098091c (int)    : min=0 max=2 step=1 default=1 value=1
[10/01/25 11:29:27] crowsnest:		
[10/01/25 11:29:27] crowsnest:		Camera Controls
[10/01/25 11:29:27] crowsnest:		
[10/01/25 11:29:27] crowsnest:		auto_exposure 0x009a0901 (menu)   : min=0 max=3 default=3 value=3 (Aperture Priority Mode)
[10/01/25 11:29:27] crowsnest:		1: Manual Mode
[10/01/25 11:29:27] crowsnest:		3: Aperture Priority Mode
[10/01/25 11:29:27] crowsnest:		exposure_time_absolute 0x009a0902 (int)    : min=1 max=5000 step=1 default=625 value=625 flags=inactive
[10/01/25 11:29:27] crowsnest:		exposure_dynamic_framerate 0x009a0903 (bool)   : default=0 value=1
[10/01/25 11:29:27] crowsnest: Try to start configured Cams / Services...
[10/01/25 11:29:30] crowsnest: INFO: Configuration of Section [cam 1] looks good. Continue ...
[10/01/25 11:29:31] crowsnest: V4L2 Control: No parameters set for [cam 1]. Skipped.
[10/01/25 11:29:34] crowsnest: Starting ustreamer with Device /dev/video0 ...
[10/01/25 11:29:35] crowsnest:  ... Done!
[10/01/25 12:24:37] crowsnest: Shutdown or Killed by User!
[10/01/25 12:24:37] crowsnest: Please come again :)
[10/01/25 12:24:37] crowsnest: Goodbye...
[10/01/25 12:25:10] crowsnest: crowsnest - A webcam Service for multiple Cams and Stream Services.
[10/01/25 12:25:17] crowsnest: Version: v4.1.16-1-g059fa87
[10/01/25 12:25:17] crowsnest: Prepare Startup ...
[10/01/25 12:25:17] crowsnest: INFO: Host information:
[10/01/25 12:25:17] crowsnest: Host Info: Distribution: Armbian 25.8.1 bookworm
Armbian 25.8.1 bookworm
[10/01/25 12:25:17] crowsnest: Host Info: Kernel: Linux 6.6.66-vendor-sunxi64 aarch64
[10/01/25 12:25:17] crowsnest: Host Info: Available CPU Cores: 4
[10/01/25 12:25:17] crowsnest: Host Info: Available Memory: 940764 kB
[10/01/25 12:25:17] crowsnest: Host Info: Diskspace (avail. / total): 8.8G / 15G
[10/01/25 12:25:17] crowsnest: INFO: Checking Dependencies
[10/01/25 12:25:20] crowsnest: Dependency: 'crudini' found in /usr/bin/crudini.
[10/01/25 12:25:20] crowsnest: Dependency: 'find' found in /usr/bin/find.
[10/01/25 12:25:20] crowsnest: Dependency: 'xargs' found in /usr/bin/xargs.
[10/01/25 12:25:20] crowsnest: Dependency: 'ustreamer' found in bin/ustreamer/src/ustreamer.bin.
[10/01/25 12:25:20] crowsnest: Version Control: ustreamer is up to date. (v6.10)
[10/01/25 12:25:20] crowsnest: INFO: Print Configfile: '/home/biqu/printer_data/config/crowsnest.conf'
[10/01/25 12:25:20] crowsnest:		[crowsnest]
[10/01/25 12:25:20] crowsnest:		log_path: /home/biqu/printer_data/logs/crowsnest.log
[10/01/25 12:25:20] crowsnest:		log_level: verbose
[10/01/25 12:25:20] crowsnest:		delete_log: false
[10/01/25 12:25:20] crowsnest:		no_proxy: false
[10/01/25 12:25:20] crowsnest:		
[10/01/25 12:25:20] crowsnest:		[cam 1]
[10/01/25 12:25:20] crowsnest:		mode: ustreamer
[10/01/25 12:25:20] crowsnest:		
[10/01/25 12:25:20] crowsnest:		enable_rtsp: false
[10/01/25 12:25:20] crowsnest:		rtsp_port: 8554
[10/01/25 12:25:20] crowsnest:		port: 8080
[10/01/25 12:25:20] crowsnest:		device: /dev/video0
[10/01/25 12:25:20] crowsnest:		resolution: 2040x1536
[10/01/25 12:25:20] crowsnest:		max_fps: 15
[10/01/25 12:25:20] crowsnest: INFO: Detect available Devices
[10/01/25 12:25:20] crowsnest: INFO: Found 1 total available Device(s)
[10/01/25 12:25:20] crowsnest: INFO: Found 1 available v4l2 (UVC) camera(s)
[10/01/25 12:25:20] crowsnest: /dev/v4l/by-id/usb-Sonix_Technology_Co.__Ltd._Webcam_Webcam-video-index0 -> /dev/video0
[10/01/25 12:25:20] crowsnest: Supported Formats:
[10/01/25 12:25:20] crowsnest:		[0]: 'MJPG' (Motion-JPEG, compressed)
[10/01/25 12:25:20] crowsnest:		Size: Discrete 1920x1080
[10/01/25 12:25:20] crowsnest:		Interval: Discrete 0.033s (30.000 fps)
[10/01/25 12:25:20] crowsnest:		Size: Discrete 640x480
[10/01/25 12:25:20] crowsnest:		Interval: Discrete 0.033s (30.000 fps)
[10/01/25 12:25:20] crowsnest:		Size: Discrete 1024x768
[10/01/25 12:25:20] crowsnest:		Interval: Discrete 0.033s (30.000 fps)
[10/01/25 12:25:20] crowsnest:		Size: Discrete 1280x720
[10/01/25 12:25:20] crowsnest:		Interval: Discrete 0.033s (30.000 fps)
[10/01/25 12:25:20] crowsnest:		Size: Discrete 1280x1024
[10/01/25 12:25:20] crowsnest:		Interval: Discrete 0.033s (30.000 fps)
[10/01/25 12:25:20] crowsnest:		Size: Discrete 2048x1536
[10/01/25 12:25:20] crowsnest:		Interval: Discrete 0.033s (30.000 fps)
[10/01/25 12:25:20] crowsnest:		Size: Discrete 320x240
[10/01/25 12:25:20] crowsnest:		Interval: Discrete 0.033s (30.000 fps)
[10/01/25 12:25:20] crowsnest:		[1]: 'YUYV' (YUYV 4:2:2)
[10/01/25 12:25:20] crowsnest:		Size: Discrete 640x480
[10/01/25 12:25:20] crowsnest:		Interval: Discrete 0.040s (25.000 fps)
[10/01/25 12:25:20] crowsnest:		Size: Discrete 1024x768
[10/01/25 12:25:20] crowsnest:		Interval: Discrete 0.100s (10.000 fps)
[10/01/25 12:25:20] crowsnest:		Size: Discrete 1280x720
[10/01/25 12:25:20] crowsnest:		Interval: Discrete 0.100s (10.000 fps)
[10/01/25 12:25:20] crowsnest:		Size: Discrete 1280x1024
[10/01/25 12:25:20] crowsnest:		Interval: Discrete 0.200s (5.000 fps)
[10/01/25 12:25:20] crowsnest:		Size: Discrete 1920x1080
[10/01/25 12:25:20] crowsnest:		Interval: Discrete 0.200s (5.000 fps)
[10/01/25 12:25:20] crowsnest:		Size: Discrete 320x240
[10/01/25 12:25:20] crowsnest:		Interval: Discrete 0.033s (30.000 fps)
[10/01/25 12:25:20] crowsnest:		Size: Discrete 2048x1536
[10/01/25 12:25:20] crowsnest:		Interval: Discrete 0.200s (5.000 fps)
[10/01/25 12:25:21] crowsnest: Supported Controls:
[10/01/25 12:25:21] crowsnest:		
[10/01/25 12:25:21] crowsnest:		User Controls
[10/01/25 12:25:21] crowsnest:		
[10/01/25 12:25:21] crowsnest:		brightness 0x00980900 (int)    : min=-64 max=64 step=1 default=0 value=0
[10/01/25 12:25:21] crowsnest:		contrast 0x00980901 (int)    : min=0 max=64 step=1 default=32 value=32
[10/01/25 12:25:21] crowsnest:		saturation 0x00980902 (int)    : min=1 max=128 step=1 default=64 value=64
[10/01/25 12:25:21] crowsnest:		hue 0x00980903 (int)    : min=-40 max=40 step=1 default=0 value=0
[10/01/25 12:25:21] crowsnest:		white_balance_automatic 0x0098090c (bool)   : default=1 value=1
[10/01/25 12:25:21] crowsnest:		gamma 0x00980910 (int)    : min=72 max=500 step=1 default=100 value=100
[10/01/25 12:25:21] crowsnest:		gain 0x00980913 (int)    : min=0 max=100 step=1 default=0 value=0
[10/01/25 12:25:21] crowsnest:		power_line_frequency 0x00980918 (menu)   : min=0 max=2 default=1 value=1 (50 Hz)
[10/01/25 12:25:21] crowsnest:		0: Disabled
[10/01/25 12:25:21] crowsnest:		1: 50 Hz
[10/01/25 12:25:21] crowsnest:		2: 60 Hz
[10/01/25 12:25:21] crowsnest:		white_balance_temperature 0x0098091a (int)    : min=2800 max=6500 step=1 default=4600 value=4600 flags=inactive
[10/01/25 12:25:21] crowsnest:		sharpness 0x0098091b (int)    : min=0 max=6 step=1 default=5 value=5
[10/01/25 12:25:21] crowsnest:		backlight_compensation 0x0098091c (int)    : min=0 max=2 step=1 default=1 value=1
[10/01/25 12:25:21] crowsnest:		
[10/01/25 12:25:21] crowsnest:		Camera Controls
[10/01/25 12:25:21] crowsnest:		
[10/01/25 12:25:21] crowsnest:		auto_exposure 0x009a0901 (menu)   : min=0 max=3 default=3 value=3 (Aperture Priority Mode)
[10/01/25 12:25:21] crowsnest:		1: Manual Mode
[10/01/25 12:25:21] crowsnest:		3: Aperture Priority Mode
[10/01/25 12:25:21] crowsnest:		exposure_time_absolute 0x009a0902 (int)    : min=1 max=5000 step=1 default=625 value=625 flags=inactive
[10/01/25 12:25:21] crowsnest:		exposure_dynamic_framerate 0x009a0903 (bool)   : default=0 value=1
[10/01/25 12:25:21] crowsnest: Try to start configured Cams / Services...
[10/01/25 12:25:24] crowsnest: INFO: Configuration of Section [cam 1] looks good. Continue ...
[10/01/25 12:25:25] crowsnest: V4L2 Control: No parameters set for [cam 1]. Skipped.
[10/01/25 12:25:27] crowsnest: Starting ustreamer with Device /dev/video0 ...
[10/01/25 12:25:29] crowsnest:  ... Done!
[10/01/25 12:24:57] crowsnest: crowsnest - A webcam Service for multiple Cams and Stream Services.
[10/01/25 12:33:23] crowsnest: Version: v4.1.16-1-g059fa87
[10/01/25 12:33:23] crowsnest: Prepare Startup ...
[10/01/25 12:33:23] crowsnest: INFO: Host information:
[10/01/25 12:33:23] crowsnest: Host Info: Distribution: Armbian 25.8.1 bookworm
Armbian 25.8.1 bookworm
[10/01/25 12:33:23] crowsnest: Host Info: Kernel: Linux 6.6.66-vendor-sunxi64 aarch64
[10/01/25 12:33:23] crowsnest: Host Info: Available CPU Cores: 4
[10/01/25 12:33:23] crowsnest: Host Info: Available Memory: 940764 kB
[10/01/25 12:33:23] crowsnest: Host Info: Diskspace (avail. / total): 8.8G / 15G
[10/01/25 12:33:23] crowsnest: INFO: Checking Dependencies
[10/01/25 12:33:26] crowsnest: Dependency: 'crudini' found in /usr/bin/crudini.
[10/01/25 12:33:26] crowsnest: Dependency: 'find' found in /usr/bin/find.
[10/01/25 12:33:26] crowsnest: Dependency: 'xargs' found in /usr/bin/xargs.
[10/01/25 12:33:26] crowsnest: Dependency: 'ustreamer' found in bin/ustreamer/src/ustreamer.bin.
[10/01/25 12:33:26] crowsnest: Version Control: ustreamer is up to date. (v6.10)
[10/01/25 12:33:26] crowsnest: INFO: Print Configfile: '/home/biqu/printer_data/config/crowsnest.conf'
[10/01/25 12:33:26] crowsnest:		[crowsnest]
[10/01/25 12:33:26] crowsnest:		log_path: /home/biqu/printer_data/logs/crowsnest.log
[10/01/25 12:33:26] crowsnest:		log_level: verbose
[10/01/25 12:33:26] crowsnest:		delete_log: false
[10/01/25 12:33:26] crowsnest:		no_proxy: false
[10/01/25 12:33:26] crowsnest:		
[10/01/25 12:33:26] crowsnest:		[cam 1]
[10/01/25 12:33:26] crowsnest:		mode: ustreamer
[10/01/25 12:33:26] crowsnest:		
[10/01/25 12:33:26] crowsnest:		enable_rtsp: false
[10/01/25 12:33:26] crowsnest:		rtsp_port: 8554
[10/01/25 12:33:26] crowsnest:		port: 8080
[10/01/25 12:33:26] crowsnest:		device: /dev/video0
[10/01/25 12:33:26] crowsnest:		resolution: 2040x1536
[10/01/25 12:33:26] crowsnest:		max_fps: 15
[10/01/25 12:33:26] crowsnest: INFO: Detect available Devices
[10/01/25 12:33:26] crowsnest: INFO: Found 1 total available Device(s)
[10/01/25 12:33:26] crowsnest: INFO: Found 1 available v4l2 (UVC) camera(s)
[10/01/25 12:33:26] crowsnest: /dev/v4l/by-id/usb-Sonix_Technology_Co.__Ltd._Webcam_Webcam-video-index0 -> /dev/video0
[10/01/25 12:33:26] crowsnest: Supported Formats:
[10/01/25 12:33:26] crowsnest:		[0]: 'MJPG' (Motion-JPEG, compressed)
[10/01/25 12:33:26] crowsnest:		Size: Discrete 1920x1080
[10/01/25 12:33:26] crowsnest:		Interval: Discrete 0.033s (30.000 fps)
[10/01/25 12:33:26] crowsnest:		Size: Discrete 640x480
[10/01/25 12:33:26] crowsnest:		Interval: Discrete 0.033s (30.000 fps)
[10/01/25 12:33:26] crowsnest:		Size: Discrete 1024x768
[10/01/25 12:33:26] crowsnest:		Interval: Discrete 0.033s (30.000 fps)
[10/01/25 12:33:26] crowsnest:		Size: Discrete 1280x720
[10/01/25 12:33:26] crowsnest:		Interval: Discrete 0.033s (30.000 fps)
[10/01/25 12:33:26] crowsnest:		Size: Discrete 1280x1024
[10/01/25 12:33:26] crowsnest:		Interval: Discrete 0.033s (30.000 fps)
[10/01/25 12:33:26] crowsnest:		Size: Discrete 2048x1536
[10/01/25 12:33:26] crowsnest:		Interval: Discrete 0.033s (30.000 fps)
[10/01/25 12:33:26] crowsnest:		Size: Discrete 320x240
[10/01/25 12:33:26] crowsnest:		Interval: Discrete 0.033s (30.000 fps)
[10/01/25 12:33:26] crowsnest:		[1]: 'YUYV' (YUYV 4:2:2)
[10/01/25 12:33:26] crowsnest:		Size: Discrete 640x480
[10/01/25 12:33:26] crowsnest:		Interval: Discrete 0.040s (25.000 fps)
[10/01/25 12:33:26] crowsnest:		Size: Discrete 1024x768
[10/01/25 12:33:26] crowsnest:		Interval: Discrete 0.100s (10.000 fps)
[10/01/25 12:33:26] crowsnest:		Size: Discrete 1280x720
[10/01/25 12:33:26] crowsnest:		Interval: Discrete 0.100s (10.000 fps)
[10/01/25 12:33:26] crowsnest:		Size: Discrete 1280x1024
[10/01/25 12:33:26] crowsnest:		Interval: Discrete 0.200s (5.000 fps)
[10/01/25 12:33:26] crowsnest:		Size: Discrete 1920x1080
[10/01/25 12:33:26] crowsnest:		Interval: Discrete 0.200s (5.000 fps)
[10/01/25 12:33:26] crowsnest:		Size: Discrete 320x240
[10/01/25 12:33:26] crowsnest:		Interval: Discrete 0.033s (30.000 fps)
[10/01/25 12:33:26] crowsnest:		Size: Discrete 2048x1536
[10/01/25 12:33:26] crowsnest:		Interval: Discrete 0.200s (5.000 fps)
[10/01/25 12:33:26] crowsnest: Supported Controls:
[10/01/25 12:33:26] crowsnest:		
[10/01/25 12:33:26] crowsnest:		User Controls
[10/01/25 12:33:26] crowsnest:		
[10/01/25 12:33:26] crowsnest:		brightness 0x00980900 (int)    : min=-64 max=64 step=1 default=0 value=0
[10/01/25 12:33:26] crowsnest:		contrast 0x00980901 (int)    : min=0 max=64 step=1 default=32 value=32
[10/01/25 12:33:26] crowsnest:		saturation 0x00980902 (int)    : min=1 max=128 step=1 default=64 value=64
[10/01/25 12:33:26] crowsnest:		hue 0x00980903 (int)    : min=-40 max=40 step=1 default=0 value=0
[10/01/25 12:33:26] crowsnest:		white_balance_automatic 0x0098090c (bool)   : default=1 value=1
[10/01/25 12:33:26] crowsnest:		gamma 0x00980910 (int)    : min=72 max=500 step=1 default=100 value=100
[10/01/25 12:33:26] crowsnest:		gain 0x00980913 (int)    : min=0 max=100 step=1 default=0 value=0
[10/01/25 12:33:26] crowsnest:		power_line_frequency 0x00980918 (menu)   : min=0 max=2 default=1 value=1 (50 Hz)
[10/01/25 12:33:26] crowsnest:		0: Disabled
[10/01/25 12:33:26] crowsnest:		1: 50 Hz
[10/01/25 12:33:26] crowsnest:		2: 60 Hz
[10/01/25 12:33:26] crowsnest:		white_balance_temperature 0x0098091a (int)    : min=2800 max=6500 step=1 default=4600 value=4600 flags=inactive
[10/01/25 12:33:26] crowsnest:		sharpness 0x0098091b (int)    : min=0 max=6 step=1 default=5 value=5
[10/01/25 12:33:26] crowsnest:		backlight_compensation 0x0098091c (int)    : min=0 max=2 step=1 default=1 value=1
[10/01/25 12:33:26] crowsnest:		
[10/01/25 12:33:26] crowsnest:		Camera Controls
[10/01/25 12:33:26] crowsnest:		
[10/01/25 12:33:26] crowsnest:		auto_exposure 0x009a0901 (menu)   : min=0 max=3 default=3 value=3 (Aperture Priority Mode)
[10/01/25 12:33:26] crowsnest:		1: Manual Mode
[10/01/25 12:33:26] crowsnest:		3: Aperture Priority Mode
[10/01/25 12:33:26] crowsnest:		exposure_time_absolute 0x009a0902 (int)    : min=1 max=5000 step=1 default=625 value=625 flags=inactive
[10/01/25 12:33:26] crowsnest:		exposure_dynamic_framerate 0x009a0903 (bool)   : default=0 value=1
[10/01/25 12:33:26] crowsnest: Try to start configured Cams / Services...
[10/01/25 12:33:29] crowsnest: INFO: Configuration of Section [cam 1] looks good. Continue ...
[10/01/25 12:33:31] crowsnest: V4L2 Control: No parameters set for [cam 1]. Skipped.
[10/01/25 12:33:33] crowsnest: Starting ustreamer with Device /dev/video0 ...
[10/01/25 12:33:35] crowsnest:  ... Done!
[10/01/25 13:17:21] crowsnest: crowsnest - A webcam Service for multiple Cams and Stream Services.
[10/02/25 05:55:13] crowsnest: Version: v4.1.16-1-g059fa87
[10/02/25 05:55:13] crowsnest: Prepare Startup ...
[10/02/25 05:55:13] crowsnest: INFO: Host information:
[10/02/25 05:55:13] crowsnest: Host Info: Distribution: Armbian 25.8.1 bookworm
Armbian 25.8.1 bookworm
[10/02/25 05:55:13] crowsnest: Host Info: Kernel: Linux 6.6.66-vendor-sunxi64 aarch64
[10/02/25 05:55:13] crowsnest: Host Info: Available CPU Cores: 4
[10/02/25 05:55:13] crowsnest: Host Info: Available Memory: 940764 kB
[10/02/25 05:55:13] crowsnest: Host Info: Diskspace (avail. / total): 8.8G / 15G
[10/02/25 05:55:13] crowsnest: INFO: Checking Dependencies
[10/02/25 05:55:18] crowsnest: Dependency: 'crudini' found in /usr/bin/crudini.
[10/02/25 05:55:18] crowsnest: Dependency: 'find' found in /usr/bin/find.
[10/02/25 05:55:18] crowsnest: Dependency: 'xargs' found in /usr/bin/xargs.
[10/02/25 05:55:18] crowsnest: Dependency: 'ustreamer' found in bin/ustreamer/src/ustreamer.bin.
[10/02/25 05:55:18] crowsnest: Version Control: ustreamer is up to date. (v6.10)
[10/02/25 05:55:18] crowsnest: INFO: Print Configfile: '/home/biqu/printer_data/config/crowsnest.conf'
[10/02/25 05:55:18] crowsnest:		[crowsnest]
[10/02/25 05:55:18] crowsnest:		log_path: /home/biqu/printer_data/logs/crowsnest.log
[10/02/25 05:55:18] crowsnest:		log_level: verbose
[10/02/25 05:55:18] crowsnest:		delete_log: false
[10/02/25 05:55:18] crowsnest:		no_proxy: false
[10/02/25 05:55:18] crowsnest:		
[10/02/25 05:55:18] crowsnest:		[cam 1]
[10/02/25 05:55:18] crowsnest:		mode: ustreamer
[10/02/25 05:55:18] crowsnest:		
[10/02/25 05:55:18] crowsnest:		enable_rtsp: false
[10/02/25 05:55:18] crowsnest:		rtsp_port: 8554
[10/02/25 05:55:18] crowsnest:		port: 8080
[10/02/25 05:55:18] crowsnest:		device: /dev/video0
[10/02/25 05:55:18] crowsnest:		resolution: 2040x1536
[10/02/25 05:55:18] crowsnest:		max_fps: 15
[10/02/25 05:55:18] crowsnest: INFO: Detect available Devices
[10/02/25 05:55:18] crowsnest: INFO: Found 1 total available Device(s)
[10/02/25 05:55:18] crowsnest: INFO: Found 1 available v4l2 (UVC) camera(s)
[10/02/25 05:55:18] crowsnest: /dev/v4l/by-id/usb-Sonix_Technology_Co.__Ltd._Webcam_Webcam-video-index0 -> /dev/video0
[10/02/25 05:55:18] crowsnest: Supported Formats:
[10/02/25 05:55:18] crowsnest:		[0]: 'MJPG' (Motion-JPEG, compressed)
[10/02/25 05:55:18] crowsnest:		Size: Discrete 1920x1080
[10/02/25 05:55:18] crowsnest:		Interval: Discrete 0.033s (30.000 fps)
[10/02/25 05:55:18] crowsnest:		Size: Discrete 640x480
[10/02/25 05:55:18] crowsnest:		Interval: Discrete 0.033s (30.000 fps)
[10/02/25 05:55:18] crowsnest:		Size: Discrete 1024x768
[10/02/25 05:55:18] crowsnest:		Interval: Discrete 0.033s (30.000 fps)
[10/02/25 05:55:18] crowsnest:		Size: Discrete 1280x720
[10/02/25 05:55:18] crowsnest:		Interval: Discrete 0.033s (30.000 fps)
[10/02/25 05:55:18] crowsnest:		Size: Discrete 1280x1024
[10/02/25 05:55:18] crowsnest:		Interval: Discrete 0.033s (30.000 fps)
[10/02/25 05:55:18] crowsnest:		Size: Discrete 2048x1536
[10/02/25 05:55:18] crowsnest:		Interval: Discrete 0.033s (30.000 fps)
[10/02/25 05:55:18] crowsnest:		Size: Discrete 320x240
[10/02/25 05:55:18] crowsnest:		Interval: Discrete 0.033s (30.000 fps)
[10/02/25 05:55:18] crowsnest:		[1]: 'YUYV' (YUYV 4:2:2)
[10/02/25 05:55:18] crowsnest:		Size: Discrete 640x480
[10/02/25 05:55:18] crowsnest:		Interval: Discrete 0.040s (25.000 fps)
[10/02/25 05:55:18] crowsnest:		Size: Discrete 1024x768
[10/02/25 05:55:18] crowsnest:		Interval: Discrete 0.100s (10.000 fps)
[10/02/25 05:55:18] crowsnest:		Size: Discrete 1280x720
[10/02/25 05:55:18] crowsnest:		Interval: Discrete 0.100s (10.000 fps)
[10/02/25 05:55:18] crowsnest:		Size: Discrete 1280x1024
[10/02/25 05:55:18] crowsnest:		Interval: Discrete 0.200s (5.000 fps)
[10/02/25 05:55:18] crowsnest:		Size: Discrete 1920x1080
[10/02/25 05:55:18] crowsnest:		Interval: Discrete 0.200s (5.000 fps)
[10/02/25 05:55:18] crowsnest:		Size: Discrete 320x240
[10/02/25 05:55:18] crowsnest:		Interval: Discrete 0.033s (30.000 fps)
[10/02/25 05:55:18] crowsnest:		Size: Discrete 2048x1536
[10/02/25 05:55:18] crowsnest:		Interval: Discrete 0.200s (5.000 fps)
[10/02/25 05:55:18] crowsnest: Supported Controls:
[10/02/25 05:55:18] crowsnest:		
[10/02/25 05:55:18] crowsnest:		User Controls
[10/02/25 05:55:18] crowsnest:		
[10/02/25 05:55:18] crowsnest:		brightness 0x00980900 (int)    : min=-64 max=64 step=1 default=0 value=0
[10/02/25 05:55:18] crowsnest:		contrast 0x00980901 (int)    : min=0 max=64 step=1 default=32 value=32
[10/02/25 05:55:18] crowsnest:		saturation 0x00980902 (int)    : min=1 max=128 step=1 default=64 value=64
[10/02/25 05:55:18] crowsnest:		hue 0x00980903 (int)    : min=-40 max=40 step=1 default=0 value=0
[10/02/25 05:55:18] crowsnest:		white_balance_automatic 0x0098090c (bool)   : default=1 value=1
[10/02/25 05:55:18] crowsnest:		gamma 0x00980910 (int)    : min=72 max=500 step=1 default=100 value=100
[10/02/25 05:55:18] crowsnest:		gain 0x00980913 (int)    : min=0 max=100 step=1 default=0 value=0
[10/02/25 05:55:18] crowsnest:		power_line_frequency 0x00980918 (menu)   : min=0 max=2 default=1 value=1 (50 Hz)
[10/02/25 05:55:18] crowsnest:		0: Disabled
[10/02/25 05:55:18] crowsnest:		1: 50 Hz
[10/02/25 05:55:18] crowsnest:		2: 60 Hz
[10/02/25 05:55:18] crowsnest:		white_balance_temperature 0x0098091a (int)    : min=2800 max=6500 step=1 default=4600 value=4600 flags=inactive
[10/02/25 05:55:18] crowsnest:		sharpness 0x0098091b (int)    : min=0 max=6 step=1 default=5 value=5
[10/02/25 05:55:18] crowsnest:		backlight_compensation 0x0098091c (int)    : min=0 max=2 step=1 default=1 value=1
[10/02/25 05:55:18] crowsnest:		
[10/02/25 05:55:18] crowsnest:		Camera Controls
[10/02/25 05:55:18] crowsnest:		
[10/02/25 05:55:18] crowsnest:		auto_exposure 0x009a0901 (menu)   : min=0 max=3 default=3 value=3 (Aperture Priority Mode)
[10/02/25 05:55:18] crowsnest:		1: Manual Mode
[10/02/25 05:55:18] crowsnest:		3: Aperture Priority Mode
[10/02/25 05:55:18] crowsnest:		exposure_time_absolute 0x009a0902 (int)    : min=1 max=5000 step=1 default=625 value=625 flags=inactive
[10/02/25 05:55:18] crowsnest:		exposure_dynamic_framerate 0x009a0903 (bool)   : default=0 value=1
[10/02/25 05:55:19] crowsnest: Try to start configured Cams / Services...
[10/02/25 05:55:21] crowsnest: INFO: Configuration of Section [cam 1] looks good. Continue ...
[10/02/25 05:55:23] crowsnest: V4L2 Control: No parameters set for [cam 1]. Skipped.
[10/02/25 05:55:26] crowsnest: Starting ustreamer with Device /dev/video0 ...
[10/02/25 05:55:27] crowsnest:  ... Done!
[10/02/25 07:17:22] crowsnest: crowsnest - A webcam Service for multiple Cams and Stream Services.
[10/02/25 07:17:22] crowsnest: Version: v4.1.16-1-g059fa87
[10/02/25 07:17:22] crowsnest: Prepare Startup ...
[10/02/25 07:17:22] crowsnest: INFO: Host information:
[10/02/25 07:17:22] crowsnest: Host Info: Distribution: Armbian 25.8.1 bookworm
Armbian 25.8.1 bookworm
[10/02/25 07:17:22] crowsnest: Host Info: Kernel: Linux 6.6.66-vendor-sunxi64 aarch64
[10/02/25 07:17:22] crowsnest: Host Info: Available CPU Cores: 4
[10/02/25 07:17:22] crowsnest: Host Info: Available Memory: 940764 kB
[10/02/25 07:17:22] crowsnest: Host Info: Diskspace (avail. / total): 8.8G / 15G
[10/02/25 07:17:22] crowsnest: INFO: Checking Dependencies
[10/02/25 08:38:55] crowsnest: Dependency: 'crudini' found in /usr/bin/crudini.
[10/02/25 08:38:55] crowsnest: Dependency: 'find' found in /usr/bin/find.
[10/02/25 08:38:55] crowsnest: Dependency: 'xargs' found in /usr/bin/xargs.
[10/02/25 08:38:55] crowsnest: Dependency: 'ustreamer' found in bin/ustreamer/src/ustreamer.bin.
[10/02/25 08:38:55] crowsnest: Version Control: ustreamer is up to date. (v6.10)
[10/02/25 08:38:55] crowsnest: INFO: Print Configfile: '/home/biqu/printer_data/config/crowsnest.conf'
[10/02/25 08:38:55] crowsnest:		[crowsnest]
[10/02/25 08:38:55] crowsnest:		log_path: /home/biqu/printer_data/logs/crowsnest.log
[10/02/25 08:38:55] crowsnest:		log_level: verbose
[10/02/25 08:38:55] crowsnest:		delete_log: false
[10/02/25 08:38:55] crowsnest:		no_proxy: false
[10/02/25 08:38:55] crowsnest:		
[10/02/25 08:38:55] crowsnest:		[cam 1]
[10/02/25 08:38:55] crowsnest:		mode: ustreamer
[10/02/25 08:38:55] crowsnest:		
[10/02/25 08:38:55] crowsnest:		enable_rtsp: false
[10/02/25 08:38:55] crowsnest:		rtsp_port: 8554
[10/02/25 08:38:55] crowsnest:		port: 8080
[10/02/25 08:38:55] crowsnest:		device: /dev/video0
[10/02/25 08:38:55] crowsnest:		resolution: 2040x1536
[10/02/25 08:38:55] crowsnest:		max_fps: 15
[10/02/25 08:38:55] crowsnest: INFO: Detect available Devices
[10/02/25 08:38:55] crowsnest: INFO: Found 1 total available Device(s)
[10/02/25 08:38:55] crowsnest: INFO: Found 1 available v4l2 (UVC) camera(s)
[10/02/25 08:38:55] crowsnest: /dev/v4l/by-id/usb-Sonix_Technology_Co.__Ltd._Webcam_Webcam-video-index0 -> /dev/video0
[10/02/25 08:38:56] crowsnest: Supported Formats:
[10/02/25 08:38:56] crowsnest:		[0]: 'MJPG' (Motion-JPEG, compressed)
[10/02/25 08:38:56] crowsnest:		Size: Discrete 1920x1080
[10/02/25 08:38:56] crowsnest:		Interval: Discrete 0.033s (30.000 fps)
[10/02/25 08:38:56] crowsnest:		Size: Discrete 640x480
[10/02/25 08:38:56] crowsnest:		Interval: Discrete 0.033s (30.000 fps)
[10/02/25 08:38:56] crowsnest:		Size: Discrete 1024x768
[10/02/25 08:38:56] crowsnest:		Interval: Discrete 0.033s (30.000 fps)
[10/02/25 08:38:56] crowsnest:		Size: Discrete 1280x720
[10/02/25 08:38:56] crowsnest:		Interval: Discrete 0.033s (30.000 fps)
[10/02/25 08:38:56] crowsnest:		Size: Discrete 1280x1024
[10/02/25 08:38:56] crowsnest:		Interval: Discrete 0.033s (30.000 fps)
[10/02/25 08:38:56] crowsnest:		Size: Discrete 2048x1536
[10/02/25 08:38:56] crowsnest:		Interval: Discrete 0.033s (30.000 fps)
[10/02/25 08:38:56] crowsnest:		Size: Discrete 320x240
[10/02/25 08:38:56] crowsnest:		Interval: Discrete 0.033s (30.000 fps)
[10/02/25 08:38:56] crowsnest:		[1]: 'YUYV' (YUYV 4:2:2)
[10/02/25 08:38:56] crowsnest:		Size: Discrete 640x480
[10/02/25 08:38:56] crowsnest:		Interval: Discrete 0.040s (25.000 fps)
[10/02/25 08:38:56] crowsnest:		Size: Discrete 1024x768
[10/02/25 08:38:56] crowsnest:		Interval: Discrete 0.100s (10.000 fps)
[10/02/25 08:38:56] crowsnest:		Size: Discrete 1280x720
[10/02/25 08:38:56] crowsnest:		Interval: Discrete 0.100s (10.000 fps)
[10/02/25 08:38:56] crowsnest:		Size: Discrete 1280x1024
[10/02/25 08:38:56] crowsnest:		Interval: Discrete 0.200s (5.000 fps)
[10/02/25 08:38:56] crowsnest:		Size: Discrete 1920x1080
[10/02/25 08:38:56] crowsnest:		Interval: Discrete 0.200s (5.000 fps)
[10/02/25 08:38:56] crowsnest:		Size: Discrete 320x240
[10/02/25 08:38:56] crowsnest:		Interval: Discrete 0.033s (30.000 fps)
[10/02/25 08:38:56] crowsnest:		Size: Discrete 2048x1536
[10/02/25 08:38:56] crowsnest:		Interval: Discrete 0.200s (5.000 fps)
[10/02/25 08:38:56] crowsnest: Supported Controls:
[10/02/25 08:38:56] crowsnest:		
[10/02/25 08:38:56] crowsnest:		User Controls
[10/02/25 08:38:56] crowsnest:		
[10/02/25 08:38:56] crowsnest:		brightness 0x00980900 (int)    : min=-64 max=64 step=1 default=0 value=0
[10/02/25 08:38:56] crowsnest:		contrast 0x00980901 (int)    : min=0 max=64 step=1 default=32 value=32
[10/02/25 08:38:56] crowsnest:		saturation 0x00980902 (int)    : min=1 max=128 step=1 default=64 value=64
[10/02/25 08:38:56] crowsnest:		hue 0x00980903 (int)    : min=-40 max=40 step=1 default=0 value=0
[10/02/25 08:38:56] crowsnest:		white_balance_automatic 0x0098090c (bool)   : default=1 value=1
[10/02/25 08:38:56] crowsnest:		gamma 0x00980910 (int)    : min=72 max=500 step=1 default=100 value=100
[10/02/25 08:38:56] crowsnest:		gain 0x00980913 (int)    : min=0 max=100 step=1 default=0 value=0
[10/02/25 08:38:56] crowsnest:		power_line_frequency 0x00980918 (menu)   : min=0 max=2 default=1 value=1 (50 Hz)
[10/02/25 08:38:56] crowsnest:		0: Disabled
[10/02/25 08:38:56] crowsnest:		1: 50 Hz
[10/02/25 08:38:56] crowsnest:		2: 60 Hz
[10/02/25 08:38:56] crowsnest:		white_balance_temperature 0x0098091a (int)    : min=2800 max=6500 step=1 default=4600 value=4600 flags=inactive
[10/02/25 08:38:56] crowsnest:		sharpness 0x0098091b (int)    : min=0 max=6 step=1 default=5 value=5
[10/02/25 08:38:56] crowsnest:		backlight_compensation 0x0098091c (int)    : min=0 max=2 step=1 default=1 value=1
[10/02/25 08:38:56] crowsnest:		
[10/02/25 08:38:56] crowsnest:		Camera Controls
[10/02/25 08:38:56] crowsnest:		
[10/02/25 08:38:56] crowsnest:		auto_exposure 0x009a0901 (menu)   : min=0 max=3 default=3 value=3 (Aperture Priority Mode)
[10/02/25 08:38:56] crowsnest:		1: Manual Mode
[10/02/25 08:38:56] crowsnest:		3: Aperture Priority Mode
[10/02/25 08:38:56] crowsnest:		exposure_time_absolute 0x009a0902 (int)    : min=1 max=5000 step=1 default=625 value=625 flags=inactive
[10/02/25 08:38:56] crowsnest:		exposure_dynamic_framerate 0x009a0903 (bool)   : default=0 value=1
[10/02/25 08:38:56] crowsnest: Try to start configured Cams / Services...
[10/02/25 08:38:59] crowsnest: INFO: Configuration of Section [cam 1] looks good. Continue ...
[10/02/25 08:39:00] crowsnest: V4L2 Control: No parameters set for [cam 1]. Skipped.
[10/02/25 08:39:03] crowsnest: Starting ustreamer with Device /dev/video0 ...
[10/02/25 08:39:04] crowsnest:  ... Done!
[10/02/25 07:17:21] crowsnest: crowsnest - A webcam Service for multiple Cams and Stream Services.
[10/02/25 08:50:22] crowsnest: Version: v4.1.16-1-g059fa87
[10/02/25 08:50:22] crowsnest: Prepare Startup ...
[10/02/25 08:50:22] crowsnest: INFO: Host information:
[10/02/25 08:50:22] crowsnest: Host Info: Distribution: Armbian 25.8.1 bookworm
Armbian 25.8.1 bookworm
[10/02/25 08:50:22] crowsnest: Host Info: Kernel: Linux 6.6.66-vendor-sunxi64 aarch64
[10/02/25 08:50:22] crowsnest: Host Info: Available CPU Cores: 4
[10/02/25 08:50:22] crowsnest: Host Info: Available Memory: 940764 kB
[10/02/25 08:50:22] crowsnest: Host Info: Diskspace (avail. / total): 8.8G / 15G
[10/02/25 08:50:22] crowsnest: INFO: Checking Dependencies
[10/02/25 08:50:25] crowsnest: Dependency: 'crudini' found in /usr/bin/crudini.
[10/02/25 08:50:25] crowsnest: Dependency: 'find' found in /usr/bin/find.
[10/02/25 08:50:25] crowsnest: Dependency: 'xargs' found in /usr/bin/xargs.
[10/02/25 08:50:25] crowsnest: Dependency: 'ustreamer' found in bin/ustreamer/src/ustreamer.bin.
[10/02/25 08:50:25] crowsnest: Version Control: ustreamer is up to date. (v6.10)
[10/02/25 08:50:25] crowsnest: INFO: Print Configfile: '/home/biqu/printer_data/config/crowsnest.conf'
[10/02/25 08:50:25] crowsnest:		[crowsnest]
[10/02/25 08:50:25] crowsnest:		log_path: /home/biqu/printer_data/logs/crowsnest.log
[10/02/25 08:50:25] crowsnest:		log_level: verbose
[10/02/25 08:50:25] crowsnest:		delete_log: false
[10/02/25 08:50:25] crowsnest:		no_proxy: false
[10/02/25 08:50:25] crowsnest:		
[10/02/25 08:50:25] crowsnest:		[cam 1]
[10/02/25 08:50:25] crowsnest:		mode: ustreamer
[10/02/25 08:50:25] crowsnest:		
[10/02/25 08:50:25] crowsnest:		enable_rtsp: false
[10/02/25 08:50:25] crowsnest:		rtsp_port: 8554
[10/02/25 08:50:25] crowsnest:		port: 8080
[10/02/25 08:50:25] crowsnest:		device: /dev/video0
[10/02/25 08:50:25] crowsnest:		resolution: 2040x1536
[10/02/25 08:50:25] crowsnest:		max_fps: 15
[10/02/25 08:50:25] crowsnest: INFO: Detect available Devices
[10/02/25 08:50:26] crowsnest: INFO: Found 1 total available Device(s)
[10/02/25 08:50:26] crowsnest: INFO: Found 1 available v4l2 (UVC) camera(s)
[10/02/25 08:50:26] crowsnest: /dev/v4l/by-id/usb-Sonix_Technology_Co.__Ltd._Webcam_Webcam-video-index0 -> /dev/video0
[10/02/25 08:50:26] crowsnest: Supported Formats:
[10/02/25 08:50:26] crowsnest:		[0]: 'MJPG' (Motion-JPEG, compressed)
[10/02/25 08:50:26] crowsnest:		Size: Discrete 1920x1080
[10/02/25 08:50:26] crowsnest:		Interval: Discrete 0.033s (30.000 fps)
[10/02/25 08:50:26] crowsnest:		Size: Discrete 640x480
[10/02/25 08:50:26] crowsnest:		Interval: Discrete 0.033s (30.000 fps)
[10/02/25 08:50:26] crowsnest:		Size: Discrete 1024x768
[10/02/25 08:50:26] crowsnest:		Interval: Discrete 0.033s (30.000 fps)
[10/02/25 08:50:26] crowsnest:		Size: Discrete 1280x720
[10/02/25 08:50:26] crowsnest:		Interval: Discrete 0.033s (30.000 fps)
[10/02/25 08:50:26] crowsnest:		Size: Discrete 1280x1024
[10/02/25 08:50:26] crowsnest:		Interval: Discrete 0.033s (30.000 fps)
[10/02/25 08:50:26] crowsnest:		Size: Discrete 2048x1536
[10/02/25 08:50:26] crowsnest:		Interval: Discrete 0.033s (30.000 fps)
[10/02/25 08:50:26] crowsnest:		Size: Discrete 320x240
[10/02/25 08:50:26] crowsnest:		Interval: Discrete 0.033s (30.000 fps)
[10/02/25 08:50:26] crowsnest:		[1]: 'YUYV' (YUYV 4:2:2)
[10/02/25 08:50:26] crowsnest:		Size: Discrete 640x480
[10/02/25 08:50:26] crowsnest:		Interval: Discrete 0.040s (25.000 fps)
[10/02/25 08:50:26] crowsnest:		Size: Discrete 1024x768
[10/02/25 08:50:26] crowsnest:		Interval: Discrete 0.100s (10.000 fps)
[10/02/25 08:50:26] crowsnest:		Size: Discrete 1280x720
[10/02/25 08:50:26] crowsnest:		Interval: Discrete 0.100s (10.000 fps)
[10/02/25 08:50:26] crowsnest:		Size: Discrete 1280x1024
[10/02/25 08:50:26] crowsnest:		Interval: Discrete 0.200s (5.000 fps)
[10/02/25 08:50:26] crowsnest:		Size: Discrete 1920x1080
[10/02/25 08:50:26] crowsnest:		Interval: Discrete 0.200s (5.000 fps)
[10/02/25 08:50:26] crowsnest:		Size: Discrete 320x240
[10/02/25 08:50:26] crowsnest:		Interval: Discrete 0.033s (30.000 fps)
[10/02/25 08:50:26] crowsnest:		Size: Discrete 2048x1536
[10/02/25 08:50:26] crowsnest:		Interval: Discrete 0.200s (5.000 fps)
[10/02/25 08:50:26] crowsnest: Supported Controls:
[10/02/25 08:50:26] crowsnest:		
[10/02/25 08:50:26] crowsnest:		User Controls
[10/02/25 08:50:26] crowsnest:		
[10/02/25 08:50:26] crowsnest:		brightness 0x00980900 (int)    : min=-64 max=64 step=1 default=0 value=0
[10/02/25 08:50:26] crowsnest:		contrast 0x00980901 (int)    : min=0 max=64 step=1 default=32 value=32
[10/02/25 08:50:26] crowsnest:		saturation 0x00980902 (int)    : min=1 max=128 step=1 default=64 value=64
[10/02/25 08:50:26] crowsnest:		hue 0x00980903 (int)    : min=-40 max=40 step=1 default=0 value=0
[10/02/25 08:50:26] crowsnest:		white_balance_automatic 0x0098090c (bool)   : default=1 value=1
[10/02/25 08:50:26] crowsnest:		gamma 0x00980910 (int)    : min=72 max=500 step=1 default=100 value=100
[10/02/25 08:50:26] crowsnest:		gain 0x00980913 (int)    : min=0 max=100 step=1 default=0 value=0
[10/02/25 08:50:26] crowsnest:		power_line_frequency 0x00980918 (menu)   : min=0 max=2 default=1 value=1 (50 Hz)
[10/02/25 08:50:26] crowsnest:		0: Disabled
[10/02/25 08:50:26] crowsnest:		1: 50 Hz
[10/02/25 08:50:26] crowsnest:		2: 60 Hz
[10/02/25 08:50:26] crowsnest:		white_balance_temperature 0x0098091a (int)    : min=2800 max=6500 step=1 default=4600 value=4600 flags=inactive
[10/02/25 08:50:26] crowsnest:		sharpness 0x0098091b (int)    : min=0 max=6 step=1 default=5 value=5
[10/02/25 08:50:26] crowsnest:		backlight_compensation 0x0098091c (int)    : min=0 max=2 step=1 default=1 value=1
[10/02/25 08:50:26] crowsnest:		
[10/02/25 08:50:26] crowsnest:		Camera Controls
[10/02/25 08:50:26] crowsnest:		
[10/02/25 08:50:26] crowsnest:		auto_exposure 0x009a0901 (menu)   : min=0 max=3 default=3 value=3 (Aperture Priority Mode)
[10/02/25 08:50:26] crowsnest:		1: Manual Mode
[10/02/25 08:50:26] crowsnest:		3: Aperture Priority Mode
[10/02/25 08:50:26] crowsnest:		exposure_time_absolute 0x009a0902 (int)    : min=1 max=5000 step=1 default=625 value=625 flags=inactive
[10/02/25 08:50:26] crowsnest:		exposure_dynamic_framerate 0x009a0903 (bool)   : default=0 value=1
[10/02/25 08:50:26] crowsnest: Try to start configured Cams / Services...
[10/02/25 08:50:29] crowsnest: INFO: Configuration of Section [cam 1] looks good. Continue ...
[10/02/25 08:50:30] crowsnest: V4L2 Control: No parameters set for [cam 1]. Skipped.
[10/02/25 08:50:33] crowsnest: Starting ustreamer with Device /dev/video0 ...
[10/02/25 08:50:34] crowsnest:  ... Done!
[10/02/25 10:17:20] crowsnest: crowsnest - A webcam Service for multiple Cams and Stream Services.
[10/02/25 10:17:21] crowsnest: Version: v4.1.16-1-g059fa87
[10/02/25 10:17:21] crowsnest: Prepare Startup ...
[10/02/25 10:17:21] crowsnest: INFO: Host information:
[10/02/25 10:17:21] crowsnest: Host Info: Distribution: Armbian 25.8.1 bookworm
Armbian 25.8.1 bookworm
[10/02/25 10:17:21] crowsnest: Host Info: Kernel: Linux 6.6.66-vendor-sunxi64 aarch64
[10/02/25 10:17:21] crowsnest: Host Info: Available CPU Cores: 4
[10/02/25 10:17:21] crowsnest: Host Info: Available Memory: 940764 kB
[10/02/25 10:17:21] crowsnest: Host Info: Diskspace (avail. / total): 8.8G / 15G
[10/02/25 10:17:21] crowsnest: INFO: Checking Dependencies
[10/02/25 11:07:36] crowsnest: Dependency: 'crudini' found in /usr/bin/crudini.
[10/02/25 11:07:36] crowsnest: Dependency: 'find' found in /usr/bin/find.
[10/02/25 11:07:36] crowsnest: Dependency: 'xargs' found in /usr/bin/xargs.
[10/02/25 11:07:36] crowsnest: Dependency: 'ustreamer' found in bin/ustreamer/src/ustreamer.bin.
[10/02/25 11:07:36] crowsnest: Version Control: ustreamer is up to date. (v6.10)
[10/02/25 11:07:36] crowsnest: INFO: Print Configfile: '/home/biqu/printer_data/config/crowsnest.conf'
[10/02/25 11:07:36] crowsnest:		[crowsnest]
[10/02/25 11:07:36] crowsnest:		log_path: /home/biqu/printer_data/logs/crowsnest.log
[10/02/25 11:07:36] crowsnest:		log_level: verbose
[10/02/25 11:07:36] crowsnest:		delete_log: false
[10/02/25 11:07:36] crowsnest:		no_proxy: false
[10/02/25 11:07:36] crowsnest:		
[10/02/25 11:07:36] crowsnest:		[cam 1]
[10/02/25 11:07:36] crowsnest:		mode: ustreamer
[10/02/25 11:07:36] crowsnest:		
[10/02/25 11:07:36] crowsnest:		enable_rtsp: false
[10/02/25 11:07:36] crowsnest:		rtsp_port: 8554
[10/02/25 11:07:36] crowsnest:		port: 8080
[10/02/25 11:07:36] crowsnest:		device: /dev/video0
[10/02/25 11:07:36] crowsnest:		resolution: 2040x1536
[10/02/25 11:07:36] crowsnest:		max_fps: 15
[10/02/25 11:07:36] crowsnest: INFO: Detect available Devices
[10/02/25 11:07:36] crowsnest: INFO: Found 1 total available Device(s)
[10/02/25 11:07:36] crowsnest: INFO: Found 1 available v4l2 (UVC) camera(s)
[10/02/25 11:07:36] crowsnest: /dev/v4l/by-id/usb-Sonix_Technology_Co.__Ltd._Webcam_Webcam-video-index0 -> /dev/video0
[10/02/25 11:07:36] crowsnest: Supported Formats:
[10/02/25 11:07:36] crowsnest:		[0]: 'MJPG' (Motion-JPEG, compressed)
[10/02/25 11:07:36] crowsnest:		Size: Discrete 1920x1080
[10/02/25 11:07:36] crowsnest:		Interval: Discrete 0.033s (30.000 fps)
[10/02/25 11:07:36] crowsnest:		Size: Discrete 640x480
[10/02/25 11:07:36] crowsnest:		Interval: Discrete 0.033s (30.000 fps)
[10/02/25 11:07:36] crowsnest:		Size: Discrete 1024x768
[10/02/25 11:07:36] crowsnest:		Interval: Discrete 0.033s (30.000 fps)
[10/02/25 11:07:36] crowsnest:		Size: Discrete 1280x720
[10/02/25 11:07:36] crowsnest:		Interval: Discrete 0.033s (30.000 fps)
[10/02/25 11:07:36] crowsnest:		Size: Discrete 1280x1024
[10/02/25 11:07:36] crowsnest:		Interval: Discrete 0.033s (30.000 fps)
[10/02/25 11:07:36] crowsnest:		Size: Discrete 2048x1536
[10/02/25 11:07:36] crowsnest:		Interval: Discrete 0.033s (30.000 fps)
[10/02/25 11:07:36] crowsnest:		Size: Discrete 320x240
[10/02/25 11:07:36] crowsnest:		Interval: Discrete 0.033s (30.000 fps)
[10/02/25 11:07:36] crowsnest:		[1]: 'YUYV' (YUYV 4:2:2)
[10/02/25 11:07:36] crowsnest:		Size: Discrete 640x480
[10/02/25 11:07:36] crowsnest:		Interval: Discrete 0.040s (25.000 fps)
[10/02/25 11:07:36] crowsnest:		Size: Discrete 1024x768
[10/02/25 11:07:36] crowsnest:		Interval: Discrete 0.100s (10.000 fps)
[10/02/25 11:07:36] crowsnest:		Size: Discrete 1280x720
[10/02/25 11:07:36] crowsnest:		Interval: Discrete 0.100s (10.000 fps)
[10/02/25 11:07:36] crowsnest:		Size: Discrete 1280x1024
[10/02/25 11:07:36] crowsnest:		Interval: Discrete 0.200s (5.000 fps)
[10/02/25 11:07:36] crowsnest:		Size: Discrete 1920x1080
[10/02/25 11:07:36] crowsnest:		Interval: Discrete 0.200s (5.000 fps)
[10/02/25 11:07:36] crowsnest:		Size: Discrete 320x240
[10/02/25 11:07:36] crowsnest:		Interval: Discrete 0.033s (30.000 fps)
[10/02/25 11:07:36] crowsnest:		Size: Discrete 2048x1536
[10/02/25 11:07:36] crowsnest:		Interval: Discrete 0.200s (5.000 fps)
[10/02/25 11:07:37] crowsnest: Supported Controls:
[10/02/25 11:07:37] crowsnest:		
[10/02/25 11:07:37] crowsnest:		User Controls
[10/02/25 11:07:37] crowsnest:		
[10/02/25 11:07:37] crowsnest:		brightness 0x00980900 (int)    : min=-64 max=64 step=1 default=0 value=0
[10/02/25 11:07:37] crowsnest:		contrast 0x00980901 (int)    : min=0 max=64 step=1 default=32 value=32
[10/02/25 11:07:37] crowsnest:		saturation 0x00980902 (int)    : min=1 max=128 step=1 default=64 value=64
[10/02/25 11:07:37] crowsnest:		hue 0x00980903 (int)    : min=-40 max=40 step=1 default=0 value=0
[10/02/25 11:07:37] crowsnest:		white_balance_automatic 0x0098090c (bool)   : default=1 value=1
[10/02/25 11:07:37] crowsnest:		gamma 0x00980910 (int)    : min=72 max=500 step=1 default=100 value=100
[10/02/25 11:07:37] crowsnest:		gain 0x00980913 (int)    : min=0 max=100 step=1 default=0 value=0
[10/02/25 11:07:37] crowsnest:		power_line_frequency 0x00980918 (menu)   : min=0 max=2 default=1 value=1 (50 Hz)
[10/02/25 11:07:37] crowsnest:		0: Disabled
[10/02/25 11:07:37] crowsnest:		1: 50 Hz
[10/02/25 11:07:37] crowsnest:		2: 60 Hz
[10/02/25 11:07:37] crowsnest:		white_balance_temperature 0x0098091a (int)    : min=2800 max=6500 step=1 default=4600 value=4600 flags=inactive
[10/02/25 11:07:37] crowsnest:		sharpness 0x0098091b (int)    : min=0 max=6 step=1 default=5 value=5
[10/02/25 11:07:37] crowsnest:		backlight_compensation 0x0098091c (int)    : min=0 max=2 step=1 default=1 value=1
[10/02/25 11:07:37] crowsnest:		
[10/02/25 11:07:37] crowsnest:		Camera Controls
[10/02/25 11:07:37] crowsnest:		
[10/02/25 11:07:37] crowsnest:		auto_exposure 0x009a0901 (menu)   : min=0 max=3 default=3 value=3 (Aperture Priority Mode)
[10/02/25 11:07:37] crowsnest:		1: Manual Mode
[10/02/25 11:07:37] crowsnest:		3: Aperture Priority Mode
[10/02/25 11:07:37] crowsnest:		exposure_time_absolute 0x009a0902 (int)    : min=1 max=5000 step=1 default=625 value=625 flags=inactive
[10/02/25 11:07:37] crowsnest:		exposure_dynamic_framerate 0x009a0903 (bool)   : default=0 value=1
[10/02/25 11:07:37] crowsnest: Try to start configured Cams / Services...
[10/02/25 11:07:40] crowsnest: INFO: Configuration of Section [cam 1] looks good. Continue ...
[10/02/25 11:07:41] crowsnest: V4L2 Control: No parameters set for [cam 1]. Skipped.
[10/02/25 11:07:44] crowsnest: Starting ustreamer with Device /dev/video0 ...
[10/02/25 11:07:45] crowsnest:  ... Done!
[10/02/25 12:17:25] crowsnest: crowsnest - A webcam Service for multiple Cams and Stream Services.
[10/02/25 12:34:08] crowsnest: Version: v4.1.16-1-g059fa87
[10/02/25 12:34:08] crowsnest: Prepare Startup ...
[10/02/25 12:34:08] crowsnest: INFO: Host information:
[10/02/25 12:34:08] crowsnest: Host Info: Distribution: Armbian 25.8.1 bookworm
Armbian 25.8.1 bookworm
[10/02/25 12:34:08] crowsnest: Host Info: Kernel: Linux 6.6.66-vendor-sunxi64 aarch64
[10/02/25 12:34:08] crowsnest: Host Info: Available CPU Cores: 4
[10/02/25 12:34:08] crowsnest: Host Info: Available Memory: 940764 kB
[10/02/25 12:34:08] crowsnest: Host Info: Diskspace (avail. / total): 8.8G / 15G
[10/02/25 12:34:08] crowsnest: INFO: Checking Dependencies
[10/02/25 12:34:12] crowsnest: Dependency: 'crudini' found in /usr/bin/crudini.
[10/02/25 12:34:12] crowsnest: Dependency: 'find' found in /usr/bin/find.
[10/02/25 12:34:12] crowsnest: Dependency: 'xargs' found in /usr/bin/xargs.
[10/02/25 12:34:12] crowsnest: Dependency: 'ustreamer' found in bin/ustreamer/src/ustreamer.bin.
[10/02/25 12:34:12] crowsnest: Version Control: ustreamer is up to date. (v6.10)
[10/02/25 12:34:12] crowsnest: INFO: Print Configfile: '/home/biqu/printer_data/config/crowsnest.conf'
[10/02/25 12:34:12] crowsnest:		[crowsnest]
[10/02/25 12:34:12] crowsnest:		log_path: /home/biqu/printer_data/logs/crowsnest.log
[10/02/25 12:34:12] crowsnest:		log_level: verbose
[10/02/25 12:34:12] crowsnest:		delete_log: false
[10/02/25 12:34:12] crowsnest:		no_proxy: false
[10/02/25 12:34:12] crowsnest:		
[10/02/25 12:34:12] crowsnest:		[cam 1]
[10/02/25 12:34:12] crowsnest:		mode: ustreamer
[10/02/25 12:34:12] crowsnest:		
[10/02/25 12:34:12] crowsnest:		enable_rtsp: false
[10/02/25 12:34:12] crowsnest:		rtsp_port: 8554
[10/02/25 12:34:12] crowsnest:		port: 8080
[10/02/25 12:34:12] crowsnest:		device: /dev/video0
[10/02/25 12:34:12] crowsnest:		resolution: 2040x1536
[10/02/25 12:34:12] crowsnest:		max_fps: 15
[10/02/25 12:34:12] crowsnest: INFO: Detect available Devices
[10/02/25 12:34:12] crowsnest: INFO: Found 1 total available Device(s)
[10/02/25 12:34:12] crowsnest: INFO: Found 1 available v4l2 (UVC) camera(s)
[10/02/25 12:34:12] crowsnest: /dev/v4l/by-id/usb-Sonix_Technology_Co.__Ltd._Webcam_Webcam-video-index0 -> /dev/video0
[10/02/25 12:34:12] crowsnest: Supported Formats:
[10/02/25 12:34:12] crowsnest:		[0]: 'MJPG' (Motion-JPEG, compressed)
[10/02/25 12:34:12] crowsnest:		Size: Discrete 1920x1080
[10/02/25 12:34:12] crowsnest:		Interval: Discrete 0.033s (30.000 fps)
[10/02/25 12:34:12] crowsnest:		Size: Discrete 640x480
[10/02/25 12:34:12] crowsnest:		Interval: Discrete 0.033s (30.000 fps)
[10/02/25 12:34:12] crowsnest:		Size: Discrete 1024x768
[10/02/25 12:34:12] crowsnest:		Interval: Discrete 0.033s (30.000 fps)
[10/02/25 12:34:12] crowsnest:		Size: Discrete 1280x720
[10/02/25 12:34:12] crowsnest:		Interval: Discrete 0.033s (30.000 fps)
[10/02/25 12:34:12] crowsnest:		Size: Discrete 1280x1024
[10/02/25 12:34:12] crowsnest:		Interval: Discrete 0.033s (30.000 fps)
[10/02/25 12:34:12] crowsnest:		Size: Discrete 2048x1536
[10/02/25 12:34:12] crowsnest:		Interval: Discrete 0.033s (30.000 fps)
[10/02/25 12:34:12] crowsnest:		Size: Discrete 320x240
[10/02/25 12:34:12] crowsnest:		Interval: Discrete 0.033s (30.000 fps)
[10/02/25 12:34:12] crowsnest:		[1]: 'YUYV' (YUYV 4:2:2)
[10/02/25 12:34:12] crowsnest:		Size: Discrete 640x480
[10/02/25 12:34:12] crowsnest:		Interval: Discrete 0.040s (25.000 fps)
[10/02/25 12:34:12] crowsnest:		Size: Discrete 1024x768
[10/02/25 12:34:12] crowsnest:		Interval: Discrete 0.100s (10.000 fps)
[10/02/25 12:34:12] crowsnest:		Size: Discrete 1280x720
[10/02/25 12:34:12] crowsnest:		Interval: Discrete 0.100s (10.000 fps)
[10/02/25 12:34:12] crowsnest:		Size: Discrete 1280x1024
[10/02/25 12:34:12] crowsnest:		Interval: Discrete 0.200s (5.000 fps)
[10/02/25 12:34:12] crowsnest:		Size: Discrete 1920x1080
[10/02/25 12:34:12] crowsnest:		Interval: Discrete 0.200s (5.000 fps)
[10/02/25 12:34:12] crowsnest:		Size: Discrete 320x240
[10/02/25 12:34:12] crowsnest:		Interval: Discrete 0.033s (30.000 fps)
[10/02/25 12:34:12] crowsnest:		Size: Discrete 2048x1536
[10/02/25 12:34:12] crowsnest:		Interval: Discrete 0.200s (5.000 fps)
[10/02/25 12:34:13] crowsnest: Supported Controls:
[10/02/25 12:34:13] crowsnest:		
[10/02/25 12:34:13] crowsnest:		User Controls
[10/02/25 12:34:13] crowsnest:		
[10/02/25 12:34:13] crowsnest:		brightness 0x00980900 (int)    : min=-64 max=64 step=1 default=0 value=0
[10/02/25 12:34:13] crowsnest:		contrast 0x00980901 (int)    : min=0 max=64 step=1 default=32 value=32
[10/02/25 12:34:13] crowsnest:		saturation 0x00980902 (int)    : min=1 max=128 step=1 default=64 value=64
[10/02/25 12:34:13] crowsnest:		hue 0x00980903 (int)    : min=-40 max=40 step=1 default=0 value=0
[10/02/25 12:34:13] crowsnest:		white_balance_automatic 0x0098090c (bool)   : default=1 value=1
[10/02/25 12:34:13] crowsnest:		gamma 0x00980910 (int)    : min=72 max=500 step=1 default=100 value=100
[10/02/25 12:34:13] crowsnest:		gain 0x00980913 (int)    : min=0 max=100 step=1 default=0 value=0
[10/02/25 12:34:13] crowsnest:		power_line_frequency 0x00980918 (menu)   : min=0 max=2 default=1 value=1 (50 Hz)
[10/02/25 12:34:13] crowsnest:		0: Disabled
[10/02/25 12:34:13] crowsnest:		1: 50 Hz
[10/02/25 12:34:13] crowsnest:		2: 60 Hz
[10/02/25 12:34:13] crowsnest:		white_balance_temperature 0x0098091a (int)    : min=2800 max=6500 step=1 default=4600 value=4600 flags=inactive
[10/02/25 12:34:13] crowsnest:		sharpness 0x0098091b (int)    : min=0 max=6 step=1 default=5 value=5
[10/02/25 12:34:13] crowsnest:		backlight_compensation 0x0098091c (int)    : min=0 max=2 step=1 default=1 value=1
[10/02/25 12:34:13] crowsnest:		
[10/02/25 12:34:13] crowsnest:		Camera Controls
[10/02/25 12:34:13] crowsnest:		
[10/02/25 12:34:13] crowsnest:		auto_exposure 0x009a0901 (menu)   : min=0 max=3 default=3 value=3 (Aperture Priority Mode)
[10/02/25 12:34:13] crowsnest:		1: Manual Mode
[10/02/25 12:34:13] crowsnest:		3: Aperture Priority Mode
[10/02/25 12:34:13] crowsnest:		exposure_time_absolute 0x009a0902 (int)    : min=1 max=5000 step=1 default=625 value=625 flags=inactive
[10/02/25 12:34:13] crowsnest:		exposure_dynamic_framerate 0x009a0903 (bool)   : default=0 value=1
[10/02/25 12:34:13] crowsnest: Try to start configured Cams / Services...
[10/02/25 12:34:16] crowsnest: INFO: Configuration of Section [cam 1] looks good. Continue ...
[10/02/25 12:34:17] crowsnest: V4L2 Control: No parameters set for [cam 1]. Skipped.
[10/02/25 12:34:20] crowsnest: Starting ustreamer with Device /dev/video0 ...
[10/02/25 12:34:21] crowsnest:  ... Done!
[10/02/25 12:17:20] crowsnest: crowsnest - A webcam Service for multiple Cams and Stream Services.
[10/02/25 12:17:21] crowsnest: Version: v4.1.16-1-g059fa87
[10/02/25 12:17:21] crowsnest: Prepare Startup ...
[10/02/25 12:17:21] crowsnest: INFO: Host information:
[10/02/25 12:17:21] crowsnest: Host Info: Distribution: Armbian 25.8.1 bookworm
Armbian 25.8.1 bookworm
[10/02/25 12:17:21] crowsnest: Host Info: Kernel: Linux 6.6.66-vendor-sunxi64 aarch64
[10/02/25 12:17:21] crowsnest: Host Info: Available CPU Cores: 4
[10/02/25 12:17:21] crowsnest: Host Info: Available Memory: 940764 kB
[10/02/25 12:17:21] crowsnest: Host Info: Diskspace (avail. / total): 8.8G / 15G
[10/02/25 12:17:21] crowsnest: INFO: Checking Dependencies
[10/02/25 12:35:44] crowsnest: Dependency: 'crudini' found in /usr/bin/crudini.
[10/02/25 12:35:44] crowsnest: Dependency: 'find' found in /usr/bin/find.
[10/02/25 12:35:44] crowsnest: Dependency: 'xargs' found in /usr/bin/xargs.
[10/02/25 12:35:44] crowsnest: Dependency: 'ustreamer' found in bin/ustreamer/src/ustreamer.bin.
[10/02/25 12:35:45] crowsnest: Version Control: ustreamer is up to date. (v6.10)
[10/02/25 12:35:45] crowsnest: INFO: Print Configfile: '/home/biqu/printer_data/config/crowsnest.conf'
[10/02/25 12:35:45] crowsnest:		[crowsnest]
[10/02/25 12:35:45] crowsnest:		log_path: /home/biqu/printer_data/logs/crowsnest.log
[10/02/25 12:35:45] crowsnest:		log_level: verbose
[10/02/25 12:35:45] crowsnest:		delete_log: false
[10/02/25 12:35:45] crowsnest:		no_proxy: false
[10/02/25 12:35:45] crowsnest:		
[10/02/25 12:35:45] crowsnest:		[cam 1]
[10/02/25 12:35:45] crowsnest:		mode: ustreamer
[10/02/25 12:35:45] crowsnest:		
[10/02/25 12:35:45] crowsnest:		enable_rtsp: false
[10/02/25 12:35:45] crowsnest:		rtsp_port: 8554
[10/02/25 12:35:45] crowsnest:		port: 8080
[10/02/25 12:35:45] crowsnest:		device: /dev/video0
[10/02/25 12:35:45] crowsnest:		resolution: 2040x1536
[10/02/25 12:35:45] crowsnest:		max_fps: 15
[10/02/25 12:35:45] crowsnest: INFO: Detect available Devices
[10/02/25 12:35:45] crowsnest: INFO: Found 1 total available Device(s)
[10/02/25 12:35:45] crowsnest: INFO: Found 1 available v4l2 (UVC) camera(s)
[10/02/25 12:35:45] crowsnest: /dev/v4l/by-id/usb-Sonix_Technology_Co.__Ltd._Webcam_Webcam-video-index0 -> /dev/video0
[10/02/25 12:35:45] crowsnest: Supported Formats:
[10/02/25 12:35:45] crowsnest:		[0]: 'MJPG' (Motion-JPEG, compressed)
[10/02/25 12:35:45] crowsnest:		Size: Discrete 1920x1080
[10/02/25 12:35:45] crowsnest:		Interval: Discrete 0.033s (30.000 fps)
[10/02/25 12:35:45] crowsnest:		Size: Discrete 640x480
[10/02/25 12:35:45] crowsnest:		Interval: Discrete 0.033s (30.000 fps)
[10/02/25 12:35:45] crowsnest:		Size: Discrete 1024x768
[10/02/25 12:35:45] crowsnest:		Interval: Discrete 0.033s (30.000 fps)
[10/02/25 12:35:45] crowsnest:		Size: Discrete 1280x720
[10/02/25 12:35:45] crowsnest:		Interval: Discrete 0.033s (30.000 fps)
[10/02/25 12:35:45] crowsnest:		Size: Discrete 1280x1024
[10/02/25 12:35:45] crowsnest:		Interval: Discrete 0.033s (30.000 fps)
[10/02/25 12:35:45] crowsnest:		Size: Discrete 2048x1536
[10/02/25 12:35:45] crowsnest:		Interval: Discrete 0.033s (30.000 fps)
[10/02/25 12:35:45] crowsnest:		Size: Discrete 320x240
[10/02/25 12:35:45] crowsnest:		Interval: Discrete 0.033s (30.000 fps)
[10/02/25 12:35:45] crowsnest:		[1]: 'YUYV' (YUYV 4:2:2)
[10/02/25 12:35:45] crowsnest:		Size: Discrete 640x480
[10/02/25 12:35:45] crowsnest:		Interval: Discrete 0.040s (25.000 fps)
[10/02/25 12:35:45] crowsnest:		Size: Discrete 1024x768
[10/02/25 12:35:45] crowsnest:		Interval: Discrete 0.100s (10.000 fps)
[10/02/25 12:35:45] crowsnest:		Size: Discrete 1280x720
[10/02/25 12:35:45] crowsnest:		Interval: Discrete 0.100s (10.000 fps)
[10/02/25 12:35:45] crowsnest:		Size: Discrete 1280x1024
[10/02/25 12:35:45] crowsnest:		Interval: Discrete 0.200s (5.000 fps)
[10/02/25 12:35:45] crowsnest:		Size: Discrete 1920x1080
[10/02/25 12:35:45] crowsnest:		Interval: Discrete 0.200s (5.000 fps)
[10/02/25 12:35:45] crowsnest:		Size: Discrete 320x240
[10/02/25 12:35:45] crowsnest:		Interval: Discrete 0.033s (30.000 fps)
[10/02/25 12:35:45] crowsnest:		Size: Discrete 2048x1536
[10/02/25 12:35:45] crowsnest:		Interval: Discrete 0.200s (5.000 fps)
[10/02/25 12:35:45] crowsnest: Supported Controls:
[10/02/25 12:35:45] crowsnest:		
[10/02/25 12:35:45] crowsnest:		User Controls
[10/02/25 12:35:45] crowsnest:		
[10/02/25 12:35:45] crowsnest:		brightness 0x00980900 (int)    : min=-64 max=64 step=1 default=0 value=0
[10/02/25 12:35:45] crowsnest:		contrast 0x00980901 (int)    : min=0 max=64 step=1 default=32 value=32
[10/02/25 12:35:45] crowsnest:		saturation 0x00980902 (int)    : min=1 max=128 step=1 default=64 value=64
[10/02/25 12:35:45] crowsnest:		hue 0x00980903 (int)    : min=-40 max=40 step=1 default=0 value=0
[10/02/25 12:35:45] crowsnest:		white_balance_automatic 0x0098090c (bool)   : default=1 value=1
[10/02/25 12:35:45] crowsnest:		gamma 0x00980910 (int)    : min=72 max=500 step=1 default=100 value=100
[10/02/25 12:35:45] crowsnest:		gain 0x00980913 (int)    : min=0 max=100 step=1 default=0 value=0
[10/02/25 12:35:45] crowsnest:		power_line_frequency 0x00980918 (menu)   : min=0 max=2 default=1 value=1 (50 Hz)
[10/02/25 12:35:45] crowsnest:		0: Disabled
[10/02/25 12:35:45] crowsnest:		1: 50 Hz
[10/02/25 12:35:45] crowsnest:		2: 60 Hz
[10/02/25 12:35:45] crowsnest:		white_balance_temperature 0x0098091a (int)    : min=2800 max=6500 step=1 default=4600 value=4600 flags=inactive
[10/02/25 12:35:45] crowsnest:		sharpness 0x0098091b (int)    : min=0 max=6 step=1 default=5 value=5
[10/02/25 12:35:45] crowsnest:		backlight_compensation 0x0098091c (int)    : min=0 max=2 step=1 default=1 value=1
[10/02/25 12:35:45] crowsnest:		
[10/02/25 12:35:45] crowsnest:		Camera Controls
[10/02/25 12:35:45] crowsnest:		
[10/02/25 12:35:45] crowsnest:		auto_exposure 0x009a0901 (menu)   : min=0 max=3 default=3 value=3 (Aperture Priority Mode)
[10/02/25 12:35:45] crowsnest:		1: Manual Mode
[10/02/25 12:35:45] crowsnest:		3: Aperture Priority Mode
[10/02/25 12:35:45] crowsnest:		exposure_time_absolute 0x009a0902 (int)    : min=1 max=5000 step=1 default=625 value=625 flags=inactive
[10/02/25 12:35:45] crowsnest:		exposure_dynamic_framerate 0x009a0903 (bool)   : default=0 value=1
[10/02/25 12:35:45] crowsnest: Try to start configured Cams / Services...
[10/02/25 12:35:48] crowsnest: INFO: Configuration of Section [cam 1] looks good. Continue ...
[10/02/25 12:35:49] crowsnest: V4L2 Control: No parameters set for [cam 1]. Skipped.
[10/02/25 12:35:52] crowsnest: Starting ustreamer with Device /dev/video0 ...
[10/02/25 12:35:53] crowsnest:  ... Done!
[10/02/25 12:17:20] crowsnest: crowsnest - A webcam Service for multiple Cams and Stream Services.
[10/02/25 12:17:21] crowsnest: Version: v4.1.16-1-g059fa87
[10/02/25 12:17:21] crowsnest: Prepare Startup ...
[10/02/25 12:17:21] crowsnest: INFO: Host information:
[10/02/25 12:17:21] crowsnest: Host Info: Distribution: Armbian 25.8.1 bookworm
Armbian 25.8.1 bookworm
[10/02/25 12:17:21] crowsnest: Host Info: Kernel: Linux 6.6.66-vendor-sunxi64 aarch64
[10/02/25 12:17:21] crowsnest: Host Info: Available CPU Cores: 4
[10/02/25 12:17:21] crowsnest: Host Info: Available Memory: 940764 kB
[10/02/25 12:17:21] crowsnest: Host Info: Diskspace (avail. / total): 8.8G / 15G
[10/02/25 12:17:21] crowsnest: INFO: Checking Dependencies
[10/02/25 13:04:59] crowsnest: Dependency: 'crudini' found in /usr/bin/crudini.
[10/02/25 13:05:00] crowsnest: Dependency: 'find' found in /usr/bin/find.
[10/02/25 13:05:00] crowsnest: Dependency: 'xargs' found in /usr/bin/xargs.
[10/02/25 13:05:00] crowsnest: Dependency: 'ustreamer' found in bin/ustreamer/src/ustreamer.bin.
[10/02/25 13:05:00] crowsnest: Version Control: ustreamer is up to date. (v6.10)
[10/02/25 13:05:00] crowsnest: INFO: Print Configfile: '/home/biqu/printer_data/config/crowsnest.conf'
[10/02/25 13:05:00] crowsnest:		[crowsnest]
[10/02/25 13:05:00] crowsnest:		log_path: /home/biqu/printer_data/logs/crowsnest.log
[10/02/25 13:05:00] crowsnest:		log_level: verbose
[10/02/25 13:05:00] crowsnest:		delete_log: false
[10/02/25 13:05:00] crowsnest:		no_proxy: false
[10/02/25 13:05:00] crowsnest:		
[10/02/25 13:05:00] crowsnest:		[cam 1]
[10/02/25 13:05:00] crowsnest:		mode: ustreamer
[10/02/25 13:05:00] crowsnest:		
[10/02/25 13:05:00] crowsnest:		enable_rtsp: false
[10/02/25 13:05:00] crowsnest:		rtsp_port: 8554
[10/02/25 13:05:00] crowsnest:		port: 8080
[10/02/25 13:05:00] crowsnest:		device: /dev/video0
[10/02/25 13:05:00] crowsnest:		resolution: 2040x1536
[10/02/25 13:05:00] crowsnest:		max_fps: 15
[10/02/25 13:05:00] crowsnest: INFO: Detect available Devices
[10/02/25 13:05:00] crowsnest: INFO: Found 1 total available Device(s)
[10/02/25 13:05:00] crowsnest: INFO: Found 1 available v4l2 (UVC) camera(s)
[10/02/25 13:05:00] crowsnest: /dev/v4l/by-id/usb-Sonix_Technology_Co.__Ltd._Webcam_Webcam-video-index0 -> /dev/video0
[10/02/25 13:05:00] crowsnest: Supported Formats:
[10/02/25 13:05:00] crowsnest:		[0]: 'MJPG' (Motion-JPEG, compressed)
[10/02/25 13:05:00] crowsnest:		Size: Discrete 1920x1080
[10/02/25 13:05:00] crowsnest:		Interval: Discrete 0.033s (30.000 fps)
[10/02/25 13:05:00] crowsnest:		Size: Discrete 640x480
[10/02/25 13:05:00] crowsnest:		Interval: Discrete 0.033s (30.000 fps)
[10/02/25 13:05:00] crowsnest:		Size: Discrete 1024x768
[10/02/25 13:05:00] crowsnest:		Interval: Discrete 0.033s (30.000 fps)
[10/02/25 13:05:00] crowsnest:		Size: Discrete 1280x720
[10/02/25 13:05:00] crowsnest:		Interval: Discrete 0.033s (30.000 fps)
[10/02/25 13:05:00] crowsnest:		Size: Discrete 1280x1024
[10/02/25 13:05:00] crowsnest:		Interval: Discrete 0.033s (30.000 fps)
[10/02/25 13:05:00] crowsnest:		Size: Discrete 2048x1536
[10/02/25 13:05:00] crowsnest:		Interval: Discrete 0.033s (30.000 fps)
[10/02/25 13:05:00] crowsnest:		Size: Discrete 320x240
[10/02/25 13:05:00] crowsnest:		Interval: Discrete 0.033s (30.000 fps)
[10/02/25 13:05:00] crowsnest:		[1]: 'YUYV' (YUYV 4:2:2)
[10/02/25 13:05:00] crowsnest:		Size: Discrete 640x480
[10/02/25 13:05:00] crowsnest:		Interval: Discrete 0.040s (25.000 fps)
[10/02/25 13:05:00] crowsnest:		Size: Discrete 1024x768
[10/02/25 13:05:00] crowsnest:		Interval: Discrete 0.100s (10.000 fps)
[10/02/25 13:05:00] crowsnest:		Size: Discrete 1280x720
[10/02/25 13:05:00] crowsnest:		Interval: Discrete 0.100s (10.000 fps)
[10/02/25 13:05:00] crowsnest:		Size: Discrete 1280x1024
[10/02/25 13:05:00] crowsnest:		Interval: Discrete 0.200s (5.000 fps)
[10/02/25 13:05:00] crowsnest:		Size: Discrete 1920x1080
[10/02/25 13:05:00] crowsnest:		Interval: Discrete 0.200s (5.000 fps)
[10/02/25 13:05:00] crowsnest:		Size: Discrete 320x240
[10/02/25 13:05:00] crowsnest:		Interval: Discrete 0.033s (30.000 fps)
[10/02/25 13:05:00] crowsnest:		Size: Discrete 2048x1536
[10/02/25 13:05:00] crowsnest:		Interval: Discrete 0.200s (5.000 fps)
[10/02/25 13:05:00] crowsnest: Supported Controls:
[10/02/25 13:05:00] crowsnest:		
[10/02/25 13:05:00] crowsnest:		User Controls
[10/02/25 13:05:00] crowsnest:		
[10/02/25 13:05:00] crowsnest:		brightness 0x00980900 (int)    : min=-64 max=64 step=1 default=0 value=0
[10/02/25 13:05:00] crowsnest:		contrast 0x00980901 (int)    : min=0 max=64 step=1 default=32 value=32
[10/02/25 13:05:00] crowsnest:		saturation 0x00980902 (int)    : min=1 max=128 step=1 default=64 value=64
[10/02/25 13:05:00] crowsnest:		hue 0x00980903 (int)    : min=-40 max=40 step=1 default=0 value=0
[10/02/25 13:05:00] crowsnest:		white_balance_automatic 0x0098090c (bool)   : default=1 value=1
[10/02/25 13:05:00] crowsnest:		gamma 0x00980910 (int)    : min=72 max=500 step=1 default=100 value=100
[10/02/25 13:05:00] crowsnest:		gain 0x00980913 (int)    : min=0 max=100 step=1 default=0 value=0
[10/02/25 13:05:00] crowsnest:		power_line_frequency 0x00980918 (menu)   : min=0 max=2 default=1 value=1 (50 Hz)
[10/02/25 13:05:00] crowsnest:		0: Disabled
[10/02/25 13:05:00] crowsnest:		1: 50 Hz
[10/02/25 13:05:00] crowsnest:		2: 60 Hz
[10/02/25 13:05:00] crowsnest:		white_balance_temperature 0x0098091a (int)    : min=2800 max=6500 step=1 default=4600 value=4600 flags=inactive
[10/02/25 13:05:00] crowsnest:		sharpness 0x0098091b (int)    : min=0 max=6 step=1 default=5 value=5
[10/02/25 13:05:00] crowsnest:		backlight_compensation 0x0098091c (int)    : min=0 max=2 step=1 default=1 value=1
[10/02/25 13:05:00] crowsnest:		
[10/02/25 13:05:00] crowsnest:		Camera Controls
[10/02/25 13:05:00] crowsnest:		
[10/02/25 13:05:00] crowsnest:		auto_exposure 0x009a0901 (menu)   : min=0 max=3 default=3 value=3 (Aperture Priority Mode)
[10/02/25 13:05:00] crowsnest:		1: Manual Mode
[10/02/25 13:05:00] crowsnest:		3: Aperture Priority Mode
[10/02/25 13:05:00] crowsnest:		exposure_time_absolute 0x009a0902 (int)    : min=1 max=5000 step=1 default=625 value=625 flags=inactive
[10/02/25 13:05:00] crowsnest:		exposure_dynamic_framerate 0x009a0903 (bool)   : default=0 value=1
[10/02/25 13:05:00] crowsnest: Try to start configured Cams / Services...
[10/02/25 13:05:03] crowsnest: INFO: Configuration of Section [cam 1] looks good. Continue ...
[10/02/25 13:05:04] crowsnest: V4L2 Control: No parameters set for [cam 1]. Skipped.
[10/02/25 13:05:07] crowsnest: Starting ustreamer with Device /dev/video0 ...
[10/02/25 13:05:09] crowsnest:  ... Done!
[10/03/25 04:17:21] crowsnest: crowsnest - A webcam Service for multiple Cams and Stream Services.
[10/03/25 04:17:22] crowsnest: Version: v4.1.16-1-g059fa87
[10/03/25 04:17:22] crowsnest: Prepare Startup ...
[10/03/25 04:17:22] crowsnest: INFO: Host information:
[10/03/25 04:17:22] crowsnest: Host Info: Distribution: Armbian 25.8.1 bookworm
Armbian 25.8.1 bookworm
[10/03/25 04:17:22] crowsnest: Host Info: Kernel: Linux 6.6.66-vendor-sunxi64 aarch64
[10/03/25 04:17:22] crowsnest: Host Info: Available CPU Cores: 4
[10/03/25 04:17:22] crowsnest: Host Info: Available Memory: 940764 kB
[10/03/25 04:17:22] crowsnest: Host Info: Diskspace (avail. / total): 8.8G / 15G
[10/03/25 04:17:22] crowsnest: INFO: Checking Dependencies
[10/03/25 05:09:08] crowsnest: Dependency: 'crudini' found in /usr/bin/crudini.
[10/03/25 05:09:08] crowsnest: Dependency: 'find' found in /usr/bin/find.
[10/03/25 05:09:08] crowsnest: Dependency: 'xargs' found in /usr/bin/xargs.
[10/03/25 05:09:08] crowsnest: Dependency: 'ustreamer' found in bin/ustreamer/src/ustreamer.bin.
[10/03/25 05:09:09] crowsnest: Version Control: ustreamer is up to date. (v6.10)
[10/03/25 05:09:09] crowsnest: INFO: Print Configfile: '/home/biqu/printer_data/config/crowsnest.conf'
[10/03/25 05:09:09] crowsnest:		[crowsnest]
[10/03/25 05:09:09] crowsnest:		log_path: /home/biqu/printer_data/logs/crowsnest.log
[10/03/25 05:09:09] crowsnest:		log_level: verbose
[10/03/25 05:09:09] crowsnest:		delete_log: false
[10/03/25 05:09:09] crowsnest:		no_proxy: false
[10/03/25 05:09:09] crowsnest:		
[10/03/25 05:09:09] crowsnest:		[cam 1]
[10/03/25 05:09:09] crowsnest:		mode: ustreamer
[10/03/25 05:09:09] crowsnest:		
[10/03/25 05:09:09] crowsnest:		enable_rtsp: false
[10/03/25 05:09:09] crowsnest:		rtsp_port: 8554
[10/03/25 05:09:09] crowsnest:		port: 8080
[10/03/25 05:09:09] crowsnest:		device: /dev/video0
[10/03/25 05:09:09] crowsnest:		resolution: 2040x1536
[10/03/25 05:09:09] crowsnest:		max_fps: 15
[10/03/25 05:09:09] crowsnest: INFO: Detect available Devices
[10/03/25 05:09:09] crowsnest: INFO: Found 1 total available Device(s)
[10/03/25 05:09:09] crowsnest: INFO: Found 1 available v4l2 (UVC) camera(s)
[10/03/25 05:09:09] crowsnest: /dev/v4l/by-id/usb-Sonix_Technology_Co.__Ltd._Webcam_Webcam-video-index0 -> /dev/video0
[10/03/25 05:09:09] crowsnest: Supported Formats:
[10/03/25 05:09:09] crowsnest:		[0]: 'MJPG' (Motion-JPEG, compressed)
[10/03/25 05:09:09] crowsnest:		Size: Discrete 1920x1080
[10/03/25 05:09:09] crowsnest:		Interval: Discrete 0.033s (30.000 fps)
[10/03/25 05:09:09] crowsnest:		Size: Discrete 640x480
[10/03/25 05:09:09] crowsnest:		Interval: Discrete 0.033s (30.000 fps)
[10/03/25 05:09:09] crowsnest:		Size: Discrete 1024x768
[10/03/25 05:09:09] crowsnest:		Interval: Discrete 0.033s (30.000 fps)
[10/03/25 05:09:09] crowsnest:		Size: Discrete 1280x720
[10/03/25 05:09:09] crowsnest:		Interval: Discrete 0.033s (30.000 fps)
[10/03/25 05:09:09] crowsnest:		Size: Discrete 1280x1024
[10/03/25 05:09:09] crowsnest:		Interval: Discrete 0.033s (30.000 fps)
[10/03/25 05:09:09] crowsnest:		Size: Discrete 2048x1536
[10/03/25 05:09:09] crowsnest:		Interval: Discrete 0.033s (30.000 fps)
[10/03/25 05:09:09] crowsnest:		Size: Discrete 320x240
[10/03/25 05:09:09] crowsnest:		Interval: Discrete 0.033s (30.000 fps)
[10/03/25 05:09:09] crowsnest:		[1]: 'YUYV' (YUYV 4:2:2)
[10/03/25 05:09:09] crowsnest:		Size: Discrete 640x480
[10/03/25 05:09:09] crowsnest:		Interval: Discrete 0.040s (25.000 fps)
[10/03/25 05:09:09] crowsnest:		Size: Discrete 1024x768
[10/03/25 05:09:09] crowsnest:		Interval: Discrete 0.100s (10.000 fps)
[10/03/25 05:09:09] crowsnest:		Size: Discrete 1280x720
[10/03/25 05:09:09] crowsnest:		Interval: Discrete 0.100s (10.000 fps)
[10/03/25 05:09:09] crowsnest:		Size: Discrete 1280x1024
[10/03/25 05:09:09] crowsnest:		Interval: Discrete 0.200s (5.000 fps)
[10/03/25 05:09:09] crowsnest:		Size: Discrete 1920x1080
[10/03/25 05:09:09] crowsnest:		Interval: Discrete 0.200s (5.000 fps)
[10/03/25 05:09:09] crowsnest:		Size: Discrete 320x240
[10/03/25 05:09:09] crowsnest:		Interval: Discrete 0.033s (30.000 fps)
[10/03/25 05:09:09] crowsnest:		Size: Discrete 2048x1536
[10/03/25 05:09:09] crowsnest:		Interval: Discrete 0.200s (5.000 fps)
[10/03/25 05:09:09] crowsnest: Supported Controls:
[10/03/25 05:09:09] crowsnest:		
[10/03/25 05:09:09] crowsnest:		User Controls
[10/03/25 05:09:09] crowsnest:		
[10/03/25 05:09:09] crowsnest:		brightness 0x00980900 (int)    : min=-64 max=64 step=1 default=0 value=0
[10/03/25 05:09:09] crowsnest:		contrast 0x00980901 (int)    : min=0 max=64 step=1 default=32 value=32
[10/03/25 05:09:09] crowsnest:		saturation 0x00980902 (int)    : min=1 max=128 step=1 default=64 value=64
[10/03/25 05:09:09] crowsnest:		hue 0x00980903 (int)    : min=-40 max=40 step=1 default=0 value=0
[10/03/25 05:09:09] crowsnest:		white_balance_automatic 0x0098090c (bool)   : default=1 value=1
[10/03/25 05:09:09] crowsnest:		gamma 0x00980910 (int)    : min=72 max=500 step=1 default=100 value=100
[10/03/25 05:09:09] crowsnest:		gain 0x00980913 (int)    : min=0 max=100 step=1 default=0 value=0
[10/03/25 05:09:09] crowsnest:		power_line_frequency 0x00980918 (menu)   : min=0 max=2 default=1 value=1 (50 Hz)
[10/03/25 05:09:09] crowsnest:		0: Disabled
[10/03/25 05:09:09] crowsnest:		1: 50 Hz
[10/03/25 05:09:09] crowsnest:		2: 60 Hz
[10/03/25 05:09:09] crowsnest:		white_balance_temperature 0x0098091a (int)    : min=2800 max=6500 step=1 default=4600 value=4600 flags=inactive
[10/03/25 05:09:09] crowsnest:		sharpness 0x0098091b (int)    : min=0 max=6 step=1 default=5 value=5
[10/03/25 05:09:09] crowsnest:		backlight_compensation 0x0098091c (int)    : min=0 max=2 step=1 default=1 value=1
[10/03/25 05:09:09] crowsnest:		
[10/03/25 05:09:09] crowsnest:		Camera Controls
[10/03/25 05:09:09] crowsnest:		
[10/03/25 05:09:09] crowsnest:		auto_exposure 0x009a0901 (menu)   : min=0 max=3 default=3 value=3 (Aperture Priority Mode)
[10/03/25 05:09:09] crowsnest:		1: Manual Mode
[10/03/25 05:09:09] crowsnest:		3: Aperture Priority Mode
[10/03/25 05:09:09] crowsnest:		exposure_time_absolute 0x009a0902 (int)    : min=1 max=5000 step=1 default=625 value=625 flags=inactive
[10/03/25 05:09:09] crowsnest:		exposure_dynamic_framerate 0x009a0903 (bool)   : default=0 value=1
[10/03/25 05:09:09] crowsnest: Try to start configured Cams / Services...
[10/03/25 05:09:12] crowsnest: INFO: Configuration of Section [cam 1] looks good. Continue ...
[10/03/25 05:09:13] crowsnest: V4L2 Control: No parameters set for [cam 1]. Skipped.
[10/03/25 05:09:16] crowsnest: Starting ustreamer with Device /dev/video0 ...
[10/03/25 05:09:18] crowsnest:  ... Done!
[10/03/25 05:17:22] crowsnest: crowsnest - A webcam Service for multiple Cams and Stream Services.
[10/03/25 05:17:23] crowsnest: Version: v4.1.16-1-g059fa87
[10/03/25 05:17:23] crowsnest: Prepare Startup ...
[10/03/25 05:37:26] crowsnest: INFO: Host information:
[10/03/25 05:37:26] crowsnest: Host Info: Distribution: Armbian 25.8.1 bookworm
Armbian 25.8.1 bookworm
[10/03/25 05:37:26] crowsnest: Host Info: Kernel: Linux 6.6.66-vendor-sunxi64 aarch64
[10/03/25 05:37:26] crowsnest: Host Info: Available CPU Cores: 4
[10/03/25 05:37:26] crowsnest: Host Info: Available Memory: 940764 kB
[10/03/25 05:37:26] crowsnest: Host Info: Diskspace (avail. / total): 8.8G / 15G
[10/03/25 05:37:26] crowsnest: INFO: Checking Dependencies
[10/03/25 05:37:29] crowsnest: Dependency: 'crudini' found in /usr/bin/crudini.
[10/03/25 05:37:30] crowsnest: Dependency: 'find' found in /usr/bin/find.
[10/03/25 05:37:30] crowsnest: Dependency: 'xargs' found in /usr/bin/xargs.
[10/03/25 05:37:30] crowsnest: Dependency: 'ustreamer' found in bin/ustreamer/src/ustreamer.bin.
[10/03/25 05:37:30] crowsnest: Version Control: ustreamer is up to date. (v6.10)
[10/03/25 05:37:30] crowsnest: INFO: Print Configfile: '/home/biqu/printer_data/config/crowsnest.conf'
[10/03/25 05:37:30] crowsnest:		[crowsnest]
[10/03/25 05:37:30] crowsnest:		log_path: /home/biqu/printer_data/logs/crowsnest.log
[10/03/25 05:37:30] crowsnest:		log_level: verbose
[10/03/25 05:37:30] crowsnest:		delete_log: false
[10/03/25 05:37:30] crowsnest:		no_proxy: false
[10/03/25 05:37:30] crowsnest:		
[10/03/25 05:37:30] crowsnest:		[cam 1]
[10/03/25 05:37:30] crowsnest:		mode: ustreamer
[10/03/25 05:37:30] crowsnest:		
[10/03/25 05:37:30] crowsnest:		enable_rtsp: false
[10/03/25 05:37:30] crowsnest:		rtsp_port: 8554
[10/03/25 05:37:30] crowsnest:		port: 8080
[10/03/25 05:37:30] crowsnest:		device: /dev/video0
[10/03/25 05:37:30] crowsnest:		resolution: 2040x1536
[10/03/25 05:37:30] crowsnest:		max_fps: 15
[10/03/25 05:37:30] crowsnest: INFO: Detect available Devices
[10/03/25 05:37:30] crowsnest: INFO: Found 1 total available Device(s)
[10/03/25 05:37:30] crowsnest: INFO: Found 1 available v4l2 (UVC) camera(s)
[10/03/25 05:37:30] crowsnest: /dev/v4l/by-id/usb-Sonix_Technology_Co.__Ltd._Webcam_Webcam-video-index0 -> /dev/video0
[10/03/25 05:37:30] crowsnest: Supported Formats:
[10/03/25 05:37:30] crowsnest:		[0]: 'MJPG' (Motion-JPEG, compressed)
[10/03/25 05:37:30] crowsnest:		Size: Discrete 1920x1080
[10/03/25 05:37:30] crowsnest:		Interval: Discrete 0.033s (30.000 fps)
[10/03/25 05:37:30] crowsnest:		Size: Discrete 640x480
[10/03/25 05:37:30] crowsnest:		Interval: Discrete 0.033s (30.000 fps)
[10/03/25 05:37:30] crowsnest:		Size: Discrete 1024x768
[10/03/25 05:37:30] crowsnest:		Interval: Discrete 0.033s (30.000 fps)
[10/03/25 05:37:30] crowsnest:		Size: Discrete 1280x720
[10/03/25 05:37:30] crowsnest:		Interval: Discrete 0.033s (30.000 fps)
[10/03/25 05:37:30] crowsnest:		Size: Discrete 1280x1024
[10/03/25 05:37:30] crowsnest:		Interval: Discrete 0.033s (30.000 fps)
[10/03/25 05:37:30] crowsnest:		Size: Discrete 2048x1536
[10/03/25 05:37:30] crowsnest:		Interval: Discrete 0.033s (30.000 fps)
[10/03/25 05:37:30] crowsnest:		Size: Discrete 320x240
[10/03/25 05:37:30] crowsnest:		Interval: Discrete 0.033s (30.000 fps)
[10/03/25 05:37:30] crowsnest:		[1]: 'YUYV' (YUYV 4:2:2)
[10/03/25 05:37:30] crowsnest:		Size: Discrete 640x480
[10/03/25 05:37:30] crowsnest:		Interval: Discrete 0.040s (25.000 fps)
[10/03/25 05:37:30] crowsnest:		Size: Discrete 1024x768
[10/03/25 05:37:30] crowsnest:		Interval: Discrete 0.100s (10.000 fps)
[10/03/25 05:37:30] crowsnest:		Size: Discrete 1280x720
[10/03/25 05:37:30] crowsnest:		Interval: Discrete 0.100s (10.000 fps)
[10/03/25 05:37:30] crowsnest:		Size: Discrete 1280x1024
[10/03/25 05:37:30] crowsnest:		Interval: Discrete 0.200s (5.000 fps)
[10/03/25 05:37:30] crowsnest:		Size: Discrete 1920x1080
[10/03/25 05:37:30] crowsnest:		Interval: Discrete 0.200s (5.000 fps)
[10/03/25 05:37:30] crowsnest:		Size: Discrete 320x240
[10/03/25 05:37:30] crowsnest:		Interval: Discrete 0.033s (30.000 fps)
[10/03/25 05:37:30] crowsnest:		Size: Discrete 2048x1536
[10/03/25 05:37:30] crowsnest:		Interval: Discrete 0.200s (5.000 fps)
[10/03/25 05:37:30] crowsnest: Supported Controls:
[10/03/25 05:37:30] crowsnest:		
[10/03/25 05:37:30] crowsnest:		User Controls
[10/03/25 05:37:30] crowsnest:		
[10/03/25 05:37:30] crowsnest:		brightness 0x00980900 (int)    : min=-64 max=64 step=1 default=0 value=0
[10/03/25 05:37:30] crowsnest:		contrast 0x00980901 (int)    : min=0 max=64 step=1 default=32 value=32
[10/03/25 05:37:30] crowsnest:		saturation 0x00980902 (int)    : min=1 max=128 step=1 default=64 value=64
[10/03/25 05:37:30] crowsnest:		hue 0x00980903 (int)    : min=-40 max=40 step=1 default=0 value=0
[10/03/25 05:37:30] crowsnest:		white_balance_automatic 0x0098090c (bool)   : default=1 value=1
[10/03/25 05:37:30] crowsnest:		gamma 0x00980910 (int)    : min=72 max=500 step=1 default=100 value=100
[10/03/25 05:37:30] crowsnest:		gain 0x00980913 (int)    : min=0 max=100 step=1 default=0 value=0
[10/03/25 05:37:30] crowsnest:		power_line_frequency 0x00980918 (menu)   : min=0 max=2 default=1 value=1 (50 Hz)
[10/03/25 05:37:30] crowsnest:		0: Disabled
[10/03/25 05:37:30] crowsnest:		1: 50 Hz
[10/03/25 05:37:30] crowsnest:		2: 60 Hz
[10/03/25 05:37:30] crowsnest:		white_balance_temperature 0x0098091a (int)    : min=2800 max=6500 step=1 default=4600 value=4600 flags=inactive
[10/03/25 05:37:30] crowsnest:		sharpness 0x0098091b (int)    : min=0 max=6 step=1 default=5 value=5
[10/03/25 05:37:30] crowsnest:		backlight_compensation 0x0098091c (int)    : min=0 max=2 step=1 default=1 value=1
[10/03/25 05:37:30] crowsnest:		
[10/03/25 05:37:30] crowsnest:		Camera Controls
[10/03/25 05:37:30] crowsnest:		
[10/03/25 05:37:30] crowsnest:		auto_exposure 0x009a0901 (menu)   : min=0 max=3 default=3 value=3 (Aperture Priority Mode)
[10/03/25 05:37:30] crowsnest:		1: Manual Mode
[10/03/25 05:37:30] crowsnest:		3: Aperture Priority Mode
[10/03/25 05:37:30] crowsnest:		exposure_time_absolute 0x009a0902 (int)    : min=1 max=5000 step=1 default=625 value=625 flags=inactive
[10/03/25 05:37:30] crowsnest:		exposure_dynamic_framerate 0x009a0903 (bool)   : default=0 value=1
[10/03/25 05:37:31] crowsnest: Try to start configured Cams / Services...
[10/03/25 05:37:33] crowsnest: INFO: Configuration of Section [cam 1] looks good. Continue ...
[10/03/25 05:37:35] crowsnest: V4L2 Control: No parameters set for [cam 1]. Skipped.
[10/03/25 05:37:37] crowsnest: Starting ustreamer with Device /dev/video0 ...
[10/03/25 05:37:39] crowsnest:  ... Done!
[10/03/25 09:17:22] crowsnest: crowsnest - A webcam Service for multiple Cams and Stream Services.
[10/03/25 15:26:40] crowsnest: Version: v4.1.16-1-g059fa87
[10/03/25 15:26:40] crowsnest: Prepare Startup ...
[10/03/25 15:26:40] crowsnest: INFO: Host information:
[10/03/25 15:26:40] crowsnest: Host Info: Distribution: Armbian 25.8.1 bookworm
Armbian 25.8.1 bookworm
[10/03/25 15:26:40] crowsnest: Host Info: Kernel: Linux 6.6.66-vendor-sunxi64 aarch64
[10/03/25 15:26:40] crowsnest: Host Info: Available CPU Cores: 4
[10/03/25 15:26:40] crowsnest: Host Info: Available Memory: 940764 kB
[10/03/25 15:26:40] crowsnest: Host Info: Diskspace (avail. / total): 8.8G / 15G
[10/03/25 15:26:40] crowsnest: INFO: Checking Dependencies
[10/03/25 15:26:44] crowsnest: Dependency: 'crudini' found in /usr/bin/crudini.
[10/03/25 15:26:44] crowsnest: Dependency: 'find' found in /usr/bin/find.
[10/03/25 15:26:44] crowsnest: Dependency: 'xargs' found in /usr/bin/xargs.
[10/03/25 15:26:44] crowsnest: Dependency: 'ustreamer' found in bin/ustreamer/src/ustreamer.bin.
[10/03/25 15:26:44] crowsnest: Version Control: ustreamer is up to date. (v6.10)
[10/03/25 15:26:44] crowsnest: INFO: Print Configfile: '/home/biqu/printer_data/config/crowsnest.conf'
[10/03/25 15:26:44] crowsnest:		[crowsnest]
[10/03/25 15:26:44] crowsnest:		log_path: /home/biqu/printer_data/logs/crowsnest.log
[10/03/25 15:26:44] crowsnest:		log_level: verbose
[10/03/25 15:26:44] crowsnest:		delete_log: false
[10/03/25 15:26:44] crowsnest:		no_proxy: false
[10/03/25 15:26:44] crowsnest:		
[10/03/25 15:26:44] crowsnest:		[cam 1]
[10/03/25 15:26:44] crowsnest:		mode: ustreamer
[10/03/25 15:26:44] crowsnest:		
[10/03/25 15:26:44] crowsnest:		enable_rtsp: false
[10/03/25 15:26:44] crowsnest:		rtsp_port: 8554
[10/03/25 15:26:44] crowsnest:		port: 8080
[10/03/25 15:26:44] crowsnest:		device: /dev/video0
[10/03/25 15:26:44] crowsnest:		resolution: 2040x1536
[10/03/25 15:26:44] crowsnest:		max_fps: 15
[10/03/25 15:26:44] crowsnest: INFO: Detect available Devices
[10/03/25 15:26:44] crowsnest: INFO: Found 1 total available Device(s)
[10/03/25 15:26:44] crowsnest: INFO: Found 1 available v4l2 (UVC) camera(s)
[10/03/25 15:26:44] crowsnest: /dev/v4l/by-id/usb-Sonix_Technology_Co.__Ltd._Webcam_Webcam-video-index0 -> /dev/video0
[10/03/25 15:26:44] crowsnest: Supported Formats:
[10/03/25 15:26:44] crowsnest:		[0]: 'MJPG' (Motion-JPEG, compressed)
[10/03/25 15:26:44] crowsnest:		Size: Discrete 1920x1080
[10/03/25 15:26:44] crowsnest:		Interval: Discrete 0.033s (30.000 fps)
[10/03/25 15:26:44] crowsnest:		Size: Discrete 640x480
[10/03/25 15:26:44] crowsnest:		Interval: Discrete 0.033s (30.000 fps)
[10/03/25 15:26:44] crowsnest:		Size: Discrete 1024x768
[10/03/25 15:26:44] crowsnest:		Interval: Discrete 0.033s (30.000 fps)
[10/03/25 15:26:44] crowsnest:		Size: Discrete 1280x720
[10/03/25 15:26:44] crowsnest:		Interval: Discrete 0.033s (30.000 fps)
[10/03/25 15:26:44] crowsnest:		Size: Discrete 1280x1024
[10/03/25 15:26:44] crowsnest:		Interval: Discrete 0.033s (30.000 fps)
[10/03/25 15:26:44] crowsnest:		Size: Discrete 2048x1536
[10/03/25 15:26:44] crowsnest:		Interval: Discrete 0.033s (30.000 fps)
[10/03/25 15:26:44] crowsnest:		Size: Discrete 320x240
[10/03/25 15:26:44] crowsnest:		Interval: Discrete 0.033s (30.000 fps)
[10/03/25 15:26:44] crowsnest:		[1]: 'YUYV' (YUYV 4:2:2)
[10/03/25 15:26:44] crowsnest:		Size: Discrete 640x480
[10/03/25 15:26:44] crowsnest:		Interval: Discrete 0.040s (25.000 fps)
[10/03/25 15:26:44] crowsnest:		Size: Discrete 1024x768
[10/03/25 15:26:44] crowsnest:		Interval: Discrete 0.100s (10.000 fps)
[10/03/25 15:26:44] crowsnest:		Size: Discrete 1280x720
[10/03/25 15:26:44] crowsnest:		Interval: Discrete 0.100s (10.000 fps)
[10/03/25 15:26:44] crowsnest:		Size: Discrete 1280x1024
[10/03/25 15:26:44] crowsnest:		Interval: Discrete 0.200s (5.000 fps)
[10/03/25 15:26:44] crowsnest:		Size: Discrete 1920x1080
[10/03/25 15:26:44] crowsnest:		Interval: Discrete 0.200s (5.000 fps)
[10/03/25 15:26:44] crowsnest:		Size: Discrete 320x240
[10/03/25 15:26:44] crowsnest:		Interval: Discrete 0.033s (30.000 fps)
[10/03/25 15:26:44] crowsnest:		Size: Discrete 2048x1536
[10/03/25 15:26:44] crowsnest:		Interval: Discrete 0.200s (5.000 fps)
[10/03/25 15:26:44] crowsnest: Supported Controls:
[10/03/25 15:26:44] crowsnest:		
[10/03/25 15:26:44] crowsnest:		User Controls
[10/03/25 15:26:44] crowsnest:		
[10/03/25 15:26:44] crowsnest:		brightness 0x00980900 (int)    : min=-64 max=64 step=1 default=0 value=0
[10/03/25 15:26:44] crowsnest:		contrast 0x00980901 (int)    : min=0 max=64 step=1 default=32 value=32
[10/03/25 15:26:44] crowsnest:		saturation 0x00980902 (int)    : min=1 max=128 step=1 default=64 value=64
[10/03/25 15:26:44] crowsnest:		hue 0x00980903 (int)    : min=-40 max=40 step=1 default=0 value=0
[10/03/25 15:26:44] crowsnest:		white_balance_automatic 0x0098090c (bool)   : default=1 value=1
[10/03/25 15:26:44] crowsnest:		gamma 0x00980910 (int)    : min=72 max=500 step=1 default=100 value=100
[10/03/25 15:26:44] crowsnest:		gain 0x00980913 (int)    : min=0 max=100 step=1 default=0 value=0
[10/03/25 15:26:44] crowsnest:		power_line_frequency 0x00980918 (menu)   : min=0 max=2 default=1 value=1 (50 Hz)
[10/03/25 15:26:44] crowsnest:		0: Disabled
[10/03/25 15:26:44] crowsnest:		1: 50 Hz
[10/03/25 15:26:44] crowsnest:		2: 60 Hz
[10/03/25 15:26:44] crowsnest:		white_balance_temperature 0x0098091a (int)    : min=2800 max=6500 step=1 default=4600 value=4600 flags=inactive
[10/03/25 15:26:44] crowsnest:		sharpness 0x0098091b (int)    : min=0 max=6 step=1 default=5 value=5
[10/03/25 15:26:44] crowsnest:		backlight_compensation 0x0098091c (int)    : min=0 max=2 step=1 default=1 value=1
[10/03/25 15:26:44] crowsnest:		
[10/03/25 15:26:44] crowsnest:		Camera Controls
[10/03/25 15:26:44] crowsnest:		
[10/03/25 15:26:44] crowsnest:		auto_exposure 0x009a0901 (menu)   : min=0 max=3 default=3 value=3 (Aperture Priority Mode)
[10/03/25 15:26:44] crowsnest:		1: Manual Mode
[10/03/25 15:26:44] crowsnest:		3: Aperture Priority Mode
[10/03/25 15:26:44] crowsnest:		exposure_time_absolute 0x009a0902 (int)    : min=1 max=5000 step=1 default=625 value=625 flags=inactive
[10/03/25 15:26:44] crowsnest:		exposure_dynamic_framerate 0x009a0903 (bool)   : default=0 value=1
[10/03/25 15:26:44] crowsnest: Try to start configured Cams / Services...
[10/03/25 15:26:47] crowsnest: INFO: Configuration of Section [cam 1] looks good. Continue ...
[10/03/25 15:26:48] crowsnest: V4L2 Control: No parameters set for [cam 1]. Skipped.
[10/03/25 15:26:52] crowsnest: Starting ustreamer with Device /dev/video0 ...
[10/03/25 15:26:53] crowsnest:  ... Done!
[10/06/25 06:17:21] crowsnest: crowsnest - A webcam Service for multiple Cams and Stream Services.
[10/06/25 06:17:22] crowsnest: Version: v4.1.16-1-g059fa87
[10/06/25 06:17:22] crowsnest: Prepare Startup ...
[10/06/25 06:17:22] crowsnest: INFO: Host information:
[10/06/25 06:17:22] crowsnest: Host Info: Distribution: Armbian 25.8.1 bookworm
Armbian 25.8.1 bookworm
[10/06/25 06:17:22] crowsnest: Host Info: Kernel: Linux 6.6.66-vendor-sunxi64 aarch64
[10/06/25 06:17:22] crowsnest: Host Info: Available CPU Cores: 4
[10/06/25 06:17:22] crowsnest: Host Info: Available Memory: 940764 kB
[10/06/25 06:17:22] crowsnest: Host Info: Diskspace (avail. / total): 8.8G / 15G
[10/06/25 06:17:22] crowsnest: INFO: Checking Dependencies
[10/06/25 08:04:48] crowsnest: Dependency: 'crudini' found in /usr/bin/crudini.
[10/06/25 08:04:48] crowsnest: Dependency: 'find' found in /usr/bin/find.
[10/06/25 08:04:48] crowsnest: Dependency: 'xargs' found in /usr/bin/xargs.
[10/06/25 08:04:48] crowsnest: Dependency: 'ustreamer' found in bin/ustreamer/src/ustreamer.bin.
[10/06/25 08:04:48] crowsnest: Version Control: ustreamer is up to date. (v6.10)
[10/06/25 08:04:48] crowsnest: INFO: Print Configfile: '/home/biqu/printer_data/config/crowsnest.conf'
[10/06/25 08:04:48] crowsnest:		[crowsnest]
[10/06/25 08:04:48] crowsnest:		log_path: /home/biqu/printer_data/logs/crowsnest.log
[10/06/25 08:04:48] crowsnest:		log_level: verbose
[10/06/25 08:04:48] crowsnest:		delete_log: false
[10/06/25 08:04:48] crowsnest:		no_proxy: false
[10/06/25 08:04:48] crowsnest:		
[10/06/25 08:04:48] crowsnest:		[cam 1]
[10/06/25 08:04:48] crowsnest:		mode: ustreamer
[10/06/25 08:04:48] crowsnest:		
[10/06/25 08:04:48] crowsnest:		enable_rtsp: false
[10/06/25 08:04:48] crowsnest:		rtsp_port: 8554
[10/06/25 08:04:48] crowsnest:		port: 8080
[10/06/25 08:04:48] crowsnest:		device: /dev/video0
[10/06/25 08:04:48] crowsnest:		resolution: 2040x1536
[10/06/25 08:04:48] crowsnest:		max_fps: 15
[10/06/25 08:04:48] crowsnest: INFO: Detect available Devices
[10/06/25 08:04:48] crowsnest: INFO: Found 1 total available Device(s)
[10/06/25 08:04:48] crowsnest: INFO: Found 1 available v4l2 (UVC) camera(s)
[10/06/25 08:04:48] crowsnest: /dev/v4l/by-id/usb-Sonix_Technology_Co.__Ltd._Webcam_Webcam-video-index0 -> /dev/video0
[10/06/25 08:04:48] crowsnest: Supported Formats:
[10/06/25 08:04:48] crowsnest:		[0]: 'MJPG' (Motion-JPEG, compressed)
[10/06/25 08:04:48] crowsnest:		Size: Discrete 1920x1080
[10/06/25 08:04:48] crowsnest:		Interval: Discrete 0.033s (30.000 fps)
[10/06/25 08:04:48] crowsnest:		Size: Discrete 640x480
[10/06/25 08:04:48] crowsnest:		Interval: Discrete 0.033s (30.000 fps)
[10/06/25 08:04:48] crowsnest:		Size: Discrete 1024x768
[10/06/25 08:04:48] crowsnest:		Interval: Discrete 0.033s (30.000 fps)
[10/06/25 08:04:48] crowsnest:		Size: Discrete 1280x720
[10/06/25 08:04:48] crowsnest:		Interval: Discrete 0.033s (30.000 fps)
[10/06/25 08:04:48] crowsnest:		Size: Discrete 1280x1024
[10/06/25 08:04:48] crowsnest:		Interval: Discrete 0.033s (30.000 fps)
[10/06/25 08:04:48] crowsnest:		Size: Discrete 2048x1536
[10/06/25 08:04:48] crowsnest:		Interval: Discrete 0.033s (30.000 fps)
[10/06/25 08:04:48] crowsnest:		Size: Discrete 320x240
[10/06/25 08:04:48] crowsnest:		Interval: Discrete 0.033s (30.000 fps)
[10/06/25 08:04:48] crowsnest:		[1]: 'YUYV' (YUYV 4:2:2)
[10/06/25 08:04:48] crowsnest:		Size: Discrete 640x480
[10/06/25 08:04:48] crowsnest:		Interval: Discrete 0.040s (25.000 fps)
[10/06/25 08:04:48] crowsnest:		Size: Discrete 1024x768
[10/06/25 08:04:48] crowsnest:		Interval: Discrete 0.100s (10.000 fps)
[10/06/25 08:04:48] crowsnest:		Size: Discrete 1280x720
[10/06/25 08:04:48] crowsnest:		Interval: Discrete 0.100s (10.000 fps)
[10/06/25 08:04:48] crowsnest:		Size: Discrete 1280x1024
[10/06/25 08:04:48] crowsnest:		Interval: Discrete 0.200s (5.000 fps)
[10/06/25 08:04:48] crowsnest:		Size: Discrete 1920x1080
[10/06/25 08:04:48] crowsnest:		Interval: Discrete 0.200s (5.000 fps)
[10/06/25 08:04:48] crowsnest:		Size: Discrete 320x240
[10/06/25 08:04:48] crowsnest:		Interval: Discrete 0.033s (30.000 fps)
[10/06/25 08:04:48] crowsnest:		Size: Discrete 2048x1536
[10/06/25 08:04:48] crowsnest:		Interval: Discrete 0.200s (5.000 fps)
[10/06/25 08:04:49] crowsnest: Supported Controls:
[10/06/25 08:04:49] crowsnest:		
[10/06/25 08:04:49] crowsnest:		User Controls
[10/06/25 08:04:49] crowsnest:		
[10/06/25 08:04:49] crowsnest:		brightness 0x00980900 (int)    : min=-64 max=64 step=1 default=0 value=0
[10/06/25 08:04:49] crowsnest:		contrast 0x00980901 (int)    : min=0 max=64 step=1 default=32 value=32
[10/06/25 08:04:49] crowsnest:		saturation 0x00980902 (int)    : min=1 max=128 step=1 default=64 value=64
[10/06/25 08:04:49] crowsnest:		hue 0x00980903 (int)    : min=-40 max=40 step=1 default=0 value=0
[10/06/25 08:04:49] crowsnest:		white_balance_automatic 0x0098090c (bool)   : default=1 value=1
[10/06/25 08:04:49] crowsnest:		gamma 0x00980910 (int)    : min=72 max=500 step=1 default=100 value=100
[10/06/25 08:04:49] crowsnest:		gain 0x00980913 (int)    : min=0 max=100 step=1 default=0 value=0
[10/06/25 08:04:49] crowsnest:		power_line_frequency 0x00980918 (menu)   : min=0 max=2 default=1 value=1 (50 Hz)
[10/06/25 08:04:49] crowsnest:		0: Disabled
[10/06/25 08:04:49] crowsnest:		1: 50 Hz
[10/06/25 08:04:49] crowsnest:		2: 60 Hz
[10/06/25 08:04:49] crowsnest:		white_balance_temperature 0x0098091a (int)    : min=2800 max=6500 step=1 default=4600 value=4600 flags=inactive
[10/06/25 08:04:49] crowsnest:		sharpness 0x0098091b (int)    : min=0 max=6 step=1 default=5 value=5
[10/06/25 08:04:49] crowsnest:		backlight_compensation 0x0098091c (int)    : min=0 max=2 step=1 default=1 value=1
[10/06/25 08:04:49] crowsnest:		
[10/06/25 08:04:49] crowsnest:		Camera Controls
[10/06/25 08:04:49] crowsnest:		
[10/06/25 08:04:49] crowsnest:		auto_exposure 0x009a0901 (menu)   : min=0 max=3 default=3 value=3 (Aperture Priority Mode)
[10/06/25 08:04:49] crowsnest:		1: Manual Mode
[10/06/25 08:04:49] crowsnest:		3: Aperture Priority Mode
[10/06/25 08:04:49] crowsnest:		exposure_time_absolute 0x009a0902 (int)    : min=1 max=5000 step=1 default=625 value=625 flags=inactive
[10/06/25 08:04:49] crowsnest:		exposure_dynamic_framerate 0x009a0903 (bool)   : default=0 value=1
[10/06/25 08:04:49] crowsnest: Try to start configured Cams / Services...
[10/06/25 08:04:52] crowsnest: INFO: Configuration of Section [cam 1] looks good. Continue ...
[10/06/25 08:04:53] crowsnest: V4L2 Control: No parameters set for [cam 1]. Skipped.
[10/06/25 08:04:56] crowsnest: Starting ustreamer with Device /dev/video0 ...
[10/06/25 08:04:57] crowsnest:  ... Done!
[10/06/25 11:17:22] crowsnest: crowsnest - A webcam Service for multiple Cams and Stream Services.
[10/06/25 11:17:23] crowsnest: Version: v4.1.16-1-g059fa87
[10/06/25 11:17:23] crowsnest: Prepare Startup ...
[10/06/25 11:17:24] crowsnest: INFO: Host information:
[10/06/25 11:17:24] crowsnest: Host Info: Distribution: Armbian 25.8.1 bookworm
Armbian 25.8.1 bookworm
[10/06/25 11:17:24] crowsnest: Host Info: Kernel: Linux 6.6.66-vendor-sunxi64 aarch64
[10/06/25 11:17:24] crowsnest: Host Info: Available CPU Cores: 4
[10/06/25 11:17:24] crowsnest: Host Info: Available Memory: 940764 kB
[10/06/25 11:17:24] crowsnest: Host Info: Diskspace (avail. / total): 8.6G / 15G
[10/06/25 11:17:24] crowsnest: INFO: Checking Dependencies
[10/06/25 11:49:16] crowsnest: Dependency: 'crudini' found in /usr/bin/crudini.
[10/06/25 11:49:16] crowsnest: Dependency: 'find' found in /usr/bin/find.
[10/06/25 11:49:16] crowsnest: Dependency: 'xargs' found in /usr/bin/xargs.
[10/06/25 11:49:16] crowsnest: Dependency: 'ustreamer' found in bin/ustreamer/src/ustreamer.bin.
[10/06/25 11:49:16] crowsnest: Version Control: ustreamer is up to date. (v6.10)
[10/06/25 11:49:16] crowsnest: INFO: Print Configfile: '/home/biqu/printer_data/config/crowsnest.conf'
[10/06/25 11:49:16] crowsnest:		[crowsnest]
[10/06/25 11:49:16] crowsnest:		log_path: /home/biqu/printer_data/logs/crowsnest.log
[10/06/25 11:49:16] crowsnest:		log_level: verbose
[10/06/25 11:49:16] crowsnest:		delete_log: false
[10/06/25 11:49:16] crowsnest:		no_proxy: false
[10/06/25 11:49:16] crowsnest:		
[10/06/25 11:49:16] crowsnest:		[cam 1]
[10/06/25 11:49:16] crowsnest:		mode: ustreamer
[10/06/25 11:49:16] crowsnest:		
[10/06/25 11:49:16] crowsnest:		enable_rtsp: false
[10/06/25 11:49:16] crowsnest:		rtsp_port: 8554
[10/06/25 11:49:16] crowsnest:		port: 8080
[10/06/25 11:49:16] crowsnest:		device: /dev/video0
[10/06/25 11:49:16] crowsnest:		resolution: 2040x1536
[10/06/25 11:49:16] crowsnest:		max_fps: 15
[10/06/25 11:49:16] crowsnest: INFO: Detect available Devices
[10/06/25 11:49:16] crowsnest: INFO: Found 1 total available Device(s)
[10/06/25 11:49:16] crowsnest: INFO: Found 1 available v4l2 (UVC) camera(s)
[10/06/25 11:49:16] crowsnest: /dev/v4l/by-id/usb-Sonix_Technology_Co.__Ltd._Webcam_Webcam-video-index0 -> /dev/video0
[10/06/25 11:49:16] crowsnest: Supported Formats:
[10/06/25 11:49:16] crowsnest:		[0]: 'MJPG' (Motion-JPEG, compressed)
[10/06/25 11:49:16] crowsnest:		Size: Discrete 1920x1080
[10/06/25 11:49:16] crowsnest:		Interval: Discrete 0.033s (30.000 fps)
[10/06/25 11:49:16] crowsnest:		Size: Discrete 640x480
[10/06/25 11:49:16] crowsnest:		Interval: Discrete 0.033s (30.000 fps)
[10/06/25 11:49:16] crowsnest:		Size: Discrete 1024x768
[10/06/25 11:49:16] crowsnest:		Interval: Discrete 0.033s (30.000 fps)
[10/06/25 11:49:16] crowsnest:		Size: Discrete 1280x720
[10/06/25 11:49:16] crowsnest:		Interval: Discrete 0.033s (30.000 fps)
[10/06/25 11:49:16] crowsnest:		Size: Discrete 1280x1024
[10/06/25 11:49:16] crowsnest:		Interval: Discrete 0.033s (30.000 fps)
[10/06/25 11:49:16] crowsnest:		Size: Discrete 2048x1536
[10/06/25 11:49:16] crowsnest:		Interval: Discrete 0.033s (30.000 fps)
[10/06/25 11:49:16] crowsnest:		Size: Discrete 320x240
[10/06/25 11:49:16] crowsnest:		Interval: Discrete 0.033s (30.000 fps)
[10/06/25 11:49:16] crowsnest:		[1]: 'YUYV' (YUYV 4:2:2)
[10/06/25 11:49:16] crowsnest:		Size: Discrete 640x480
[10/06/25 11:49:16] crowsnest:		Interval: Discrete 0.040s (25.000 fps)
[10/06/25 11:49:16] crowsnest:		Size: Discrete 1024x768
[10/06/25 11:49:16] crowsnest:		Interval: Discrete 0.100s (10.000 fps)
[10/06/25 11:49:16] crowsnest:		Size: Discrete 1280x720
[10/06/25 11:49:16] crowsnest:		Interval: Discrete 0.100s (10.000 fps)
[10/06/25 11:49:16] crowsnest:		Size: Discrete 1280x1024
[10/06/25 11:49:16] crowsnest:		Interval: Discrete 0.200s (5.000 fps)
[10/06/25 11:49:16] crowsnest:		Size: Discrete 1920x1080
[10/06/25 11:49:16] crowsnest:		Interval: Discrete 0.200s (5.000 fps)
[10/06/25 11:49:16] crowsnest:		Size: Discrete 320x240
[10/06/25 11:49:16] crowsnest:		Interval: Discrete 0.033s (30.000 fps)
[10/06/25 11:49:16] crowsnest:		Size: Discrete 2048x1536
[10/06/25 11:49:16] crowsnest:		Interval: Discrete 0.200s (5.000 fps)
[10/06/25 11:49:16] crowsnest: Supported Controls:
[10/06/25 11:49:16] crowsnest:		
[10/06/25 11:49:16] crowsnest:		User Controls
[10/06/25 11:49:16] crowsnest:		
[10/06/25 11:49:16] crowsnest:		brightness 0x00980900 (int)    : min=-64 max=64 step=1 default=0 value=0
[10/06/25 11:49:16] crowsnest:		contrast 0x00980901 (int)    : min=0 max=64 step=1 default=32 value=32
[10/06/25 11:49:16] crowsnest:		saturation 0x00980902 (int)    : min=1 max=128 step=1 default=64 value=64
[10/06/25 11:49:16] crowsnest:		hue 0x00980903 (int)    : min=-40 max=40 step=1 default=0 value=0
[10/06/25 11:49:16] crowsnest:		white_balance_automatic 0x0098090c (bool)   : default=1 value=1
[10/06/25 11:49:16] crowsnest:		gamma 0x00980910 (int)    : min=72 max=500 step=1 default=100 value=100
[10/06/25 11:49:16] crowsnest:		gain 0x00980913 (int)    : min=0 max=100 step=1 default=0 value=0
[10/06/25 11:49:16] crowsnest:		power_line_frequency 0x00980918 (menu)   : min=0 max=2 default=1 value=1 (50 Hz)
[10/06/25 11:49:16] crowsnest:		0: Disabled
[10/06/25 11:49:16] crowsnest:		1: 50 Hz
[10/06/25 11:49:16] crowsnest:		2: 60 Hz
[10/06/25 11:49:16] crowsnest:		white_balance_temperature 0x0098091a (int)    : min=2800 max=6500 step=1 default=4600 value=4600 flags=inactive
[10/06/25 11:49:16] crowsnest:		sharpness 0x0098091b (int)    : min=0 max=6 step=1 default=5 value=5
[10/06/25 11:49:16] crowsnest:		backlight_compensation 0x0098091c (int)    : min=0 max=2 step=1 default=1 value=1
[10/06/25 11:49:16] crowsnest:		
[10/06/25 11:49:16] crowsnest:		Camera Controls
[10/06/25 11:49:16] crowsnest:		
[10/06/25 11:49:16] crowsnest:		auto_exposure 0x009a0901 (menu)   : min=0 max=3 default=3 value=3 (Aperture Priority Mode)
[10/06/25 11:49:16] crowsnest:		1: Manual Mode
[10/06/25 11:49:16] crowsnest:		3: Aperture Priority Mode
[10/06/25 11:49:16] crowsnest:		exposure_time_absolute 0x009a0902 (int)    : min=1 max=5000 step=1 default=625 value=625 flags=inactive
[10/06/25 11:49:16] crowsnest:		exposure_dynamic_framerate 0x009a0903 (bool)   : default=0 value=1
[10/06/25 11:49:16] crowsnest: Try to start configured Cams / Services...
[10/06/25 11:49:19] crowsnest: INFO: Configuration of Section [cam 1] looks good. Continue ...
[10/06/25 11:49:21] crowsnest: V4L2 Control: No parameters set for [cam 1]. Skipped.
[10/06/25 11:49:23] crowsnest: Starting ustreamer with Device /dev/video0 ...
[10/06/25 11:49:25] crowsnest:  ... Done!
[10/06/25 13:17:07] crowsnest: Shutdown or Killed by User!
[10/06/25 13:17:07] crowsnest: Please come again :)
[10/06/25 13:17:07] crowsnest: Goodbye...
[10/06/25 13:17:42] crowsnest: crowsnest - A webcam Service for multiple Cams and Stream Services.
[10/06/25 13:17:44] crowsnest: Version: v4.1.16-1-g059fa87
[10/06/25 13:17:44] crowsnest: Prepare Startup ...
[10/06/25 13:17:44] crowsnest: INFO: Host information:
[10/06/25 13:17:44] crowsnest: Host Info: Distribution: Armbian 25.8.1 bookworm
Armbian 25.8.1 bookworm
[10/06/25 13:17:44] crowsnest: Host Info: Kernel: Linux 6.6.66-vendor-sunxi64 aarch64
[10/06/25 13:17:44] crowsnest: Host Info: Available CPU Cores: 4
[10/06/25 13:17:44] crowsnest: Host Info: Available Memory: 940764 kB
[10/06/25 13:17:44] crowsnest: Host Info: Diskspace (avail. / total): 8.6G / 15G
[10/06/25 13:17:44] crowsnest: INFO: Checking Dependencies
[10/06/25 13:17:49] crowsnest: Dependency: 'crudini' found in /usr/bin/crudini.
[10/06/25 13:17:49] crowsnest: Dependency: 'find' found in /usr/bin/find.
[10/06/25 13:17:49] crowsnest: Dependency: 'xargs' found in /usr/bin/xargs.
[10/06/25 13:17:49] crowsnest: Dependency: 'ustreamer' found in bin/ustreamer/src/ustreamer.bin.
[10/06/25 13:17:50] crowsnest: Version Control: ustreamer is up to date. (v6.10)
[10/06/25 13:17:50] crowsnest: INFO: Print Configfile: '/home/biqu/printer_data/config/crowsnest.conf'
[10/06/25 13:17:50] crowsnest:		[crowsnest]
[10/06/25 13:17:50] crowsnest:		log_path: /home/biqu/printer_data/logs/crowsnest.log
[10/06/25 13:17:50] crowsnest:		log_level: verbose
[10/06/25 13:17:50] crowsnest:		delete_log: false
[10/06/25 13:17:50] crowsnest:		no_proxy: false
[10/06/25 13:17:50] crowsnest:		
[10/06/25 13:17:50] crowsnest:		[cam 1]
[10/06/25 13:17:50] crowsnest:		mode: ustreamer
[10/06/25 13:17:50] crowsnest:		
[10/06/25 13:17:50] crowsnest:		enable_rtsp: false
[10/06/25 13:17:50] crowsnest:		rtsp_port: 8554
[10/06/25 13:17:50] crowsnest:		port: 8080
[10/06/25 13:17:50] crowsnest:		device: /dev/video0
[10/06/25 13:17:50] crowsnest:		resolution: 2040x1536
[10/06/25 13:17:50] crowsnest:		max_fps: 15
[10/06/25 13:17:50] crowsnest: INFO: Detect available Devices
[10/06/25 13:17:50] crowsnest: INFO: Found 1 total available Device(s)
[10/06/25 13:17:50] crowsnest: INFO: Found 1 available v4l2 (UVC) camera(s)
[10/06/25 13:17:50] crowsnest: /dev/v4l/by-id/usb-Sonix_Technology_Co.__Ltd._Webcam_Webcam-video-index0 -> /dev/video0
[10/06/25 13:17:50] crowsnest: Supported Formats:
[10/06/25 13:17:50] crowsnest:		[0]: 'MJPG' (Motion-JPEG, compressed)
[10/06/25 13:17:50] crowsnest:		Size: Discrete 1920x1080
[10/06/25 13:17:50] crowsnest:		Interval: Discrete 0.033s (30.000 fps)
[10/06/25 13:17:50] crowsnest:		Size: Discrete 640x480
[10/06/25 13:17:50] crowsnest:		Interval: Discrete 0.033s (30.000 fps)
[10/06/25 13:17:50] crowsnest:		Size: Discrete 1024x768
[10/06/25 13:17:50] crowsnest:		Interval: Discrete 0.033s (30.000 fps)
[10/06/25 13:17:50] crowsnest:		Size: Discrete 1280x720
[10/06/25 13:17:50] crowsnest:		Interval: Discrete 0.033s (30.000 fps)
[10/06/25 13:17:50] crowsnest:		Size: Discrete 1280x1024
[10/06/25 13:17:50] crowsnest:		Interval: Discrete 0.033s (30.000 fps)
[10/06/25 13:17:50] crowsnest:		Size: Discrete 2048x1536
[10/06/25 13:17:50] crowsnest:		Interval: Discrete 0.033s (30.000 fps)
[10/06/25 13:17:50] crowsnest:		Size: Discrete 320x240
[10/06/25 13:17:50] crowsnest:		Interval: Discrete 0.033s (30.000 fps)
[10/06/25 13:17:50] crowsnest:		[1]: 'YUYV' (YUYV 4:2:2)
[10/06/25 13:17:50] crowsnest:		Size: Discrete 640x480
[10/06/25 13:17:50] crowsnest:		Interval: Discrete 0.040s (25.000 fps)
[10/06/25 13:17:50] crowsnest:		Size: Discrete 1024x768
[10/06/25 13:17:50] crowsnest:		Interval: Discrete 0.100s (10.000 fps)
[10/06/25 13:17:50] crowsnest:		Size: Discrete 1280x720
[10/06/25 13:17:50] crowsnest:		Interval: Discrete 0.100s (10.000 fps)
[10/06/25 13:17:50] crowsnest:		Size: Discrete 1280x1024
[10/06/25 13:17:50] crowsnest:		Interval: Discrete 0.200s (5.000 fps)
[10/06/25 13:17:50] crowsnest:		Size: Discrete 1920x1080
[10/06/25 13:17:50] crowsnest:		Interval: Discrete 0.200s (5.000 fps)
[10/06/25 13:17:50] crowsnest:		Size: Discrete 320x240
[10/06/25 13:17:50] crowsnest:		Interval: Discrete 0.033s (30.000 fps)
[10/06/25 13:17:50] crowsnest:		Size: Discrete 2048x1536
[10/06/25 13:17:50] crowsnest:		Interval: Discrete 0.200s (5.000 fps)
[10/06/25 13:17:50] crowsnest: Supported Controls:
[10/06/25 13:17:50] crowsnest:		
[10/06/25 13:17:50] crowsnest:		User Controls
[10/06/25 13:17:50] crowsnest:		
[10/06/25 13:17:50] crowsnest:		brightness 0x00980900 (int)    : min=-64 max=64 step=1 default=0 value=0
[10/06/25 13:17:50] crowsnest:		contrast 0x00980901 (int)    : min=0 max=64 step=1 default=32 value=32
[10/06/25 13:17:50] crowsnest:		saturation 0x00980902 (int)    : min=1 max=128 step=1 default=64 value=64
[10/06/25 13:17:50] crowsnest:		hue 0x00980903 (int)    : min=-40 max=40 step=1 default=0 value=0
[10/06/25 13:17:50] crowsnest:		white_balance_automatic 0x0098090c (bool)   : default=1 value=1
[10/06/25 13:17:50] crowsnest:		gamma 0x00980910 (int)    : min=72 max=500 step=1 default=100 value=100
[10/06/25 13:17:50] crowsnest:		gain 0x00980913 (int)    : min=0 max=100 step=1 default=0 value=0
[10/06/25 13:17:50] crowsnest:		power_line_frequency 0x00980918 (menu)   : min=0 max=2 default=1 value=1 (50 Hz)
[10/06/25 13:17:50] crowsnest:		0: Disabled
[10/06/25 13:17:50] crowsnest:		1: 50 Hz
[10/06/25 13:17:50] crowsnest:		2: 60 Hz
[10/06/25 13:17:50] crowsnest:		white_balance_temperature 0x0098091a (int)    : min=2800 max=6500 step=1 default=4600 value=4600 flags=inactive
[10/06/25 13:17:50] crowsnest:		sharpness 0x0098091b (int)    : min=0 max=6 step=1 default=5 value=5
[10/06/25 13:17:50] crowsnest:		backlight_compensation 0x0098091c (int)    : min=0 max=2 step=1 default=1 value=1
[10/06/25 13:17:50] crowsnest:		
[10/06/25 13:17:50] crowsnest:		Camera Controls
[10/06/25 13:17:50] crowsnest:		
[10/06/25 13:17:50] crowsnest:		auto_exposure 0x009a0901 (menu)   : min=0 max=3 default=3 value=3 (Aperture Priority Mode)
[10/06/25 13:17:50] crowsnest:		1: Manual Mode
[10/06/25 13:17:50] crowsnest:		3: Aperture Priority Mode
[10/06/25 13:17:50] crowsnest:		exposure_time_absolute 0x009a0902 (int)    : min=1 max=5000 step=1 default=625 value=625 flags=inactive
[10/06/25 13:17:50] crowsnest:		exposure_dynamic_framerate 0x009a0903 (bool)   : default=0 value=1
[10/06/25 13:17:50] crowsnest: Try to start configured Cams / Services...
[10/06/25 13:17:54] crowsnest: INFO: Configuration of Section [cam 1] looks good. Continue ...
[10/06/25 13:17:55] crowsnest: V4L2 Control: No parameters set for [cam 1]. Skipped.
[10/06/25 13:17:58] crowsnest: Starting ustreamer with Device /dev/video0 ...
[10/06/25 13:17:59] crowsnest:  ... Done!
[10/06/25 13:56:18] crowsnest: Shutdown or Killed by User!
[10/06/25 13:56:18] crowsnest: Please come again :)
[10/06/25 13:56:18] crowsnest: Goodbye...
[10/06/25 13:56:40] crowsnest: crowsnest - A webcam Service for multiple Cams and Stream Services.
[10/06/25 13:56:41] crowsnest: Version: v4.1.16-1-g059fa87
[10/06/25 13:56:41] crowsnest: Prepare Startup ...
[10/06/25 13:56:41] crowsnest: INFO: Host information:
[10/06/25 13:56:41] crowsnest: Host Info: Distribution: Armbian 25.8.1 bookworm
Armbian 25.8.1 bookworm
[10/06/25 13:56:41] crowsnest: Host Info: Kernel: Linux 6.6.66-vendor-sunxi64 aarch64
[10/06/25 13:56:41] crowsnest: Host Info: Available CPU Cores: 4
[10/06/25 13:56:41] crowsnest: Host Info: Available Memory: 940764 kB
[10/06/25 13:56:41] crowsnest: Host Info: Diskspace (avail. / total): 8.6G / 15G
[10/06/25 13:56:41] crowsnest: INFO: Checking Dependencies
[10/06/25 13:56:58] crowsnest: Dependency: 'crudini' found in /usr/bin/crudini.
[10/06/25 13:56:58] crowsnest: Dependency: 'find' found in /usr/bin/find.
[10/06/25 13:56:58] crowsnest: Dependency: 'xargs' found in /usr/bin/xargs.
[10/06/25 13:56:58] crowsnest: Dependency: 'ustreamer' found in bin/ustreamer/src/ustreamer.bin.
[10/06/25 13:56:59] crowsnest: Version Control: ustreamer is up to date. (v6.10)
[10/06/25 13:56:59] crowsnest: INFO: Print Configfile: '/home/biqu/printer_data/config/crowsnest.conf'
[10/06/25 13:56:59] crowsnest:		[crowsnest]
[10/06/25 13:56:59] crowsnest:		log_path: /home/biqu/printer_data/logs/crowsnest.log
[10/06/25 13:56:59] crowsnest:		log_level: verbose
[10/06/25 13:56:59] crowsnest:		delete_log: false
[10/06/25 13:56:59] crowsnest:		no_proxy: false
[10/06/25 13:56:59] crowsnest:		
[10/06/25 13:56:59] crowsnest:		[cam 1]
[10/06/25 13:56:59] crowsnest:		mode: ustreamer
[10/06/25 13:56:59] crowsnest:		
[10/06/25 13:56:59] crowsnest:		enable_rtsp: false
[10/06/25 13:56:59] crowsnest:		rtsp_port: 8554
[10/06/25 13:56:59] crowsnest:		port: 8080
[10/06/25 13:56:59] crowsnest:		device: /dev/video0
[10/06/25 13:56:59] crowsnest:		resolution: 2040x1536
[10/06/25 13:56:59] crowsnest:		max_fps: 15
[10/06/25 13:56:59] crowsnest: INFO: Detect available Devices
[10/06/25 13:56:59] crowsnest: INFO: Found 1 total available Device(s)
[10/06/25 13:56:59] crowsnest: INFO: Found 1 available v4l2 (UVC) camera(s)
[10/06/25 13:56:59] crowsnest: /dev/v4l/by-id/usb-Sonix_Technology_Co.__Ltd._Webcam_Webcam-video-index0 -> /dev/video0
[10/06/25 13:56:59] crowsnest: Supported Formats:
[10/06/25 13:56:59] crowsnest:		[0]: 'MJPG' (Motion-JPEG, compressed)
[10/06/25 13:56:59] crowsnest:		Size: Discrete 1920x1080
[10/06/25 13:56:59] crowsnest:		Interval: Discrete 0.033s (30.000 fps)
[10/06/25 13:56:59] crowsnest:		Size: Discrete 640x480
[10/06/25 13:56:59] crowsnest:		Interval: Discrete 0.033s (30.000 fps)
[10/06/25 13:56:59] crowsnest:		Size: Discrete 1024x768
[10/06/25 13:56:59] crowsnest:		Interval: Discrete 0.033s (30.000 fps)
[10/06/25 13:56:59] crowsnest:		Size: Discrete 1280x720
[10/06/25 13:56:59] crowsnest:		Interval: Discrete 0.033s (30.000 fps)
[10/06/25 13:56:59] crowsnest:		Size: Discrete 1280x1024
[10/06/25 13:56:59] crowsnest:		Interval: Discrete 0.033s (30.000 fps)
[10/06/25 13:56:59] crowsnest:		Size: Discrete 2048x1536
[10/06/25 13:56:59] crowsnest:		Interval: Discrete 0.033s (30.000 fps)
[10/06/25 13:56:59] crowsnest:		Size: Discrete 320x240
[10/06/25 13:56:59] crowsnest:		Interval: Discrete 0.033s (30.000 fps)
[10/06/25 13:56:59] crowsnest:		[1]: 'YUYV' (YUYV 4:2:2)
[10/06/25 13:56:59] crowsnest:		Size: Discrete 640x480
[10/06/25 13:56:59] crowsnest:		Interval: Discrete 0.040s (25.000 fps)
[10/06/25 13:56:59] crowsnest:		Size: Discrete 1024x768
[10/06/25 13:56:59] crowsnest:		Interval: Discrete 0.100s (10.000 fps)
[10/06/25 13:56:59] crowsnest:		Size: Discrete 1280x720
[10/06/25 13:56:59] crowsnest:		Interval: Discrete 0.100s (10.000 fps)
[10/06/25 13:56:59] crowsnest:		Size: Discrete 1280x1024
[10/06/25 13:56:59] crowsnest:		Interval: Discrete 0.200s (5.000 fps)
[10/06/25 13:56:59] crowsnest:		Size: Discrete 1920x1080
[10/06/25 13:56:59] crowsnest:		Interval: Discrete 0.200s (5.000 fps)
[10/06/25 13:56:59] crowsnest:		Size: Discrete 320x240
[10/06/25 13:56:59] crowsnest:		Interval: Discrete 0.033s (30.000 fps)
[10/06/25 13:56:59] crowsnest:		Size: Discrete 2048x1536
[10/06/25 13:56:59] crowsnest:		Interval: Discrete 0.200s (5.000 fps)
[10/06/25 13:56:59] crowsnest: Supported Controls:
[10/06/25 13:56:59] crowsnest:		
[10/06/25 13:56:59] crowsnest:		User Controls
[10/06/25 13:56:59] crowsnest:		
[10/06/25 13:56:59] crowsnest:		brightness 0x00980900 (int)    : min=-64 max=64 step=1 default=0 value=0
[10/06/25 13:56:59] crowsnest:		contrast 0x00980901 (int)    : min=0 max=64 step=1 default=32 value=32
[10/06/25 13:56:59] crowsnest:		saturation 0x00980902 (int)    : min=1 max=128 step=1 default=64 value=64
[10/06/25 13:56:59] crowsnest:		hue 0x00980903 (int)    : min=-40 max=40 step=1 default=0 value=0
[10/06/25 13:56:59] crowsnest:		white_balance_automatic 0x0098090c (bool)   : default=1 value=1
[10/06/25 13:56:59] crowsnest:		gamma 0x00980910 (int)    : min=72 max=500 step=1 default=100 value=100
[10/06/25 13:56:59] crowsnest:		gain 0x00980913 (int)    : min=0 max=100 step=1 default=0 value=0
[10/06/25 13:56:59] crowsnest:		power_line_frequency 0x00980918 (menu)   : min=0 max=2 default=1 value=1 (50 Hz)
[10/06/25 13:56:59] crowsnest:		0: Disabled
[10/06/25 13:56:59] crowsnest:		1: 50 Hz
[10/06/25 13:56:59] crowsnest:		2: 60 Hz
[10/06/25 13:56:59] crowsnest:		white_balance_temperature 0x0098091a (int)    : min=2800 max=6500 step=1 default=4600 value=4600 flags=inactive
[10/06/25 13:56:59] crowsnest:		sharpness 0x0098091b (int)    : min=0 max=6 step=1 default=5 value=5
[10/06/25 13:56:59] crowsnest:		backlight_compensation 0x0098091c (int)    : min=0 max=2 step=1 default=1 value=1
[10/06/25 13:56:59] crowsnest:		
[10/06/25 13:56:59] crowsnest:		Camera Controls
[10/06/25 13:56:59] crowsnest:		
[10/06/25 13:56:59] crowsnest:		auto_exposure 0x009a0901 (menu)   : min=0 max=3 default=3 value=3 (Aperture Priority Mode)
[10/06/25 13:56:59] crowsnest:		1: Manual Mode
[10/06/25 13:56:59] crowsnest:		3: Aperture Priority Mode
[10/06/25 13:56:59] crowsnest:		exposure_time_absolute 0x009a0902 (int)    : min=1 max=5000 step=1 default=625 value=625 flags=inactive
[10/06/25 13:56:59] crowsnest:		exposure_dynamic_framerate 0x009a0903 (bool)   : default=0 value=1
[10/06/25 13:56:59] crowsnest: Try to start configured Cams / Services...
[10/06/25 13:57:02] crowsnest: INFO: Configuration of Section [cam 1] looks good. Continue ...
[10/06/25 13:57:04] crowsnest: V4L2 Control: No parameters set for [cam 1]. Skipped.
[10/06/25 13:57:07] crowsnest: Starting ustreamer with Device /dev/video0 ...
[10/06/25 13:57:08] crowsnest:  ... Done!
[10/07/25 04:47:16] crowsnest: Shutdown or Killed by User!
[10/07/25 04:47:16] crowsnest: Please come again :)
[10/07/25 04:47:16] crowsnest: Goodbye...
[10/07/25 04:47:17] crowsnest: crowsnest - A webcam Service for multiple Cams and Stream Services.
[10/07/25 04:47:17] crowsnest: Version: v4.1.16-1-g059fa87
[10/07/25 04:47:17] crowsnest: Prepare Startup ...
[10/07/25 04:47:17] crowsnest: INFO: Host information:
[10/07/25 04:47:17] crowsnest: Host Info: Distribution: Armbian 25.8.1 bookworm
Armbian 25.8.1 bookworm
[10/07/25 04:47:17] crowsnest: Host Info: Kernel: Linux 6.6.66-vendor-sunxi64 aarch64
[10/07/25 04:47:17] crowsnest: Host Info: Available CPU Cores: 4
[10/07/25 04:47:17] crowsnest: Host Info: Available Memory: 940764 kB
[10/07/25 04:47:17] crowsnest: Host Info: Diskspace (avail. / total): 8.6G / 15G
[10/07/25 04:47:17] crowsnest: INFO: Checking Dependencies
[10/07/25 04:47:17] crowsnest: Dependency: 'crudini' found in /usr/bin/crudini.
[10/07/25 04:47:17] crowsnest: Dependency: 'find' found in /usr/bin/find.
[10/07/25 04:47:17] crowsnest: Dependency: 'xargs' found in /usr/bin/xargs.
[10/07/25 04:47:17] crowsnest: Dependency: 'ustreamer' found in bin/ustreamer/src/ustreamer.bin.
[10/07/25 04:47:17] crowsnest: Version Control: ustreamer is up to date. (v6.10)
[10/07/25 04:47:17] crowsnest: INFO: Print Configfile: '/home/biqu/printer_data/config/crowsnest.conf'
[10/07/25 04:47:17] crowsnest:		[crowsnest]
[10/07/25 04:47:17] crowsnest:		log_path: /home/biqu/printer_data/logs/crowsnest.log
[10/07/25 04:47:17] crowsnest:		log_level: verbose
[10/07/25 04:47:17] crowsnest:		delete_log: false
[10/07/25 04:47:17] crowsnest:		no_proxy: false
[10/07/25 04:47:17] crowsnest:		
[10/07/25 04:47:17] crowsnest:		[cam 1]
[10/07/25 04:47:17] crowsnest:		mode: ustreamer
[10/07/25 04:47:17] crowsnest:		
[10/07/25 04:47:17] crowsnest:		enable_rtsp: false
[10/07/25 04:47:17] crowsnest:		rtsp_port: 8554
[10/07/25 04:47:17] crowsnest:		port: 8080
[10/07/25 04:47:17] crowsnest:		device: /dev/video0
[10/07/25 04:47:17] crowsnest:		resolution: 1920x1080
[10/07/25 04:47:17] crowsnest:		max_fps: 15
[10/07/25 04:47:17] crowsnest: INFO: Detect available Devices
[10/07/25 04:47:17] crowsnest: INFO: Found 1 total available Device(s)
[10/07/25 04:47:17] crowsnest: INFO: Found 1 available v4l2 (UVC) camera(s)
[10/07/25 04:47:17] crowsnest: /dev/v4l/by-id/usb-Sonix_Technology_Co.__Ltd._Webcam_Webcam-video-index0 -> /dev/video0
[10/07/25 04:47:17] crowsnest: Supported Formats:
[10/07/25 04:47:17] crowsnest:		[0]: 'MJPG' (Motion-JPEG, compressed)
[10/07/25 04:47:17] crowsnest:		Size: Discrete 1920x1080
[10/07/25 04:47:17] crowsnest:		Interval: Discrete 0.033s (30.000 fps)
[10/07/25 04:47:17] crowsnest:		Size: Discrete 640x480
[10/07/25 04:47:17] crowsnest:		Interval: Discrete 0.033s (30.000 fps)
[10/07/25 04:47:17] crowsnest:		Size: Discrete 1024x768
[10/07/25 04:47:17] crowsnest:		Interval: Discrete 0.033s (30.000 fps)
[10/07/25 04:47:17] crowsnest:		Size: Discrete 1280x720
[10/07/25 04:47:17] crowsnest:		Interval: Discrete 0.033s (30.000 fps)
[10/07/25 04:47:17] crowsnest:		Size: Discrete 1280x1024
[10/07/25 04:47:17] crowsnest:		Interval: Discrete 0.033s (30.000 fps)
[10/07/25 04:47:17] crowsnest:		Size: Discrete 2048x1536
[10/07/25 04:47:17] crowsnest:		Interval: Discrete 0.033s (30.000 fps)
[10/07/25 04:47:17] crowsnest:		Size: Discrete 320x240
[10/07/25 04:47:17] crowsnest:		Interval: Discrete 0.033s (30.000 fps)
[10/07/25 04:47:17] crowsnest:		[1]: 'YUYV' (YUYV 4:2:2)
[10/07/25 04:47:17] crowsnest:		Size: Discrete 640x480
[10/07/25 04:47:17] crowsnest:		Interval: Discrete 0.040s (25.000 fps)
[10/07/25 04:47:17] crowsnest:		Size: Discrete 1024x768
[10/07/25 04:47:17] crowsnest:		Interval: Discrete 0.100s (10.000 fps)
[10/07/25 04:47:17] crowsnest:		Size: Discrete 1280x720
[10/07/25 04:47:17] crowsnest:		Interval: Discrete 0.100s (10.000 fps)
[10/07/25 04:47:17] crowsnest:		Size: Discrete 1280x1024
[10/07/25 04:47:17] crowsnest:		Interval: Discrete 0.200s (5.000 fps)
[10/07/25 04:47:17] crowsnest:		Size: Discrete 1920x1080
[10/07/25 04:47:17] crowsnest:		Interval: Discrete 0.200s (5.000 fps)
[10/07/25 04:47:17] crowsnest:		Size: Discrete 320x240
[10/07/25 04:47:17] crowsnest:		Interval: Discrete 0.033s (30.000 fps)
[10/07/25 04:47:17] crowsnest:		Size: Discrete 2048x1536
[10/07/25 04:47:17] crowsnest:		Interval: Discrete 0.200s (5.000 fps)
[10/07/25 04:47:17] crowsnest: Supported Controls:
[10/07/25 04:47:17] crowsnest:		
[10/07/25 04:47:17] crowsnest:		User Controls
[10/07/25 04:47:17] crowsnest:		
[10/07/25 04:47:17] crowsnest:		brightness 0x00980900 (int)    : min=-64 max=64 step=1 default=0 value=0
[10/07/25 04:47:17] crowsnest:		contrast 0x00980901 (int)    : min=0 max=64 step=1 default=32 value=32
[10/07/25 04:47:17] crowsnest:		saturation 0x00980902 (int)    : min=1 max=128 step=1 default=64 value=64
[10/07/25 04:47:17] crowsnest:		hue 0x00980903 (int)    : min=-40 max=40 step=1 default=0 value=0
[10/07/25 04:47:17] crowsnest:		white_balance_automatic 0x0098090c (bool)   : default=1 value=1
[10/07/25 04:47:17] crowsnest:		gamma 0x00980910 (int)    : min=72 max=500 step=1 default=100 value=100
[10/07/25 04:47:17] crowsnest:		gain 0x00980913 (int)    : min=0 max=100 step=1 default=0 value=0
[10/07/25 04:47:17] crowsnest:		power_line_frequency 0x00980918 (menu)   : min=0 max=2 default=1 value=1 (50 Hz)
[10/07/25 04:47:17] crowsnest:		0: Disabled
[10/07/25 04:47:17] crowsnest:		1: 50 Hz
[10/07/25 04:47:17] crowsnest:		2: 60 Hz
[10/07/25 04:47:17] crowsnest:		white_balance_temperature 0x0098091a (int)    : min=2800 max=6500 step=1 default=4600 value=4600 flags=inactive
[10/07/25 04:47:17] crowsnest:		sharpness 0x0098091b (int)    : min=0 max=6 step=1 default=5 value=5
[10/07/25 04:47:17] crowsnest:		backlight_compensation 0x0098091c (int)    : min=0 max=2 step=1 default=1 value=1
[10/07/25 04:47:17] crowsnest:		
[10/07/25 04:47:17] crowsnest:		Camera Controls
[10/07/25 04:47:17] crowsnest:		
[10/07/25 04:47:17] crowsnest:		auto_exposure 0x009a0901 (menu)   : min=0 max=3 default=3 value=3 (Aperture Priority Mode)
[10/07/25 04:47:17] crowsnest:		1: Manual Mode
[10/07/25 04:47:17] crowsnest:		3: Aperture Priority Mode
[10/07/25 04:47:17] crowsnest:		exposure_time_absolute 0x009a0902 (int)    : min=1 max=5000 step=1 default=625 value=625 flags=inactive
[10/07/25 04:47:17] crowsnest:		exposure_dynamic_framerate 0x009a0903 (bool)   : default=0 value=1
[10/07/25 04:47:17] crowsnest: Try to start configured Cams / Services...
[10/07/25 04:47:19] crowsnest: INFO: Configuration of Section [cam 1] looks good. Continue ...
[10/07/25 04:47:20] crowsnest: V4L2 Control: No parameters set for [cam 1]. Skipped.
[10/07/25 04:47:22] crowsnest: Starting ustreamer with Device /dev/video0 ...
[10/07/25 04:47:24] crowsnest:  ... Done!
[10/07/25 06:17:22] crowsnest: crowsnest - A webcam Service for multiple Cams and Stream Services.
[10/07/25 06:17:23] crowsnest: Version: v4.1.16-1-g059fa87
[10/07/25 06:17:23] crowsnest: Prepare Startup ...
[10/07/25 06:17:23] crowsnest: INFO: Host information:
[10/07/25 06:17:23] crowsnest: Host Info: Distribution: Armbian 25.8.1 bookworm
Armbian 25.8.1 bookworm
[10/07/25 06:17:23] crowsnest: Host Info: Kernel: Linux 6.6.66-vendor-sunxi64 aarch64
[10/13/25 08:41:12] crowsnest: Host Info: Available CPU Cores: 4
[10/13/25 08:41:12] crowsnest: Host Info: Available Memory: 940764 kB
[10/13/25 08:41:12] crowsnest: Host Info: Diskspace (avail. / total): 8.6G / 15G
[10/13/25 08:41:12] crowsnest: INFO: Checking Dependencies
[10/13/25 08:41:15] crowsnest: Dependency: 'crudini' found in /usr/bin/crudini.
[10/13/25 08:41:15] crowsnest: Dependency: 'find' found in /usr/bin/find.
[10/13/25 08:41:15] crowsnest: Dependency: 'xargs' found in /usr/bin/xargs.
[10/13/25 08:41:15] crowsnest: Dependency: 'ustreamer' found in bin/ustreamer/src/ustreamer.bin.
[10/13/25 08:41:15] crowsnest: Version Control: ustreamer is up to date. (v6.10)
[10/13/25 08:41:15] crowsnest: INFO: Print Configfile: '/home/biqu/printer_data/config/crowsnest.conf'
[10/13/25 08:41:15] crowsnest:		[crowsnest]
[10/13/25 08:41:15] crowsnest:		log_path: /home/biqu/printer_data/logs/crowsnest.log
[10/13/25 08:41:15] crowsnest:		log_level: verbose
[10/13/25 08:41:15] crowsnest:		delete_log: false
[10/13/25 08:41:15] crowsnest:		no_proxy: false
[10/13/25 08:41:15] crowsnest:		
[10/13/25 08:41:15] crowsnest:		[cam 1]
[10/13/25 08:41:15] crowsnest:		mode: ustreamer
[10/13/25 08:41:15] crowsnest:		
[10/13/25 08:41:15] crowsnest:		enable_rtsp: false
[10/13/25 08:41:15] crowsnest:		rtsp_port: 8554
[10/13/25 08:41:15] crowsnest:		port: 8080
[10/13/25 08:41:15] crowsnest:		device: /dev/video0
[10/13/25 08:41:15] crowsnest:		resolution: 1920x1080
[10/13/25 08:41:15] crowsnest:		max_fps: 15
[10/13/25 08:41:15] crowsnest: INFO: Detect available Devices
[10/13/25 08:41:16] crowsnest: ERROR: No usable Devices Found. Stopping crowsnest.
[10/13/25 08:41:22] crowsnest: crowsnest - A webcam Service for multiple Cams and Stream Services.
[10/13/25 08:41:22] crowsnest: Version: v4.1.16-1-g059fa87
[10/13/25 08:41:22] crowsnest: Prepare Startup ...
[10/13/25 08:41:22] crowsnest: INFO: Host information:
[10/13/25 08:41:22] crowsnest: Host Info: Distribution: Armbian 25.8.1 bookworm
Armbian 25.8.1 bookworm
[10/13/25 08:41:22] crowsnest: Host Info: Kernel: Linux 6.6.66-vendor-sunxi64 aarch64
[10/13/25 08:41:22] crowsnest: Host Info: Available CPU Cores: 4
[10/13/25 08:41:22] crowsnest: Host Info: Available Memory: 940764 kB
[10/13/25 08:41:22] crowsnest: Host Info: Diskspace (avail. / total): 8.7G / 15G
[10/13/25 08:41:22] crowsnest: INFO: Checking Dependencies
[10/13/25 08:41:22] crowsnest: Dependency: 'crudini' found in /usr/bin/crudini.
[10/13/25 08:41:22] crowsnest: Dependency: 'find' found in /usr/bin/find.
[10/13/25 08:41:22] crowsnest: Dependency: 'xargs' found in /usr/bin/xargs.
[10/13/25 08:41:22] crowsnest: Dependency: 'ustreamer' found in bin/ustreamer/src/ustreamer.bin.
[10/13/25 08:41:22] crowsnest: Version Control: ustreamer is up to date. (v6.10)
[10/13/25 08:41:22] crowsnest: INFO: Print Configfile: '/home/biqu/printer_data/config/crowsnest.conf'
[10/13/25 08:41:22] crowsnest:		[crowsnest]
[10/13/25 08:41:22] crowsnest:		log_path: /home/biqu/printer_data/logs/crowsnest.log
[10/13/25 08:41:22] crowsnest:		log_level: verbose
[10/13/25 08:41:22] crowsnest:		delete_log: false
[10/13/25 08:41:22] crowsnest:		no_proxy: false
[10/13/25 08:41:22] crowsnest:		
[10/13/25 08:41:22] crowsnest:		[cam 1]
[10/13/25 08:41:22] crowsnest:		mode: ustreamer
[10/13/25 08:41:22] crowsnest:		
[10/13/25 08:41:22] crowsnest:		enable_rtsp: false
[10/13/25 08:41:22] crowsnest:		rtsp_port: 8554
[10/13/25 08:41:22] crowsnest:		port: 8080
[10/13/25 08:41:22] crowsnest:		device: /dev/video0
[10/13/25 08:41:22] crowsnest:		resolution: 1920x1080
[10/13/25 08:41:22] crowsnest:		max_fps: 15
[10/13/25 08:41:22] crowsnest: INFO: Detect available Devices
[10/13/25 08:41:22] crowsnest: ERROR: No usable Devices Found. Stopping crowsnest.
[10/13/25 08:41:28] crowsnest: crowsnest - A webcam Service for multiple Cams and Stream Services.
[10/13/25 08:41:28] crowsnest: Version: v4.1.16-1-g059fa87
[10/13/25 08:41:28] crowsnest: Prepare Startup ...
[10/13/25 08:41:29] crowsnest: INFO: Host information:
[10/13/25 08:41:29] crowsnest: Host Info: Distribution: Armbian 25.8.1 bookworm
Armbian 25.8.1 bookworm
[10/13/25 08:41:29] crowsnest: Host Info: Kernel: Linux 6.6.66-vendor-sunxi64 aarch64
[10/13/25 08:41:29] crowsnest: Host Info: Available CPU Cores: 4
[10/13/25 08:41:29] crowsnest: Host Info: Available Memory: 940764 kB
[10/13/25 08:41:29] crowsnest: Host Info: Diskspace (avail. / total): 8.7G / 15G
[10/13/25 08:41:29] crowsnest: INFO: Checking Dependencies
[10/13/25 08:41:29] crowsnest: Dependency: 'crudini' found in /usr/bin/crudini.
[10/13/25 08:41:29] crowsnest: Dependency: 'find' found in /usr/bin/find.
[10/13/25 08:41:29] crowsnest: Dependency: 'xargs' found in /usr/bin/xargs.
[10/13/25 08:41:29] crowsnest: Dependency: 'ustreamer' found in bin/ustreamer/src/ustreamer.bin.
[10/13/25 08:41:29] crowsnest: Version Control: ustreamer is up to date. (v6.10)
[10/13/25 08:41:29] crowsnest: INFO: Print Configfile: '/home/biqu/printer_data/config/crowsnest.conf'
[10/13/25 08:41:29] crowsnest:		[crowsnest]
[10/13/25 08:41:29] crowsnest:		log_path: /home/biqu/printer_data/logs/crowsnest.log
[10/13/25 08:41:29] crowsnest:		log_level: verbose
[10/13/25 08:41:29] crowsnest:		delete_log: false
[10/13/25 08:41:29] crowsnest:		no_proxy: false
[10/13/25 08:41:29] crowsnest:		
[10/13/25 08:41:29] crowsnest:		[cam 1]
[10/13/25 08:41:29] crowsnest:		mode: ustreamer
[10/13/25 08:41:29] crowsnest:		
[10/13/25 08:41:29] crowsnest:		enable_rtsp: false
[10/13/25 08:41:29] crowsnest:		rtsp_port: 8554
[10/13/25 08:41:29] crowsnest:		port: 8080
[10/13/25 08:41:29] crowsnest:		device: /dev/video0
[10/13/25 08:41:29] crowsnest:		resolution: 1920x1080
[10/13/25 08:41:29] crowsnest:		max_fps: 15
[10/13/25 08:41:29] crowsnest: INFO: Detect available Devices
[10/13/25 08:41:29] crowsnest: ERROR: No usable Devices Found. Stopping crowsnest.
[10/13/25 08:41:35] crowsnest: crowsnest - A webcam Service for multiple Cams and Stream Services.
[10/13/25 08:41:35] crowsnest: Version: v4.1.16-1-g059fa87
[10/13/25 08:41:35] crowsnest: Prepare Startup ...
[10/13/25 08:41:35] crowsnest: INFO: Host information:
[10/13/25 08:41:35] crowsnest: Host Info: Distribution: Armbian 25.8.1 bookworm
Armbian 25.8.1 bookworm
[10/13/25 08:41:35] crowsnest: Host Info: Kernel: Linux 6.6.66-vendor-sunxi64 aarch64
[10/13/25 08:41:35] crowsnest: Host Info: Available CPU Cores: 4
[10/13/25 08:41:35] crowsnest: Host Info: Available Memory: 940764 kB
[10/13/25 08:41:35] crowsnest: Host Info: Diskspace (avail. / total): 8.7G / 15G
[10/13/25 08:41:35] crowsnest: INFO: Checking Dependencies
[10/13/25 08:41:35] crowsnest: Dependency: 'crudini' found in /usr/bin/crudini.
[10/13/25 08:41:35] crowsnest: Dependency: 'find' found in /usr/bin/find.
[10/13/25 08:41:35] crowsnest: Dependency: 'xargs' found in /usr/bin/xargs.
[10/13/25 08:41:35] crowsnest: Dependency: 'ustreamer' found in bin/ustreamer/src/ustreamer.bin.
[10/13/25 08:41:35] crowsnest: Version Control: ustreamer is up to date. (v6.10)
[10/13/25 08:41:35] crowsnest: INFO: Print Configfile: '/home/biqu/printer_data/config/crowsnest.conf'
[10/13/25 08:41:35] crowsnest:		[crowsnest]
[10/13/25 08:41:35] crowsnest:		log_path: /home/biqu/printer_data/logs/crowsnest.log
[10/13/25 08:41:35] crowsnest:		log_level: verbose
[10/13/25 08:41:35] crowsnest:		delete_log: false
[10/13/25 08:41:35] crowsnest:		no_proxy: false
[10/13/25 08:41:35] crowsnest:		
[10/13/25 08:41:35] crowsnest:		[cam 1]
[10/13/25 08:41:35] crowsnest:		mode: ustreamer
[10/13/25 08:41:35] crowsnest:		
[10/13/25 08:41:35] crowsnest:		enable_rtsp: false
[10/13/25 08:41:35] crowsnest:		rtsp_port: 8554
[10/13/25 08:41:35] crowsnest:		port: 8080
[10/13/25 08:41:35] crowsnest:		device: /dev/video0
[10/13/25 08:41:35] crowsnest:		resolution: 1920x1080
[10/13/25 08:41:35] crowsnest:		max_fps: 15
[10/13/25 08:41:35] crowsnest: INFO: Detect available Devices
[10/13/25 08:41:36] crowsnest: ERROR: No usable Devices Found. Stopping crowsnest.
[10/13/25 08:41:42] crowsnest: crowsnest - A webcam Service for multiple Cams and Stream Services.
[10/13/25 08:41:42] crowsnest: Version: v4.1.16-1-g059fa87
[10/13/25 08:41:42] crowsnest: Prepare Startup ...
[10/13/25 08:41:42] crowsnest: INFO: Host information:
[10/13/25 08:41:42] crowsnest: Host Info: Distribution: Armbian 25.8.1 bookworm
Armbian 25.8.1 bookworm
[10/13/25 08:41:42] crowsnest: Host Info: Kernel: Linux 6.6.66-vendor-sunxi64 aarch64
[10/13/25 08:41:42] crowsnest: Host Info: Available CPU Cores: 4
[10/13/25 08:41:42] crowsnest: Host Info: Available Memory: 940764 kB
[10/13/25 08:41:42] crowsnest: Host Info: Diskspace (avail. / total): 8.7G / 15G
[10/13/25 08:41:42] crowsnest: INFO: Checking Dependencies
[10/13/25 08:41:42] crowsnest: Dependency: 'crudini' found in /usr/bin/crudini.
[10/13/25 08:41:42] crowsnest: Dependency: 'find' found in /usr/bin/find.
[10/13/25 08:41:42] crowsnest: Dependency: 'xargs' found in /usr/bin/xargs.
[10/13/25 08:41:42] crowsnest: Dependency: 'ustreamer' found in bin/ustreamer/src/ustreamer.bin.
[10/13/25 08:41:42] crowsnest: Version Control: ustreamer is up to date. (v6.10)
[10/13/25 08:41:42] crowsnest: INFO: Print Configfile: '/home/biqu/printer_data/config/crowsnest.conf'
[10/13/25 08:41:42] crowsnest:		[crowsnest]
[10/13/25 08:41:42] crowsnest:		log_path: /home/biqu/printer_data/logs/crowsnest.log
[10/13/25 08:41:42] crowsnest:		log_level: verbose
[10/13/25 08:41:42] crowsnest:		delete_log: false
[10/13/25 08:41:42] crowsnest:		no_proxy: false
[10/13/25 08:41:42] crowsnest:		
[10/13/25 08:41:42] crowsnest:		[cam 1]
[10/13/25 08:41:42] crowsnest:		mode: ustreamer
[10/13/25 08:41:42] crowsnest:		
[10/13/25 08:41:42] crowsnest:		enable_rtsp: false
[10/13/25 08:41:42] crowsnest:		rtsp_port: 8554
[10/13/25 08:41:42] crowsnest:		port: 8080
[10/13/25 08:41:42] crowsnest:		device: /dev/video0
[10/13/25 08:41:42] crowsnest:		resolution: 1920x1080
[10/13/25 08:41:42] crowsnest:		max_fps: 15
[10/13/25 08:41:42] crowsnest: INFO: Detect available Devices
[10/13/25 08:41:42] crowsnest: ERROR: No usable Devices Found. Stopping crowsnest.
[10/13/25 08:41:48] crowsnest: crowsnest - A webcam Service for multiple Cams and Stream Services.
[10/13/25 08:41:48] crowsnest: Version: v4.1.16-1-g059fa87
[10/13/25 08:41:48] crowsnest: Prepare Startup ...
[10/13/25 08:41:48] crowsnest: INFO: Host information:
[10/13/25 08:41:48] crowsnest: Host Info: Distribution: Armbian 25.8.1 bookworm
Armbian 25.8.1 bookworm
[10/13/25 08:41:48] crowsnest: Host Info: Kernel: Linux 6.6.66-vendor-sunxi64 aarch64
[10/13/25 08:41:48] crowsnest: Host Info: Available CPU Cores: 4
[10/13/25 08:41:48] crowsnest: Host Info: Available Memory: 940764 kB
[10/13/25 08:41:48] crowsnest: Host Info: Diskspace (avail. / total): 8.7G / 15G
[10/13/25 08:41:48] crowsnest: INFO: Checking Dependencies
[10/13/25 08:41:48] crowsnest: Dependency: 'crudini' found in /usr/bin/crudini.
[10/13/25 08:41:48] crowsnest: Dependency: 'find' found in /usr/bin/find.
[10/13/25 08:41:48] crowsnest: Dependency: 'xargs' found in /usr/bin/xargs.
[10/13/25 08:41:48] crowsnest: Dependency: 'ustreamer' found in bin/ustreamer/src/ustreamer.bin.
[10/13/25 08:41:48] crowsnest: Version Control: ustreamer is up to date. (v6.10)
[10/13/25 08:41:48] crowsnest: INFO: Print Configfile: '/home/biqu/printer_data/config/crowsnest.conf'
[10/13/25 08:41:48] crowsnest:		[crowsnest]
[10/13/25 08:41:48] crowsnest:		log_path: /home/biqu/printer_data/logs/crowsnest.log
[10/13/25 08:41:48] crowsnest:		log_level: verbose
[10/13/25 08:41:48] crowsnest:		delete_log: false
[10/13/25 08:41:48] crowsnest:		no_proxy: false
[10/13/25 08:41:48] crowsnest:		
[10/13/25 08:41:48] crowsnest:		[cam 1]
[10/13/25 08:41:48] crowsnest:		mode: ustreamer
[10/13/25 08:41:48] crowsnest:		
[10/13/25 08:41:48] crowsnest:		enable_rtsp: false
[10/13/25 08:41:48] crowsnest:		rtsp_port: 8554
[10/13/25 08:41:48] crowsnest:		port: 8080
[10/13/25 08:41:48] crowsnest:		device: /dev/video0
[10/13/25 08:41:48] crowsnest:		resolution: 1920x1080
[10/13/25 08:41:48] crowsnest:		max_fps: 15
[10/13/25 08:41:48] crowsnest: INFO: Detect available Devices
[10/13/25 08:41:49] crowsnest: ERROR: No usable Devices Found. Stopping crowsnest.
[10/13/25 08:41:55] crowsnest: crowsnest - A webcam Service for multiple Cams and Stream Services.
[10/13/25 08:41:55] crowsnest: Version: v4.1.16-1-g059fa87
[10/13/25 08:41:55] crowsnest: Prepare Startup ...
[10/13/25 08:41:55] crowsnest: INFO: Host information:
[10/13/25 08:41:55] crowsnest: Host Info: Distribution: Armbian 25.8.1 bookworm
Armbian 25.8.1 bookworm
[10/13/25 08:41:55] crowsnest: Host Info: Kernel: Linux 6.6.66-vendor-sunxi64 aarch64
[10/13/25 08:41:55] crowsnest: Host Info: Available CPU Cores: 4
[10/13/25 08:41:55] crowsnest: Host Info: Available Memory: 940764 kB
[10/13/25 08:41:55] crowsnest: Host Info: Diskspace (avail. / total): 8.7G / 15G
[10/13/25 08:41:55] crowsnest: INFO: Checking Dependencies
[10/13/25 08:41:55] crowsnest: Dependency: 'crudini' found in /usr/bin/crudini.
[10/13/25 08:41:55] crowsnest: Dependency: 'find' found in /usr/bin/find.
[10/13/25 08:41:55] crowsnest: Dependency: 'xargs' found in /usr/bin/xargs.
[10/13/25 08:41:55] crowsnest: Dependency: 'ustreamer' found in bin/ustreamer/src/ustreamer.bin.
[10/13/25 08:41:55] crowsnest: Version Control: ustreamer is up to date. (v6.10)
[10/13/25 08:41:55] crowsnest: INFO: Print Configfile: '/home/biqu/printer_data/config/crowsnest.conf'
[10/13/25 08:41:55] crowsnest:		[crowsnest]
[10/13/25 08:41:55] crowsnest:		log_path: /home/biqu/printer_data/logs/crowsnest.log
[10/13/25 08:41:55] crowsnest:		log_level: verbose
[10/13/25 08:41:55] crowsnest:		delete_log: false
[10/13/25 08:41:55] crowsnest:		no_proxy: false
[10/13/25 08:41:55] crowsnest:		
[10/13/25 08:41:55] crowsnest:		[cam 1]
[10/13/25 08:41:55] crowsnest:		mode: ustreamer
[10/13/25 08:41:55] crowsnest:		
[10/13/25 08:41:55] crowsnest:		enable_rtsp: false
[10/13/25 08:41:55] crowsnest:		rtsp_port: 8554
[10/13/25 08:41:55] crowsnest:		port: 8080
[10/13/25 08:41:55] crowsnest:		device: /dev/video0
[10/13/25 08:41:55] crowsnest:		resolution: 1920x1080
[10/13/25 08:41:55] crowsnest:		max_fps: 15
[10/13/25 08:41:55] crowsnest: INFO: Detect available Devices
[10/13/25 08:41:55] crowsnest: ERROR: No usable Devices Found. Stopping crowsnest.
[10/13/25 08:42:01] crowsnest: crowsnest - A webcam Service for multiple Cams and Stream Services.
[10/13/25 08:42:01] crowsnest: Version: v4.1.16-1-g059fa87
[10/13/25 08:42:01] crowsnest: Prepare Startup ...
[10/13/25 08:42:01] crowsnest: INFO: Host information:
[10/13/25 08:42:01] crowsnest: Host Info: Distribution: Armbian 25.8.1 bookworm
Armbian 25.8.1 bookworm
[10/13/25 08:42:01] crowsnest: Host Info: Kernel: Linux 6.6.66-vendor-sunxi64 aarch64
[10/13/25 08:42:01] crowsnest: Host Info: Available CPU Cores: 4
[10/13/25 08:42:01] crowsnest: Host Info: Available Memory: 940764 kB
[10/13/25 08:42:01] crowsnest: Host Info: Diskspace (avail. / total): 8.7G / 15G
[10/13/25 08:42:01] crowsnest: INFO: Checking Dependencies
[10/13/25 08:42:01] crowsnest: Dependency: 'crudini' found in /usr/bin/crudini.
[10/13/25 08:42:01] crowsnest: Dependency: 'find' found in /usr/bin/find.
[10/13/25 08:42:01] crowsnest: Dependency: 'xargs' found in /usr/bin/xargs.
[10/13/25 08:42:01] crowsnest: Dependency: 'ustreamer' found in bin/ustreamer/src/ustreamer.bin.
[10/13/25 08:42:01] crowsnest: Version Control: ustreamer is up to date. (v6.10)
[10/13/25 08:42:01] crowsnest: INFO: Print Configfile: '/home/biqu/printer_data/config/crowsnest.conf'
[10/13/25 08:42:01] crowsnest:		[crowsnest]
[10/13/25 08:42:01] crowsnest:		log_path: /home/biqu/printer_data/logs/crowsnest.log
[10/13/25 08:42:01] crowsnest:		log_level: verbose
[10/13/25 08:42:01] crowsnest:		delete_log: false
[10/13/25 08:42:01] crowsnest:		no_proxy: false
[10/13/25 08:42:01] crowsnest:		
[10/13/25 08:42:01] crowsnest:		[cam 1]
[10/13/25 08:42:01] crowsnest:		mode: ustreamer
[10/13/25 08:42:01] crowsnest:		
[10/13/25 08:42:01] crowsnest:		enable_rtsp: false
[10/13/25 08:42:01] crowsnest:		rtsp_port: 8554
[10/13/25 08:42:01] crowsnest:		port: 8080
[10/13/25 08:42:01] crowsnest:		device: /dev/video0
[10/13/25 08:42:01] crowsnest:		resolution: 1920x1080
[10/13/25 08:42:01] crowsnest:		max_fps: 15
[10/13/25 08:42:01] crowsnest: INFO: Detect available Devices
[10/13/25 08:42:01] crowsnest: ERROR: No usable Devices Found. Stopping crowsnest.
[10/13/25 08:42:08] crowsnest: crowsnest - A webcam Service for multiple Cams and Stream Services.
[10/13/25 08:42:08] crowsnest: Version: v4.1.16-1-g059fa87
[10/13/25 08:42:08] crowsnest: Prepare Startup ...
[10/13/25 08:42:08] crowsnest: INFO: Host information:
[10/13/25 08:42:08] crowsnest: Host Info: Distribution: Armbian 25.8.1 bookworm
Armbian 25.8.1 bookworm
[10/13/25 08:42:08] crowsnest: Host Info: Kernel: Linux 6.6.66-vendor-sunxi64 aarch64
[10/13/25 08:42:08] crowsnest: Host Info: Available CPU Cores: 4
[10/13/25 08:42:08] crowsnest: Host Info: Available Memory: 940764 kB
[10/13/25 08:42:08] crowsnest: Host Info: Diskspace (avail. / total): 8.7G / 15G
[10/13/25 08:42:08] crowsnest: INFO: Checking Dependencies
[10/13/25 08:42:08] crowsnest: Dependency: 'crudini' found in /usr/bin/crudini.
[10/13/25 08:42:08] crowsnest: Dependency: 'find' found in /usr/bin/find.
[10/13/25 08:42:08] crowsnest: Dependency: 'xargs' found in /usr/bin/xargs.
[10/13/25 08:42:08] crowsnest: Dependency: 'ustreamer' found in bin/ustreamer/src/ustreamer.bin.
[10/13/25 08:42:08] crowsnest: Version Control: ustreamer is up to date. (v6.10)
[10/13/25 08:42:08] crowsnest: INFO: Print Configfile: '/home/biqu/printer_data/config/crowsnest.conf'
[10/13/25 08:42:08] crowsnest:		[crowsnest]
[10/13/25 08:42:08] crowsnest:		log_path: /home/biqu/printer_data/logs/crowsnest.log
[10/13/25 08:42:08] crowsnest:		log_level: verbose
[10/13/25 08:42:08] crowsnest:		delete_log: false
[10/13/25 08:42:08] crowsnest:		no_proxy: false
[10/13/25 08:42:08] crowsnest:		
[10/13/25 08:42:08] crowsnest:		[cam 1]
[10/13/25 08:42:08] crowsnest:		mode: ustreamer
[10/13/25 08:42:08] crowsnest:		
[10/13/25 08:42:08] crowsnest:		enable_rtsp: false
[10/13/25 08:42:08] crowsnest:		rtsp_port: 8554
[10/13/25 08:42:08] crowsnest:		port: 8080
[10/13/25 08:42:08] crowsnest:		device: /dev/video0
[10/13/25 08:42:08] crowsnest:		resolution: 1920x1080
[10/13/25 08:42:08] crowsnest:		max_fps: 15
[10/13/25 08:42:08] crowsnest: INFO: Detect available Devices
[10/13/25 08:42:08] crowsnest: ERROR: No usable Devices Found. Stopping crowsnest.
[10/13/25 08:42:14] crowsnest: crowsnest - A webcam Service for multiple Cams and Stream Services.
[10/13/25 08:42:14] crowsnest: Version: v4.1.16-1-g059fa87
[10/13/25 08:42:14] crowsnest: Prepare Startup ...
[10/13/25 08:42:14] crowsnest: INFO: Host information:
[10/13/25 08:42:14] crowsnest: Host Info: Distribution: Armbian 25.8.1 bookworm
Armbian 25.8.1 bookworm
[10/13/25 08:42:14] crowsnest: Host Info: Kernel: Linux 6.6.66-vendor-sunxi64 aarch64
[10/13/25 08:42:14] crowsnest: Host Info: Available CPU Cores: 4
[10/13/25 08:42:14] crowsnest: Host Info: Available Memory: 940764 kB
[10/13/25 08:42:14] crowsnest: Host Info: Diskspace (avail. / total): 8.7G / 15G
[10/13/25 08:42:14] crowsnest: INFO: Checking Dependencies
[10/13/25 08:42:14] crowsnest: Dependency: 'crudini' found in /usr/bin/crudini.
[10/13/25 08:42:14] crowsnest: Dependency: 'find' found in /usr/bin/find.
[10/13/25 08:42:14] crowsnest: Dependency: 'xargs' found in /usr/bin/xargs.
[10/13/25 08:42:14] crowsnest: Dependency: 'ustreamer' found in bin/ustreamer/src/ustreamer.bin.
[10/13/25 08:42:14] crowsnest: Version Control: ustreamer is up to date. (v6.10)
[10/13/25 08:42:14] crowsnest: INFO: Print Configfile: '/home/biqu/printer_data/config/crowsnest.conf'
[10/13/25 08:42:14] crowsnest:		[crowsnest]
[10/13/25 08:42:14] crowsnest:		log_path: /home/biqu/printer_data/logs/crowsnest.log
[10/13/25 08:42:14] crowsnest:		log_level: verbose
[10/13/25 08:42:14] crowsnest:		delete_log: false
[10/13/25 08:42:14] crowsnest:		no_proxy: false
[10/13/25 08:42:14] crowsnest:		
[10/13/25 08:42:14] crowsnest:		[cam 1]
[10/13/25 08:42:14] crowsnest:		mode: ustreamer
[10/13/25 08:42:14] crowsnest:		
[10/13/25 08:42:14] crowsnest:		enable_rtsp: false
[10/13/25 08:42:14] crowsnest:		rtsp_port: 8554
[10/13/25 08:42:14] crowsnest:		port: 8080
[10/13/25 08:42:14] crowsnest:		device: /dev/video0
[10/13/25 08:42:14] crowsnest:		resolution: 1920x1080
[10/13/25 08:42:14] crowsnest:		max_fps: 15
[10/13/25 08:42:14] crowsnest: INFO: Detect available Devices
[10/13/25 08:42:14] crowsnest: ERROR: No usable Devices Found. Stopping crowsnest.
[10/13/25 09:17:21] crowsnest: crowsnest - A webcam Service for multiple Cams and Stream Services.
[10/13/25 09:17:23] crowsnest: Version: v4.1.16-1-g059fa87
[10/13/25 09:17:23] crowsnest: Prepare Startup ...
[10/13/25 09:17:23] crowsnest: INFO: Host information:
[10/13/25 09:17:23] crowsnest: Host Info: Distribution: Armbian 25.8.1 bookworm
Armbian 25.8.1 bookworm
[10/13/25 09:17:23] crowsnest: Host Info: Kernel: Linux 6.6.66-vendor-sunxi64 aarch64
[10/13/25 09:17:23] crowsnest: Host Info: Available CPU Cores: 4
[10/13/25 09:17:23] crowsnest: Host Info: Available Memory: 940764 kB
[10/13/25 09:17:23] crowsnest: Host Info: Diskspace (avail. / total): 8.7G / 15G
[10/13/25 09:17:23] crowsnest: INFO: Checking Dependencies
[10/13/25 09:17:26] crowsnest: Dependency: 'crudini' found in /usr/bin/crudini.
[10/13/25 09:17:26] crowsnest: Dependency: 'find' found in /usr/bin/find.
[10/13/25 09:17:26] crowsnest: Dependency: 'xargs' found in /usr/bin/xargs.
[10/13/25 09:17:26] crowsnest: Dependency: 'ustreamer' found in bin/ustreamer/src/ustreamer.bin.
[10/13/25 09:17:26] crowsnest: Version Control: ustreamer is up to date. (v6.10)
[10/13/25 09:17:26] crowsnest: INFO: Print Configfile: '/home/biqu/printer_data/config/crowsnest.conf'
[10/13/25 09:17:26] crowsnest:		[crowsnest]
[10/13/25 09:17:26] crowsnest:		log_path: /home/biqu/printer_data/logs/crowsnest.log
[10/13/25 09:17:26] crowsnest:		log_level: verbose
[10/13/25 09:17:26] crowsnest:		delete_log: false
[10/13/25 09:17:26] crowsnest:		no_proxy: false
[10/13/25 09:17:26] crowsnest:		
[10/13/25 09:17:26] crowsnest:		[cam 1]
[10/13/25 09:17:26] crowsnest:		mode: ustreamer
[10/13/25 09:17:26] crowsnest:		
[10/13/25 09:17:26] crowsnest:		enable_rtsp: false
[10/13/25 09:17:26] crowsnest:		rtsp_port: 8554
[10/13/25 09:17:26] crowsnest:		port: 8080
[10/13/25 09:17:26] crowsnest:		device: /dev/video0
[10/13/25 09:17:26] crowsnest:		resolution: 1920x1080
[10/13/25 09:17:26] crowsnest:		max_fps: 15
[10/13/25 09:17:26] crowsnest: INFO: Detect available Devices
[10/13/25 09:17:26] crowsnest: ERROR: No usable Devices Found. Stopping crowsnest.
[10/13/25 09:41:53] crowsnest: crowsnest - A webcam Service for multiple Cams and Stream Services.
[10/13/25 09:41:53] crowsnest: Version: v4.1.16-1-g059fa87
[10/13/25 09:41:53] crowsnest: Prepare Startup ...
[10/13/25 09:41:53] crowsnest: INFO: Host information:
[10/13/25 09:41:54] crowsnest: Host Info: Distribution: Armbian 25.8.1 bookworm
Armbian 25.8.1 bookworm
[10/13/25 09:41:54] crowsnest: Host Info: Kernel: Linux 6.6.66-vendor-sunxi64 aarch64
[10/13/25 09:41:54] crowsnest: Host Info: Available CPU Cores: 4
[10/13/25 09:41:54] crowsnest: Host Info: Available Memory: 940764 kB
[10/13/25 09:41:54] crowsnest: Host Info: Diskspace (avail. / total): 8.7G / 15G
[10/13/25 09:41:54] crowsnest: INFO: Checking Dependencies
[10/13/25 09:41:54] crowsnest: Dependency: 'crudini' found in /usr/bin/crudini.
[10/13/25 09:41:54] crowsnest: Dependency: 'find' found in /usr/bin/find.
[10/13/25 09:41:54] crowsnest: Dependency: 'xargs' found in /usr/bin/xargs.
[10/13/25 09:41:54] crowsnest: Dependency: 'ustreamer' found in bin/ustreamer/src/ustreamer.bin.
[10/13/25 09:41:54] crowsnest: Version Control: ustreamer is up to date. (v6.10)
[10/13/25 09:41:54] crowsnest: INFO: Print Configfile: '/home/biqu/printer_data/config/crowsnest.conf'
[10/13/25 09:41:54] crowsnest:		[crowsnest]
[10/13/25 09:41:54] crowsnest:		log_path: /home/biqu/printer_data/logs/crowsnest.log
[10/13/25 09:41:54] crowsnest:		log_level: verbose
[10/13/25 09:41:54] crowsnest:		delete_log: false
[10/13/25 09:41:54] crowsnest:		no_proxy: false
[10/13/25 09:41:54] crowsnest:		
[10/13/25 09:41:54] crowsnest:		[cam 1]
[10/13/25 09:41:54] crowsnest:		mode: ustreamer
[10/13/25 09:41:54] crowsnest:		
[10/13/25 09:41:54] crowsnest:		enable_rtsp: false
[10/13/25 09:41:54] crowsnest:		rtsp_port: 8554
[10/13/25 09:41:54] crowsnest:		port: 8080
[10/13/25 09:41:54] crowsnest:		device: /dev/video0
[10/13/25 09:41:54] crowsnest:		resolution: 1920x1080
[10/13/25 09:41:54] crowsnest:		max_fps: 15
[10/13/25 09:41:54] crowsnest: INFO: Detect available Devices
[10/13/25 09:41:54] crowsnest: ERROR: No usable Devices Found. Stopping crowsnest.
[10/13/25 09:42:00] crowsnest: crowsnest - A webcam Service for multiple Cams and Stream Services.
[10/13/25 09:42:00] crowsnest: Version: v4.1.16-1-g059fa87
[10/13/25 09:42:00] crowsnest: Prepare Startup ...
[10/13/25 09:42:00] crowsnest: INFO: Host information:
[10/13/25 09:42:00] crowsnest: Host Info: Distribution: Armbian 25.8.1 bookworm
Armbian 25.8.1 bookworm
[10/13/25 09:42:00] crowsnest: Host Info: Kernel: Linux 6.6.66-vendor-sunxi64 aarch64
[10/13/25 09:42:00] crowsnest: Host Info: Available CPU Cores: 4
[10/13/25 09:42:00] crowsnest: Host Info: Available Memory: 940764 kB
[10/13/25 09:42:00] crowsnest: Host Info: Diskspace (avail. / total): 8.7G / 15G
[10/13/25 09:42:00] crowsnest: INFO: Checking Dependencies
[10/13/25 09:42:00] crowsnest: Dependency: 'crudini' found in /usr/bin/crudini.
[10/13/25 09:42:00] crowsnest: Dependency: 'find' found in /usr/bin/find.
[10/13/25 09:42:00] crowsnest: Dependency: 'xargs' found in /usr/bin/xargs.
[10/13/25 09:42:00] crowsnest: Dependency: 'ustreamer' found in bin/ustreamer/src/ustreamer.bin.
[10/13/25 09:42:00] crowsnest: Version Control: ustreamer is up to date. (v6.10)
[10/13/25 09:42:00] crowsnest: INFO: Print Configfile: '/home/biqu/printer_data/config/crowsnest.conf'
[10/13/25 09:42:00] crowsnest:		[crowsnest]
[10/13/25 09:42:00] crowsnest:		log_path: /home/biqu/printer_data/logs/crowsnest.log
[10/13/25 09:42:00] crowsnest:		log_level: verbose
[10/13/25 09:42:00] crowsnest:		delete_log: false
[10/13/25 09:42:00] crowsnest:		no_proxy: false
[10/13/25 09:42:00] crowsnest:		
[10/13/25 09:42:00] crowsnest:		[cam 1]
[10/13/25 09:42:00] crowsnest:		mode: ustreamer
[10/13/25 09:42:00] crowsnest:		
[10/13/25 09:42:00] crowsnest:		enable_rtsp: false
[10/13/25 09:42:00] crowsnest:		rtsp_port: 8554
[10/13/25 09:42:00] crowsnest:		port: 8080
[10/13/25 09:42:00] crowsnest:		device: /dev/video0
[10/13/25 09:42:00] crowsnest:		resolution: 1920x1080
[10/13/25 09:42:00] crowsnest:		max_fps: 15
[10/13/25 09:42:00] crowsnest: INFO: Detect available Devices
[10/13/25 09:42:00] crowsnest: ERROR: No usable Devices Found. Stopping crowsnest.
[10/13/25 09:42:06] crowsnest: crowsnest - A webcam Service for multiple Cams and Stream Services.
[10/13/25 09:42:06] crowsnest: Version: v4.1.16-1-g059fa87
[10/13/25 09:42:07] crowsnest: Prepare Startup ...
[10/13/25 09:42:07] crowsnest: INFO: Host information:
[10/13/25 09:42:07] crowsnest: Host Info: Distribution: Armbian 25.8.1 bookworm
Armbian 25.8.1 bookworm
[10/13/25 09:42:07] crowsnest: Host Info: Kernel: Linux 6.6.66-vendor-sunxi64 aarch64
[10/13/25 09:42:07] crowsnest: Host Info: Available CPU Cores: 4
[10/13/25 09:42:07] crowsnest: Host Info: Available Memory: 940764 kB
[10/13/25 09:42:07] crowsnest: Host Info: Diskspace (avail. / total): 8.7G / 15G
[10/13/25 09:42:07] crowsnest: INFO: Checking Dependencies
[10/13/25 09:42:07] crowsnest: Dependency: 'crudini' found in /usr/bin/crudini.
[10/13/25 09:42:07] crowsnest: Dependency: 'find' found in /usr/bin/find.
[10/13/25 09:42:07] crowsnest: Dependency: 'xargs' found in /usr/bin/xargs.
[10/13/25 09:42:07] crowsnest: Dependency: 'ustreamer' found in bin/ustreamer/src/ustreamer.bin.
[10/13/25 09:42:07] crowsnest: Version Control: ustreamer is up to date. (v6.10)
[10/13/25 09:42:07] crowsnest: INFO: Print Configfile: '/home/biqu/printer_data/config/crowsnest.conf'
[10/13/25 09:42:07] crowsnest:		[crowsnest]
[10/13/25 09:42:07] crowsnest:		log_path: /home/biqu/printer_data/logs/crowsnest.log
[10/13/25 09:42:07] crowsnest:		log_level: verbose
[10/13/25 09:42:07] crowsnest:		delete_log: false
[10/13/25 09:42:07] crowsnest:		no_proxy: false
[10/13/25 09:42:07] crowsnest:		
[10/13/25 09:42:07] crowsnest:		[cam 1]
[10/13/25 09:42:07] crowsnest:		mode: ustreamer
[10/13/25 09:42:07] crowsnest:		
[10/13/25 09:42:07] crowsnest:		enable_rtsp: false
[10/13/25 09:42:07] crowsnest:		rtsp_port: 8554
[10/13/25 09:42:07] crowsnest:		port: 8080
[10/13/25 09:42:07] crowsnest:		device: /dev/video0
[10/13/25 09:42:07] crowsnest:		resolution: 1920x1080
[10/13/25 09:42:07] crowsnest:		max_fps: 15
[10/13/25 09:42:07] crowsnest: INFO: Detect available Devices
[10/13/25 09:42:07] crowsnest: ERROR: No usable Devices Found. Stopping crowsnest.
[10/13/25 09:42:13] crowsnest: crowsnest - A webcam Service for multiple Cams and Stream Services.
[10/13/25 09:42:13] crowsnest: Version: v4.1.16-1-g059fa87
[10/13/25 09:42:13] crowsnest: Prepare Startup ...
[10/13/25 09:42:13] crowsnest: INFO: Host information:
[10/13/25 09:42:13] crowsnest: Host Info: Distribution: Armbian 25.8.1 bookworm
Armbian 25.8.1 bookworm
[10/13/25 09:42:13] crowsnest: Host Info: Kernel: Linux 6.6.66-vendor-sunxi64 aarch64
[10/13/25 09:42:13] crowsnest: Host Info: Available CPU Cores: 4
[10/13/25 09:42:13] crowsnest: Host Info: Available Memory: 940764 kB
[10/13/25 09:42:13] crowsnest: Host Info: Diskspace (avail. / total): 8.7G / 15G
[10/13/25 09:42:13] crowsnest: INFO: Checking Dependencies
[10/13/25 09:42:13] crowsnest: Dependency: 'crudini' found in /usr/bin/crudini.
[10/13/25 09:42:13] crowsnest: Dependency: 'find' found in /usr/bin/find.
[10/13/25 09:42:13] crowsnest: Dependency: 'xargs' found in /usr/bin/xargs.
[10/13/25 09:42:13] crowsnest: Dependency: 'ustreamer' found in bin/ustreamer/src/ustreamer.bin.
[10/13/25 09:42:13] crowsnest: Version Control: ustreamer is up to date. (v6.10)
[10/13/25 09:42:13] crowsnest: INFO: Print Configfile: '/home/biqu/printer_data/config/crowsnest.conf'
[10/13/25 09:42:13] crowsnest:		[crowsnest]
[10/13/25 09:42:13] crowsnest:		log_path: /home/biqu/printer_data/logs/crowsnest.log
[10/13/25 09:42:13] crowsnest:		log_level: verbose
[10/13/25 09:42:13] crowsnest:		delete_log: false
[10/13/25 09:42:13] crowsnest:		no_proxy: false
[10/13/25 09:42:13] crowsnest:		
[10/13/25 09:42:13] crowsnest:		[cam 1]
[10/13/25 09:42:13] crowsnest:		mode: ustreamer
[10/13/25 09:42:13] crowsnest:		
[10/13/25 09:42:13] crowsnest:		enable_rtsp: false
[10/13/25 09:42:13] crowsnest:		rtsp_port: 8554
[10/13/25 09:42:13] crowsnest:		port: 8080
[10/13/25 09:42:13] crowsnest:		device: /dev/video0
[10/13/25 09:42:13] crowsnest:		resolution: 1920x1080
[10/13/25 09:42:13] crowsnest:		max_fps: 15
[10/13/25 09:42:13] crowsnest: INFO: Detect available Devices
[10/13/25 09:42:13] crowsnest: ERROR: No usable Devices Found. Stopping crowsnest.
[10/13/25 09:42:19] crowsnest: crowsnest - A webcam Service for multiple Cams and Stream Services.
[10/13/25 09:42:19] crowsnest: Version: v4.1.16-1-g059fa87
[10/13/25 09:42:19] crowsnest: Prepare Startup ...
[10/13/25 09:42:20] crowsnest: INFO: Host information:
[10/13/25 09:42:20] crowsnest: Host Info: Distribution: Armbian 25.8.1 bookworm
Armbian 25.8.1 bookworm
[10/13/25 09:42:20] crowsnest: Host Info: Kernel: Linux 6.6.66-vendor-sunxi64 aarch64
[10/13/25 09:42:20] crowsnest: Host Info: Available CPU Cores: 4
[10/13/25 09:42:20] crowsnest: Host Info: Available Memory: 940764 kB
[10/13/25 09:42:20] crowsnest: Host Info: Diskspace (avail. / total): 8.7G / 15G
[10/13/25 09:42:20] crowsnest: INFO: Checking Dependencies
[10/13/25 09:42:20] crowsnest: Dependency: 'crudini' found in /usr/bin/crudini.
[10/13/25 09:42:20] crowsnest: Dependency: 'find' found in /usr/bin/find.
[10/13/25 09:42:20] crowsnest: Dependency: 'xargs' found in /usr/bin/xargs.
[10/13/25 09:42:20] crowsnest: Dependency: 'ustreamer' found in bin/ustreamer/src/ustreamer.bin.
[10/13/25 09:42:20] crowsnest: Version Control: ustreamer is up to date. (v6.10)
[10/13/25 09:42:20] crowsnest: INFO: Print Configfile: '/home/biqu/printer_data/config/crowsnest.conf'
[10/13/25 09:42:20] crowsnest:		[crowsnest]
[10/13/25 09:42:20] crowsnest:		log_path: /home/biqu/printer_data/logs/crowsnest.log
[10/13/25 09:42:20] crowsnest:		log_level: verbose
[10/13/25 09:42:20] crowsnest:		delete_log: false
[10/13/25 09:42:20] crowsnest:		no_proxy: false
[10/13/25 09:42:20] crowsnest:		
[10/13/25 09:42:20] crowsnest:		[cam 1]
[10/13/25 09:42:20] crowsnest:		mode: ustreamer
[10/13/25 09:42:20] crowsnest:		
[10/13/25 09:42:20] crowsnest:		enable_rtsp: false
[10/13/25 09:42:20] crowsnest:		rtsp_port: 8554
[10/13/25 09:42:20] crowsnest:		port: 8080
[10/13/25 09:42:20] crowsnest:		device: /dev/video0
[10/13/25 09:42:20] crowsnest:		resolution: 1920x1080
[10/13/25 09:42:20] crowsnest:		max_fps: 15
[10/13/25 09:42:20] crowsnest: INFO: Detect available Devices
[10/13/25 09:42:20] crowsnest: ERROR: No usable Devices Found. Stopping crowsnest.
[10/13/25 09:42:26] crowsnest: crowsnest - A webcam Service for multiple Cams and Stream Services.
[10/13/25 09:42:26] crowsnest: Version: v4.1.16-1-g059fa87
[10/13/25 09:42:26] crowsnest: Prepare Startup ...
[10/13/25 09:42:26] crowsnest: INFO: Host information:
[10/13/25 09:42:26] crowsnest: Host Info: Distribution: Armbian 25.8.1 bookworm
Armbian 25.8.1 bookworm
[10/13/25 09:42:26] crowsnest: Host Info: Kernel: Linux 6.6.66-vendor-sunxi64 aarch64
[10/13/25 09:42:26] crowsnest: Host Info: Available CPU Cores: 4
[10/13/25 09:42:26] crowsnest: Host Info: Available Memory: 940764 kB
[10/13/25 09:42:26] crowsnest: Host Info: Diskspace (avail. / total): 8.7G / 15G
[10/13/25 09:42:26] crowsnest: INFO: Checking Dependencies
[10/13/25 09:42:26] crowsnest: Dependency: 'crudini' found in /usr/bin/crudini.
[10/13/25 09:42:26] crowsnest: Dependency: 'find' found in /usr/bin/find.
[10/13/25 09:42:26] crowsnest: Dependency: 'xargs' found in /usr/bin/xargs.
[10/13/25 09:42:26] crowsnest: Dependency: 'ustreamer' found in bin/ustreamer/src/ustreamer.bin.
[10/13/25 09:42:26] crowsnest: Version Control: ustreamer is up to date. (v6.10)
[10/13/25 09:42:26] crowsnest: INFO: Print Configfile: '/home/biqu/printer_data/config/crowsnest.conf'
[10/13/25 09:42:26] crowsnest:		[crowsnest]
[10/13/25 09:42:26] crowsnest:		log_path: /home/biqu/printer_data/logs/crowsnest.log
[10/13/25 09:42:26] crowsnest:		log_level: verbose
[10/13/25 09:42:26] crowsnest:		delete_log: false
[10/13/25 09:42:26] crowsnest:		no_proxy: false
[10/13/25 09:42:26] crowsnest:		
[10/13/25 09:42:26] crowsnest:		[cam 1]
[10/13/25 09:42:26] crowsnest:		mode: ustreamer
[10/13/25 09:42:26] crowsnest:		
[10/13/25 09:42:26] crowsnest:		enable_rtsp: false
[10/13/25 09:42:26] crowsnest:		rtsp_port: 8554
[10/13/25 09:42:26] crowsnest:		port: 8080
[10/13/25 09:42:26] crowsnest:		device: /dev/video0
[10/13/25 09:42:26] crowsnest:		resolution: 1920x1080
[10/13/25 09:42:26] crowsnest:		max_fps: 15
[10/13/25 09:42:26] crowsnest: INFO: Detect available Devices
[10/13/25 09:42:26] crowsnest: ERROR: No usable Devices Found. Stopping crowsnest.
[10/13/25 09:42:32] crowsnest: crowsnest - A webcam Service for multiple Cams and Stream Services.
[10/13/25 09:42:32] crowsnest: Version: v4.1.16-1-g059fa87
[10/13/25 09:42:32] crowsnest: Prepare Startup ...
[10/13/25 09:42:32] crowsnest: INFO: Host information:
[10/13/25 09:42:32] crowsnest: Host Info: Distribution: Armbian 25.8.1 bookworm
Armbian 25.8.1 bookworm
[10/13/25 09:42:33] crowsnest: Host Info: Kernel: Linux 6.6.66-vendor-sunxi64 aarch64
[10/13/25 09:42:33] crowsnest: Host Info: Available CPU Cores: 4
[10/13/25 09:42:33] crowsnest: Host Info: Available Memory: 940764 kB
[10/13/25 09:42:33] crowsnest: Host Info: Diskspace (avail. / total): 8.7G / 15G
[10/13/25 09:42:33] crowsnest: INFO: Checking Dependencies
[10/13/25 09:42:33] crowsnest: Dependency: 'crudini' found in /usr/bin/crudini.
[10/13/25 09:42:33] crowsnest: Dependency: 'find' found in /usr/bin/find.
[10/13/25 09:42:33] crowsnest: Dependency: 'xargs' found in /usr/bin/xargs.
[10/13/25 09:42:33] crowsnest: Dependency: 'ustreamer' found in bin/ustreamer/src/ustreamer.bin.
[10/13/25 09:42:33] crowsnest: Version Control: ustreamer is up to date. (v6.10)
[10/13/25 09:42:33] crowsnest: INFO: Print Configfile: '/home/biqu/printer_data/config/crowsnest.conf'
[10/13/25 09:42:33] crowsnest:		[crowsnest]
[10/13/25 09:42:33] crowsnest:		log_path: /home/biqu/printer_data/logs/crowsnest.log
[10/13/25 09:42:33] crowsnest:		log_level: verbose
[10/13/25 09:42:33] crowsnest:		delete_log: false
[10/13/25 09:42:33] crowsnest:		no_proxy: false
[10/13/25 09:42:33] crowsnest:		
[10/13/25 09:42:33] crowsnest:		[cam 1]
[10/13/25 09:42:33] crowsnest:		mode: ustreamer
[10/13/25 09:42:33] crowsnest:		
[10/13/25 09:42:33] crowsnest:		enable_rtsp: false
[10/13/25 09:42:33] crowsnest:		rtsp_port: 8554
[10/13/25 09:42:33] crowsnest:		port: 8080
[10/13/25 09:42:33] crowsnest:		device: /dev/video0
[10/13/25 09:42:33] crowsnest:		resolution: 1920x1080
[10/13/25 09:42:33] crowsnest:		max_fps: 15
[10/13/25 09:42:33] crowsnest: INFO: Detect available Devices
[10/13/25 09:42:33] crowsnest: ERROR: No usable Devices Found. Stopping crowsnest.
[10/13/25 09:42:39] crowsnest: crowsnest - A webcam Service for multiple Cams and Stream Services.
[10/13/25 09:42:39] crowsnest: Version: v4.1.16-1-g059fa87
[10/13/25 09:42:39] crowsnest: Prepare Startup ...
[10/13/25 09:42:39] crowsnest: INFO: Host information:
[10/13/25 09:42:39] crowsnest: Host Info: Distribution: Armbian 25.8.1 bookworm
Armbian 25.8.1 bookworm
[10/13/25 09:42:39] crowsnest: Host Info: Kernel: Linux 6.6.66-vendor-sunxi64 aarch64
[10/13/25 09:42:39] crowsnest: Host Info: Available CPU Cores: 4
[10/13/25 09:42:39] crowsnest: Host Info: Available Memory: 940764 kB
[10/13/25 09:42:39] crowsnest: Host Info: Diskspace (avail. / total): 8.7G / 15G
[10/13/25 09:42:39] crowsnest: INFO: Checking Dependencies
[10/13/25 09:42:39] crowsnest: Dependency: 'crudini' found in /usr/bin/crudini.
[10/13/25 09:42:39] crowsnest: Dependency: 'find' found in /usr/bin/find.
[10/13/25 09:42:39] crowsnest: Dependency: 'xargs' found in /usr/bin/xargs.
[10/13/25 09:42:39] crowsnest: Dependency: 'ustreamer' found in bin/ustreamer/src/ustreamer.bin.
[10/13/25 09:42:39] crowsnest: Version Control: ustreamer is up to date. (v6.10)
[10/13/25 09:42:39] crowsnest: INFO: Print Configfile: '/home/biqu/printer_data/config/crowsnest.conf'
[10/13/25 09:42:39] crowsnest:		[crowsnest]
[10/13/25 09:42:39] crowsnest:		log_path: /home/biqu/printer_data/logs/crowsnest.log
[10/13/25 09:42:39] crowsnest:		log_level: verbose
[10/13/25 09:42:39] crowsnest:		delete_log: false
[10/13/25 09:42:39] crowsnest:		no_proxy: false
[10/13/25 09:42:39] crowsnest:		
[10/13/25 09:42:39] crowsnest:		[cam 1]
[10/13/25 09:42:39] crowsnest:		mode: ustreamer
[10/13/25 09:42:39] crowsnest:		
[10/13/25 09:42:39] crowsnest:		enable_rtsp: false
[10/13/25 09:42:39] crowsnest:		rtsp_port: 8554
[10/13/25 09:42:39] crowsnest:		port: 8080
[10/13/25 09:42:39] crowsnest:		device: /dev/video0
[10/13/25 09:42:39] crowsnest:		resolution: 1920x1080
[10/13/25 09:42:39] crowsnest:		max_fps: 15
[10/13/25 09:42:39] crowsnest: INFO: Detect available Devices
[10/13/25 09:42:39] crowsnest: ERROR: No usable Devices Found. Stopping crowsnest.
[10/13/25 09:42:46] crowsnest: crowsnest - A webcam Service for multiple Cams and Stream Services.
[10/13/25 09:42:46] crowsnest: Version: v4.1.16-1-g059fa87
[10/13/25 09:42:46] crowsnest: Prepare Startup ...
[10/13/25 09:42:46] crowsnest: INFO: Host information:
[10/13/25 09:42:46] crowsnest: Host Info: Distribution: Armbian 25.8.1 bookworm
Armbian 25.8.1 bookworm
[10/13/25 09:42:46] crowsnest: Host Info: Kernel: Linux 6.6.66-vendor-sunxi64 aarch64
[10/13/25 09:42:46] crowsnest: Host Info: Available CPU Cores: 4
[10/13/25 09:42:46] crowsnest: Host Info: Available Memory: 940764 kB
[10/13/25 09:42:46] crowsnest: Host Info: Diskspace (avail. / total): 8.7G / 15G
[10/13/25 09:42:46] crowsnest: INFO: Checking Dependencies
[10/13/25 09:42:46] crowsnest: Dependency: 'crudini' found in /usr/bin/crudini.
[10/13/25 09:42:46] crowsnest: Dependency: 'find' found in /usr/bin/find.
[10/13/25 09:42:46] crowsnest: Dependency: 'xargs' found in /usr/bin/xargs.
[10/13/25 09:42:46] crowsnest: Dependency: 'ustreamer' found in bin/ustreamer/src/ustreamer.bin.
[10/13/25 09:42:46] crowsnest: Version Control: ustreamer is up to date. (v6.10)
[10/13/25 09:42:46] crowsnest: INFO: Print Configfile: '/home/biqu/printer_data/config/crowsnest.conf'
[10/13/25 09:42:46] crowsnest:		[crowsnest]
[10/13/25 09:42:46] crowsnest:		log_path: /home/biqu/printer_data/logs/crowsnest.log
[10/13/25 09:42:46] crowsnest:		log_level: verbose
[10/13/25 09:42:46] crowsnest:		delete_log: false
[10/13/25 09:42:46] crowsnest:		no_proxy: false
[10/13/25 09:42:46] crowsnest:		
[10/13/25 09:42:46] crowsnest:		[cam 1]
[10/13/25 09:42:46] crowsnest:		mode: ustreamer
[10/13/25 09:42:46] crowsnest:		
[10/13/25 09:42:46] crowsnest:		enable_rtsp: false
[10/13/25 09:42:46] crowsnest:		rtsp_port: 8554
[10/13/25 09:42:46] crowsnest:		port: 8080
[10/13/25 09:42:46] crowsnest:		device: /dev/video0
[10/13/25 09:42:46] crowsnest:		resolution: 1920x1080
[10/13/25 09:42:46] crowsnest:		max_fps: 15
[10/13/25 09:42:46] crowsnest: INFO: Detect available Devices
[10/13/25 09:42:46] crowsnest: ERROR: No usable Devices Found. Stopping crowsnest.
[10/13/25 09:17:20] crowsnest: crowsnest - A webcam Service for multiple Cams and Stream Services.
[10/13/25 09:54:10] crowsnest: Version: v4.1.16-1-g059fa87
[10/13/25 09:54:10] crowsnest: Prepare Startup ...
[10/13/25 09:54:10] crowsnest: INFO: Host information:
[10/13/25 09:54:10] crowsnest: Host Info: Distribution: Armbian 25.8.1 bookworm
Armbian 25.8.1 bookworm
[10/13/25 09:54:10] crowsnest: Host Info: Kernel: Linux 6.6.66-vendor-sunxi64 aarch64
[10/13/25 09:54:10] crowsnest: Host Info: Available CPU Cores: 4
[10/13/25 09:54:10] crowsnest: Host Info: Available Memory: 940764 kB
[10/13/25 09:54:10] crowsnest: Host Info: Diskspace (avail. / total): 8.7G / 15G
[10/13/25 09:54:10] crowsnest: INFO: Checking Dependencies
[10/13/25 09:54:13] crowsnest: Dependency: 'crudini' found in /usr/bin/crudini.
[10/13/25 09:54:13] crowsnest: Dependency: 'find' found in /usr/bin/find.
[10/13/25 09:54:13] crowsnest: Dependency: 'xargs' found in /usr/bin/xargs.
[10/13/25 09:54:13] crowsnest: Dependency: 'ustreamer' found in bin/ustreamer/src/ustreamer.bin.
[10/13/25 09:54:14] crowsnest: Version Control: ustreamer is up to date. (v6.10)
[10/13/25 09:54:14] crowsnest: INFO: Print Configfile: '/home/biqu/printer_data/config/crowsnest.conf'
[10/13/25 09:54:14] crowsnest:		[crowsnest]
[10/13/25 09:54:14] crowsnest:		log_path: /home/biqu/printer_data/logs/crowsnest.log
[10/13/25 09:54:14] crowsnest:		log_level: verbose
[10/13/25 09:54:14] crowsnest:		delete_log: false
[10/13/25 09:54:14] crowsnest:		no_proxy: false
[10/13/25 09:54:14] crowsnest:		
[10/13/25 09:54:14] crowsnest:		[cam 1]
[10/13/25 09:54:14] crowsnest:		mode: ustreamer
[10/13/25 09:54:14] crowsnest:		
[10/13/25 09:54:14] crowsnest:		enable_rtsp: false
[10/13/25 09:54:14] crowsnest:		rtsp_port: 8554
[10/13/25 09:54:14] crowsnest:		port: 8080
[10/13/25 09:54:14] crowsnest:		device: /dev/video0
[10/13/25 09:54:14] crowsnest:		resolution: 1920x1080
[10/13/25 09:54:14] crowsnest:		max_fps: 15
[10/13/25 09:54:14] crowsnest: INFO: Detect available Devices
[10/13/25 09:54:14] crowsnest: ERROR: No usable Devices Found. Stopping crowsnest.
[10/13/25 09:54:20] crowsnest: crowsnest - A webcam Service for multiple Cams and Stream Services.
[10/13/25 09:54:20] crowsnest: Version: v4.1.16-1-g059fa87
[10/13/25 09:54:20] crowsnest: Prepare Startup ...
[10/13/25 09:54:20] crowsnest: INFO: Host information:
[10/13/25 09:54:20] crowsnest: Host Info: Distribution: Armbian 25.8.1 bookworm
Armbian 25.8.1 bookworm
[10/13/25 09:54:20] crowsnest: Host Info: Kernel: Linux 6.6.66-vendor-sunxi64 aarch64
[10/13/25 09:54:20] crowsnest: Host Info: Available CPU Cores: 4
[10/13/25 09:54:20] crowsnest: Host Info: Available Memory: 940764 kB
[10/13/25 09:54:20] crowsnest: Host Info: Diskspace (avail. / total): 8.7G / 15G
[10/13/25 09:54:20] crowsnest: INFO: Checking Dependencies
[10/13/25 09:54:20] crowsnest: Dependency: 'crudini' found in /usr/bin/crudini.
[10/13/25 09:54:20] crowsnest: Dependency: 'find' found in /usr/bin/find.
[10/13/25 09:54:20] crowsnest: Dependency: 'xargs' found in /usr/bin/xargs.
[10/13/25 09:54:20] crowsnest: Dependency: 'ustreamer' found in bin/ustreamer/src/ustreamer.bin.
[10/13/25 09:54:20] crowsnest: Version Control: ustreamer is up to date. (v6.10)
[10/13/25 09:54:20] crowsnest: INFO: Print Configfile: '/home/biqu/printer_data/config/crowsnest.conf'
[10/13/25 09:54:20] crowsnest:		[crowsnest]
[10/13/25 09:54:20] crowsnest:		log_path: /home/biqu/printer_data/logs/crowsnest.log
[10/13/25 09:54:20] crowsnest:		log_level: verbose
[10/13/25 09:54:20] crowsnest:		delete_log: false
[10/13/25 09:54:20] crowsnest:		no_proxy: false
[10/13/25 09:54:20] crowsnest:		
[10/13/25 09:54:20] crowsnest:		[cam 1]
[10/13/25 09:54:20] crowsnest:		mode: ustreamer
[10/13/25 09:54:20] crowsnest:		
[10/13/25 09:54:20] crowsnest:		enable_rtsp: false
[10/13/25 09:54:20] crowsnest:		rtsp_port: 8554
[10/13/25 09:54:20] crowsnest:		port: 8080
[10/13/25 09:54:20] crowsnest:		device: /dev/video0
[10/13/25 09:54:20] crowsnest:		resolution: 1920x1080
[10/13/25 09:54:20] crowsnest:		max_fps: 15
[10/13/25 09:54:20] crowsnest: INFO: Detect available Devices
[10/13/25 09:54:20] crowsnest: ERROR: No usable Devices Found. Stopping crowsnest.
[10/13/25 09:54:26] crowsnest: crowsnest - A webcam Service for multiple Cams and Stream Services.
[10/13/25 09:54:26] crowsnest: Version: v4.1.16-1-g059fa87
[10/13/25 09:54:26] crowsnest: Prepare Startup ...
[10/13/25 09:54:27] crowsnest: INFO: Host information:
[10/13/25 09:54:27] crowsnest: Host Info: Distribution: Armbian 25.8.1 bookworm
Armbian 25.8.1 bookworm
[10/13/25 09:54:27] crowsnest: Host Info: Kernel: Linux 6.6.66-vendor-sunxi64 aarch64
[10/13/25 09:54:27] crowsnest: Host Info: Available CPU Cores: 4
[10/13/25 09:54:27] crowsnest: Host Info: Available Memory: 940764 kB
[10/13/25 09:54:27] crowsnest: Host Info: Diskspace (avail. / total): 8.7G / 15G
[10/13/25 09:54:27] crowsnest: INFO: Checking Dependencies
[10/13/25 09:54:27] crowsnest: Dependency: 'crudini' found in /usr/bin/crudini.
[10/13/25 09:54:27] crowsnest: Dependency: 'find' found in /usr/bin/find.
[10/13/25 09:54:27] crowsnest: Dependency: 'xargs' found in /usr/bin/xargs.
[10/13/25 09:54:27] crowsnest: Dependency: 'ustreamer' found in bin/ustreamer/src/ustreamer.bin.
[10/13/25 09:54:27] crowsnest: Version Control: ustreamer is up to date. (v6.10)
[10/13/25 09:54:27] crowsnest: INFO: Print Configfile: '/home/biqu/printer_data/config/crowsnest.conf'
[10/13/25 09:54:27] crowsnest:		[crowsnest]
[10/13/25 09:54:27] crowsnest:		log_path: /home/biqu/printer_data/logs/crowsnest.log
[10/13/25 09:54:27] crowsnest:		log_level: verbose
[10/13/25 09:54:27] crowsnest:		delete_log: false
[10/13/25 09:54:27] crowsnest:		no_proxy: false
[10/13/25 09:54:27] crowsnest:		
[10/13/25 09:54:27] crowsnest:		[cam 1]
[10/13/25 09:54:27] crowsnest:		mode: ustreamer
[10/13/25 09:54:27] crowsnest:		
[10/13/25 09:54:27] crowsnest:		enable_rtsp: false
[10/13/25 09:54:27] crowsnest:		rtsp_port: 8554
[10/13/25 09:54:27] crowsnest:		port: 8080
[10/13/25 09:54:27] crowsnest:		device: /dev/video0
[10/13/25 09:54:27] crowsnest:		resolution: 1920x1080
[10/13/25 09:54:27] crowsnest:		max_fps: 15
[10/13/25 09:54:27] crowsnest: INFO: Detect available Devices
[10/13/25 09:54:27] crowsnest: ERROR: No usable Devices Found. Stopping crowsnest.
[10/13/25 09:54:33] crowsnest: crowsnest - A webcam Service for multiple Cams and Stream Services.
[10/13/25 09:54:33] crowsnest: Version: v4.1.16-1-g059fa87
[10/13/25 09:54:33] crowsnest: Prepare Startup ...
[10/13/25 09:54:33] crowsnest: INFO: Host information:
[10/13/25 09:54:33] crowsnest: Host Info: Distribution: Armbian 25.8.1 bookworm
Armbian 25.8.1 bookworm
[10/13/25 09:54:33] crowsnest: Host Info: Kernel: Linux 6.6.66-vendor-sunxi64 aarch64
[10/13/25 09:54:33] crowsnest: Host Info: Available CPU Cores: 4
[10/13/25 09:54:33] crowsnest: Host Info: Available Memory: 940764 kB
[10/13/25 09:54:33] crowsnest: Host Info: Diskspace (avail. / total): 8.7G / 15G
[10/13/25 09:54:33] crowsnest: INFO: Checking Dependencies
[10/13/25 09:54:33] crowsnest: Dependency: 'crudini' found in /usr/bin/crudini.
[10/13/25 09:54:33] crowsnest: Dependency: 'find' found in /usr/bin/find.
[10/13/25 09:54:33] crowsnest: Dependency: 'xargs' found in /usr/bin/xargs.
[10/13/25 09:54:33] crowsnest: Dependency: 'ustreamer' found in bin/ustreamer/src/ustreamer.bin.
[10/13/25 09:54:33] crowsnest: Version Control: ustreamer is up to date. (v6.10)
[10/13/25 09:54:33] crowsnest: INFO: Print Configfile: '/home/biqu/printer_data/config/crowsnest.conf'
[10/13/25 09:54:33] crowsnest:		[crowsnest]
[10/13/25 09:54:33] crowsnest:		log_path: /home/biqu/printer_data/logs/crowsnest.log
[10/13/25 09:54:33] crowsnest:		log_level: verbose
[10/13/25 09:54:33] crowsnest:		delete_log: false
[10/13/25 09:54:33] crowsnest:		no_proxy: false
[10/13/25 09:54:33] crowsnest:		
[10/13/25 09:54:33] crowsnest:		[cam 1]
[10/13/25 09:54:33] crowsnest:		mode: ustreamer
[10/13/25 09:54:33] crowsnest:		
[10/13/25 09:54:33] crowsnest:		enable_rtsp: false
[10/13/25 09:54:33] crowsnest:		rtsp_port: 8554
[10/13/25 09:54:33] crowsnest:		port: 8080
[10/13/25 09:54:33] crowsnest:		device: /dev/video0
[10/13/25 09:54:33] crowsnest:		resolution: 1920x1080
[10/13/25 09:54:33] crowsnest:		max_fps: 15
[10/13/25 09:54:33] crowsnest: INFO: Detect available Devices
[10/13/25 09:54:33] crowsnest: ERROR: No usable Devices Found. Stopping crowsnest.
[10/13/25 09:54:39] crowsnest: crowsnest - A webcam Service for multiple Cams and Stream Services.
[10/13/25 09:54:39] crowsnest: Version: v4.1.16-1-g059fa87
[10/13/25 09:54:39] crowsnest: Prepare Startup ...
[10/13/25 09:54:39] crowsnest: INFO: Host information:
[10/13/25 09:54:39] crowsnest: Host Info: Distribution: Armbian 25.8.1 bookworm
Armbian 25.8.1 bookworm
[10/13/25 09:54:39] crowsnest: Host Info: Kernel: Linux 6.6.66-vendor-sunxi64 aarch64
[10/13/25 09:54:39] crowsnest: Host Info: Available CPU Cores: 4
[10/13/25 09:54:39] crowsnest: Host Info: Available Memory: 940764 kB
[10/13/25 09:54:39] crowsnest: Host Info: Diskspace (avail. / total): 8.7G / 15G
[10/13/25 09:54:39] crowsnest: INFO: Checking Dependencies
[10/13/25 09:54:40] crowsnest: Dependency: 'crudini' found in /usr/bin/crudini.
[10/13/25 09:54:40] crowsnest: Dependency: 'find' found in /usr/bin/find.
[10/13/25 09:54:40] crowsnest: Dependency: 'xargs' found in /usr/bin/xargs.
[10/13/25 09:54:40] crowsnest: Dependency: 'ustreamer' found in bin/ustreamer/src/ustreamer.bin.
[10/13/25 09:54:40] crowsnest: Version Control: ustreamer is up to date. (v6.10)
[10/13/25 09:54:40] crowsnest: INFO: Print Configfile: '/home/biqu/printer_data/config/crowsnest.conf'
[10/13/25 09:54:40] crowsnest:		[crowsnest]
[10/13/25 09:54:40] crowsnest:		log_path: /home/biqu/printer_data/logs/crowsnest.log
[10/13/25 09:54:40] crowsnest:		log_level: verbose
[10/13/25 09:54:40] crowsnest:		delete_log: false
[10/13/25 09:54:40] crowsnest:		no_proxy: false
[10/13/25 09:54:40] crowsnest:		
[10/13/25 09:54:40] crowsnest:		[cam 1]
[10/13/25 09:54:40] crowsnest:		mode: ustreamer
[10/13/25 09:54:40] crowsnest:		
[10/13/25 09:54:40] crowsnest:		enable_rtsp: false
[10/13/25 09:54:40] crowsnest:		rtsp_port: 8554
[10/13/25 09:54:40] crowsnest:		port: 8080
[10/13/25 09:54:40] crowsnest:		device: /dev/video0
[10/13/25 09:54:40] crowsnest:		resolution: 1920x1080
[10/13/25 09:54:40] crowsnest:		max_fps: 15
[10/13/25 09:54:40] crowsnest: INFO: Detect available Devices
[10/13/25 09:54:40] crowsnest: ERROR: No usable Devices Found. Stopping crowsnest.
[10/13/25 09:54:46] crowsnest: crowsnest - A webcam Service for multiple Cams and Stream Services.
[10/13/25 09:54:46] crowsnest: Version: v4.1.16-1-g059fa87
[10/13/25 09:54:46] crowsnest: Prepare Startup ...
[10/13/25 09:54:46] crowsnest: INFO: Host information:
[10/13/25 09:54:46] crowsnest: Host Info: Distribution: Armbian 25.8.1 bookworm
Armbian 25.8.1 bookworm
[10/13/25 09:54:46] crowsnest: Host Info: Kernel: Linux 6.6.66-vendor-sunxi64 aarch64
[10/13/25 09:54:46] crowsnest: Host Info: Available CPU Cores: 4
[10/13/25 09:54:46] crowsnest: Host Info: Available Memory: 940764 kB
[10/13/25 09:54:46] crowsnest: Host Info: Diskspace (avail. / total): 8.7G / 15G
[10/13/25 09:54:46] crowsnest: INFO: Checking Dependencies
[10/13/25 09:54:46] crowsnest: Dependency: 'crudini' found in /usr/bin/crudini.
[10/13/25 09:54:46] crowsnest: Dependency: 'find' found in /usr/bin/find.
[10/13/25 09:54:46] crowsnest: Dependency: 'xargs' found in /usr/bin/xargs.
[10/13/25 09:54:46] crowsnest: Dependency: 'ustreamer' found in bin/ustreamer/src/ustreamer.bin.
[10/13/25 09:54:46] crowsnest: Version Control: ustreamer is up to date. (v6.10)
[10/13/25 09:54:46] crowsnest: INFO: Print Configfile: '/home/biqu/printer_data/config/crowsnest.conf'
[10/13/25 09:54:46] crowsnest:		[crowsnest]
[10/13/25 09:54:46] crowsnest:		log_path: /home/biqu/printer_data/logs/crowsnest.log
[10/13/25 09:54:46] crowsnest:		log_level: verbose
[10/13/25 09:54:46] crowsnest:		delete_log: false
[10/13/25 09:54:46] crowsnest:		no_proxy: false
[10/13/25 09:54:46] crowsnest:		
[10/13/25 09:54:46] crowsnest:		[cam 1]
[10/13/25 09:54:46] crowsnest:		mode: ustreamer
[10/13/25 09:54:46] crowsnest:		
[10/13/25 09:54:46] crowsnest:		enable_rtsp: false
[10/13/25 09:54:46] crowsnest:		rtsp_port: 8554
[10/13/25 09:54:46] crowsnest:		port: 8080
[10/13/25 09:54:46] crowsnest:		device: /dev/video0
[10/13/25 09:54:46] crowsnest:		resolution: 1920x1080
[10/13/25 09:54:46] crowsnest:		max_fps: 15
[10/13/25 09:54:46] crowsnest: INFO: Detect available Devices
[10/13/25 09:54:46] crowsnest: ERROR: No usable Devices Found. Stopping crowsnest.
[10/13/25 09:54:52] crowsnest: crowsnest - A webcam Service for multiple Cams and Stream Services.
[10/13/25 09:54:52] crowsnest: Version: v4.1.16-1-g059fa87
[10/13/25 09:54:52] crowsnest: Prepare Startup ...
[10/13/25 09:54:52] crowsnest: INFO: Host information:
[10/13/25 09:54:52] crowsnest: Host Info: Distribution: Armbian 25.8.1 bookworm
Armbian 25.8.1 bookworm
[10/13/25 09:54:52] crowsnest: Host Info: Kernel: Linux 6.6.66-vendor-sunxi64 aarch64
[10/13/25 09:54:52] crowsnest: Host Info: Available CPU Cores: 4
[10/13/25 09:54:52] crowsnest: Host Info: Available Memory: 940764 kB
[10/13/25 09:54:52] crowsnest: Host Info: Diskspace (avail. / total): 8.7G / 15G
[10/13/25 09:54:53] crowsnest: INFO: Checking Dependencies
[10/13/25 09:54:53] crowsnest: Dependency: 'crudini' found in /usr/bin/crudini.
[10/13/25 09:54:53] crowsnest: Dependency: 'find' found in /usr/bin/find.
[10/13/25 09:54:53] crowsnest: Dependency: 'xargs' found in /usr/bin/xargs.
[10/13/25 09:54:53] crowsnest: Dependency: 'ustreamer' found in bin/ustreamer/src/ustreamer.bin.
[10/13/25 09:54:53] crowsnest: Version Control: ustreamer is up to date. (v6.10)
[10/13/25 09:54:53] crowsnest: INFO: Print Configfile: '/home/biqu/printer_data/config/crowsnest.conf'
[10/13/25 09:54:53] crowsnest:		[crowsnest]
[10/13/25 09:54:53] crowsnest:		log_path: /home/biqu/printer_data/logs/crowsnest.log
[10/13/25 09:54:53] crowsnest:		log_level: verbose
[10/13/25 09:54:53] crowsnest:		delete_log: false
[10/13/25 09:54:53] crowsnest:		no_proxy: false
[10/13/25 09:54:53] crowsnest:		
[10/13/25 09:54:53] crowsnest:		[cam 1]
[10/13/25 09:54:53] crowsnest:		mode: ustreamer
[10/13/25 09:54:53] crowsnest:		
[10/13/25 09:54:53] crowsnest:		enable_rtsp: false
[10/13/25 09:54:53] crowsnest:		rtsp_port: 8554
[10/13/25 09:54:53] crowsnest:		port: 8080
[10/13/25 09:54:53] crowsnest:		device: /dev/video0
[10/13/25 09:54:53] crowsnest:		resolution: 1920x1080
[10/13/25 09:54:53] crowsnest:		max_fps: 15
[10/13/25 09:54:53] crowsnest: INFO: Detect available Devices
[10/13/25 09:54:53] crowsnest: ERROR: No usable Devices Found. Stopping crowsnest.
[10/13/25 09:54:59] crowsnest: crowsnest - A webcam Service for multiple Cams and Stream Services.
[10/13/25 09:54:59] crowsnest: Version: v4.1.16-1-g059fa87
[10/13/25 09:54:59] crowsnest: Prepare Startup ...
[10/13/25 09:54:59] crowsnest: INFO: Host information:
[10/13/25 09:54:59] crowsnest: Host Info: Distribution: Armbian 25.8.1 bookworm
Armbian 25.8.1 bookworm
[10/13/25 09:54:59] crowsnest: Host Info: Kernel: Linux 6.6.66-vendor-sunxi64 aarch64
[10/13/25 09:54:59] crowsnest: Host Info: Available CPU Cores: 4
[10/13/25 09:54:59] crowsnest: Host Info: Available Memory: 940764 kB
[10/13/25 09:54:59] crowsnest: Host Info: Diskspace (avail. / total): 8.7G / 15G
[10/13/25 09:54:59] crowsnest: INFO: Checking Dependencies
[10/13/25 09:54:59] crowsnest: Dependency: 'crudini' found in /usr/bin/crudini.
[10/13/25 09:54:59] crowsnest: Dependency: 'find' found in /usr/bin/find.
[10/13/25 09:54:59] crowsnest: Dependency: 'xargs' found in /usr/bin/xargs.
[10/13/25 09:54:59] crowsnest: Dependency: 'ustreamer' found in bin/ustreamer/src/ustreamer.bin.
[10/13/25 09:54:59] crowsnest: Version Control: ustreamer is up to date. (v6.10)
[10/13/25 09:54:59] crowsnest: INFO: Print Configfile: '/home/biqu/printer_data/config/crowsnest.conf'
[10/13/25 09:54:59] crowsnest:		[crowsnest]
[10/13/25 09:54:59] crowsnest:		log_path: /home/biqu/printer_data/logs/crowsnest.log
[10/13/25 09:54:59] crowsnest:		log_level: verbose
[10/13/25 09:54:59] crowsnest:		delete_log: false
[10/13/25 09:54:59] crowsnest:		no_proxy: false
[10/13/25 09:54:59] crowsnest:		
[10/13/25 09:54:59] crowsnest:		[cam 1]
[10/13/25 09:54:59] crowsnest:		mode: ustreamer
[10/13/25 09:54:59] crowsnest:		
[10/13/25 09:54:59] crowsnest:		enable_rtsp: false
[10/13/25 09:54:59] crowsnest:		rtsp_port: 8554
[10/13/25 09:54:59] crowsnest:		port: 8080
[10/13/25 09:54:59] crowsnest:		device: /dev/video0
[10/13/25 09:54:59] crowsnest:		resolution: 1920x1080
[10/13/25 09:54:59] crowsnest:		max_fps: 15
[10/13/25 09:54:59] crowsnest: INFO: Detect available Devices
[10/13/25 09:54:59] crowsnest: ERROR: No usable Devices Found. Stopping crowsnest.
[10/13/25 09:55:05] crowsnest: crowsnest - A webcam Service for multiple Cams and Stream Services.
[10/13/25 09:55:05] crowsnest: Version: v4.1.16-1-g059fa87
[10/13/25 09:55:05] crowsnest: Prepare Startup ...
[10/13/25 09:55:05] crowsnest: INFO: Host information:
[10/13/25 09:55:05] crowsnest: Host Info: Distribution: Armbian 25.8.1 bookworm
Armbian 25.8.1 bookworm
[10/13/25 09:55:05] crowsnest: Host Info: Kernel: Linux 6.6.66-vendor-sunxi64 aarch64
[10/13/25 09:55:05] crowsnest: Host Info: Available CPU Cores: 4
[10/13/25 09:55:05] crowsnest: Host Info: Available Memory: 940764 kB
[10/13/25 09:55:05] crowsnest: Host Info: Diskspace (avail. / total): 8.7G / 15G
[10/13/25 09:55:06] crowsnest: INFO: Checking Dependencies
[10/13/25 09:55:06] crowsnest: Dependency: 'crudini' found in /usr/bin/crudini.
[10/13/25 09:55:06] crowsnest: Dependency: 'find' found in /usr/bin/find.
[10/13/25 09:55:06] crowsnest: Dependency: 'xargs' found in /usr/bin/xargs.
[10/13/25 09:55:06] crowsnest: Dependency: 'ustreamer' found in bin/ustreamer/src/ustreamer.bin.
[10/13/25 09:55:06] crowsnest: Version Control: ustreamer is up to date. (v6.10)
[10/13/25 09:55:06] crowsnest: INFO: Print Configfile: '/home/biqu/printer_data/config/crowsnest.conf'
[10/13/25 09:55:06] crowsnest:		[crowsnest]
[10/13/25 09:55:06] crowsnest:		log_path: /home/biqu/printer_data/logs/crowsnest.log
[10/13/25 09:55:06] crowsnest:		log_level: verbose
[10/13/25 09:55:06] crowsnest:		delete_log: false
[10/13/25 09:55:06] crowsnest:		no_proxy: false
[10/13/25 09:55:06] crowsnest:		
[10/13/25 09:55:06] crowsnest:		[cam 1]
[10/13/25 09:55:06] crowsnest:		mode: ustreamer
[10/13/25 09:55:06] crowsnest:		
[10/13/25 09:55:06] crowsnest:		enable_rtsp: false
[10/13/25 09:55:06] crowsnest:		rtsp_port: 8554
[10/13/25 09:55:06] crowsnest:		port: 8080
[10/13/25 09:55:06] crowsnest:		device: /dev/video0
[10/13/25 09:55:06] crowsnest:		resolution: 1920x1080
[10/13/25 09:55:06] crowsnest:		max_fps: 15
[10/13/25 09:55:06] crowsnest: INFO: Detect available Devices
[10/13/25 09:55:06] crowsnest: ERROR: No usable Devices Found. Stopping crowsnest.
[10/13/25 09:55:12] crowsnest: crowsnest - A webcam Service for multiple Cams and Stream Services.
[10/13/25 09:55:12] crowsnest: Version: v4.1.16-1-g059fa87
[10/13/25 09:55:12] crowsnest: Prepare Startup ...
[10/13/25 09:55:12] crowsnest: INFO: Host information:
[10/13/25 09:55:12] crowsnest: Host Info: Distribution: Armbian 25.8.1 bookworm
Armbian 25.8.1 bookworm
[10/13/25 09:55:12] crowsnest: Host Info: Kernel: Linux 6.6.66-vendor-sunxi64 aarch64
[10/13/25 09:55:12] crowsnest: Host Info: Available CPU Cores: 4
[10/13/25 09:55:12] crowsnest: Host Info: Available Memory: 940764 kB
[10/13/25 09:55:12] crowsnest: Host Info: Diskspace (avail. / total): 8.7G / 15G
[10/13/25 09:55:12] crowsnest: INFO: Checking Dependencies
[10/13/25 09:55:12] crowsnest: Dependency: 'crudini' found in /usr/bin/crudini.
[10/13/25 09:55:12] crowsnest: Dependency: 'find' found in /usr/bin/find.
[10/13/25 09:55:12] crowsnest: Dependency: 'xargs' found in /usr/bin/xargs.
[10/13/25 09:55:12] crowsnest: Dependency: 'ustreamer' found in bin/ustreamer/src/ustreamer.bin.
[10/13/25 09:55:12] crowsnest: Version Control: ustreamer is up to date. (v6.10)
[10/13/25 09:55:12] crowsnest: INFO: Print Configfile: '/home/biqu/printer_data/config/crowsnest.conf'
[10/13/25 09:55:12] crowsnest:		[crowsnest]
[10/13/25 09:55:12] crowsnest:		log_path: /home/biqu/printer_data/logs/crowsnest.log
[10/13/25 09:55:12] crowsnest:		log_level: verbose
[10/13/25 09:55:12] crowsnest:		delete_log: false
[10/13/25 09:55:12] crowsnest:		no_proxy: false
[10/13/25 09:55:12] crowsnest:		
[10/13/25 09:55:12] crowsnest:		[cam 1]
[10/13/25 09:55:12] crowsnest:		mode: ustreamer
[10/13/25 09:55:12] crowsnest:		
[10/13/25 09:55:12] crowsnest:		enable_rtsp: false
[10/13/25 09:55:12] crowsnest:		rtsp_port: 8554
[10/13/25 09:55:12] crowsnest:		port: 8080
[10/13/25 09:55:12] crowsnest:		device: /dev/video0
[10/13/25 09:55:12] crowsnest:		resolution: 1920x1080
[10/13/25 09:55:12] crowsnest:		max_fps: 15
[10/13/25 09:55:12] crowsnest: INFO: Detect available Devices
[10/13/25 09:55:12] crowsnest: ERROR: No usable Devices Found. Stopping crowsnest.
[10/13/25 10:16:59] crowsnest: crowsnest - A webcam Service for multiple Cams and Stream Services.
[10/13/25 10:17:06] crowsnest: Version: v4.1.16-1-g059fa87
[10/13/25 10:17:06] crowsnest: Prepare Startup ...
[10/13/25 10:17:06] crowsnest: INFO: Host information:
[10/13/25 10:17:06] crowsnest: Host Info: Distribution: Armbian 25.8.1 bookworm
Armbian 25.8.1 bookworm
[10/13/25 10:17:06] crowsnest: Host Info: Kernel: Linux 6.6.66-vendor-sunxi64 aarch64
[10/13/25 10:17:06] crowsnest: Host Info: Available CPU Cores: 4
[10/13/25 10:17:06] crowsnest: Host Info: Available Memory: 940764 kB
[10/13/25 10:17:06] crowsnest: Host Info: Diskspace (avail. / total): 8.7G / 15G
[10/13/25 10:17:06] crowsnest: INFO: Checking Dependencies
[10/13/25 10:17:09] crowsnest: Dependency: 'crudini' found in /usr/bin/crudini.
[10/13/25 10:17:09] crowsnest: Dependency: 'find' found in /usr/bin/find.
[10/13/25 10:17:09] crowsnest: Dependency: 'xargs' found in /usr/bin/xargs.
[10/13/25 10:17:09] crowsnest: Dependency: 'ustreamer' found in bin/ustreamer/src/ustreamer.bin.
[10/13/25 10:17:09] crowsnest: Version Control: ustreamer is up to date. (v6.10)
[10/13/25 10:17:09] crowsnest: INFO: Print Configfile: '/home/biqu/printer_data/config/crowsnest.conf'
[10/13/25 10:17:09] crowsnest:		[crowsnest]
[10/13/25 10:17:09] crowsnest:		log_path: /home/biqu/printer_data/logs/crowsnest.log
[10/13/25 10:17:09] crowsnest:		log_level: verbose
[10/13/25 10:17:09] crowsnest:		delete_log: false
[10/13/25 10:17:09] crowsnest:		no_proxy: false
[10/13/25 10:17:09] crowsnest:		
[10/13/25 10:17:09] crowsnest:		[cam 1]
[10/13/25 10:17:09] crowsnest:		mode: ustreamer
[10/13/25 10:17:09] crowsnest:		
[10/13/25 10:17:09] crowsnest:		enable_rtsp: false
[10/13/25 10:17:09] crowsnest:		rtsp_port: 8554
[10/13/25 10:17:09] crowsnest:		port: 8080
[10/13/25 10:17:09] crowsnest:		device: /dev/video0
[10/13/25 10:17:09] crowsnest:		resolution: 1920x1080
[10/13/25 10:17:09] crowsnest:		max_fps: 15
[10/13/25 10:17:09] crowsnest: INFO: Detect available Devices
[10/13/25 10:17:10] crowsnest: ERROR: No usable Devices Found. Stopping crowsnest.
[10/13/25 10:17:16] crowsnest: crowsnest - A webcam Service for multiple Cams and Stream Services.
[10/13/25 10:17:16] crowsnest: Version: v4.1.16-1-g059fa87
[10/13/25 10:17:16] crowsnest: Prepare Startup ...
[10/13/25 10:17:16] crowsnest: INFO: Host information:
[10/13/25 10:17:16] crowsnest: Host Info: Distribution: Armbian 25.8.1 bookworm
Armbian 25.8.1 bookworm
[10/13/25 10:17:16] crowsnest: Host Info: Kernel: Linux 6.6.66-vendor-sunxi64 aarch64
[10/13/25 10:17:16] crowsnest: Host Info: Available CPU Cores: 4
[10/13/25 10:17:16] crowsnest: Host Info: Available Memory: 940764 kB
[10/13/25 10:17:16] crowsnest: Host Info: Diskspace (avail. / total): 8.7G / 15G
[10/13/25 10:17:16] crowsnest: INFO: Checking Dependencies
[10/13/25 10:17:16] crowsnest: Dependency: 'crudini' found in /usr/bin/crudini.
[10/13/25 10:17:16] crowsnest: Dependency: 'find' found in /usr/bin/find.
[10/13/25 10:17:16] crowsnest: Dependency: 'xargs' found in /usr/bin/xargs.
[10/13/25 10:17:16] crowsnest: Dependency: 'ustreamer' found in bin/ustreamer/src/ustreamer.bin.
[10/13/25 10:17:16] crowsnest: Version Control: ustreamer is up to date. (v6.10)
[10/13/25 10:17:16] crowsnest: INFO: Print Configfile: '/home/biqu/printer_data/config/crowsnest.conf'
[10/13/25 10:17:16] crowsnest:		[crowsnest]
[10/13/25 10:17:16] crowsnest:		log_path: /home/biqu/printer_data/logs/crowsnest.log
[10/13/25 10:17:16] crowsnest:		log_level: verbose
[10/13/25 10:17:16] crowsnest:		delete_log: false
[10/13/25 10:17:16] crowsnest:		no_proxy: false
[10/13/25 10:17:16] crowsnest:		
[10/13/25 10:17:16] crowsnest:		[cam 1]
[10/13/25 10:17:16] crowsnest:		mode: ustreamer
[10/13/25 10:17:16] crowsnest:		
[10/13/25 10:17:16] crowsnest:		enable_rtsp: false
[10/13/25 10:17:16] crowsnest:		rtsp_port: 8554
[10/13/25 10:17:16] crowsnest:		port: 8080
[10/13/25 10:17:16] crowsnest:		device: /dev/video0
[10/13/25 10:17:16] crowsnest:		resolution: 1920x1080
[10/13/25 10:17:16] crowsnest:		max_fps: 15
[10/13/25 10:17:16] crowsnest: INFO: Detect available Devices
[10/13/25 10:17:17] crowsnest: ERROR: No usable Devices Found. Stopping crowsnest.
[10/13/25 10:17:23] crowsnest: crowsnest - A webcam Service for multiple Cams and Stream Services.
[10/13/25 10:17:23] crowsnest: Version: v4.1.16-1-g059fa87
[10/13/25 10:17:23] crowsnest: Prepare Startup ...
[10/13/25 10:17:23] crowsnest: INFO: Host information:
[10/13/25 10:17:23] crowsnest: Host Info: Distribution: Armbian 25.8.1 bookworm
Armbian 25.8.1 bookworm
[10/13/25 10:17:23] crowsnest: Host Info: Kernel: Linux 6.6.66-vendor-sunxi64 aarch64
[10/13/25 10:17:23] crowsnest: Host Info: Available CPU Cores: 4
[10/13/25 10:17:23] crowsnest: Host Info: Available Memory: 940764 kB
[10/13/25 10:17:23] crowsnest: Host Info: Diskspace (avail. / total): 8.7G / 15G
[10/13/25 10:17:23] crowsnest: INFO: Checking Dependencies
[10/13/25 10:17:23] crowsnest: Dependency: 'crudini' found in /usr/bin/crudini.
[10/13/25 10:17:23] crowsnest: Dependency: 'find' found in /usr/bin/find.
[10/13/25 10:17:23] crowsnest: Dependency: 'xargs' found in /usr/bin/xargs.
[10/13/25 10:17:23] crowsnest: Dependency: 'ustreamer' found in bin/ustreamer/src/ustreamer.bin.
[10/13/25 10:17:23] crowsnest: Version Control: ustreamer is up to date. (v6.10)
[10/13/25 10:17:23] crowsnest: INFO: Print Configfile: '/home/biqu/printer_data/config/crowsnest.conf'
[10/13/25 10:17:23] crowsnest:		[crowsnest]
[10/13/25 10:17:23] crowsnest:		log_path: /home/biqu/printer_data/logs/crowsnest.log
[10/13/25 10:17:23] crowsnest:		log_level: verbose
[10/13/25 10:17:23] crowsnest:		delete_log: false
[10/13/25 10:17:23] crowsnest:		no_proxy: false
[10/13/25 10:17:23] crowsnest:		
[10/13/25 10:17:23] crowsnest:		[cam 1]
[10/13/25 10:17:23] crowsnest:		mode: ustreamer
[10/13/25 10:17:23] crowsnest:		
[10/13/25 10:17:23] crowsnest:		enable_rtsp: false
[10/13/25 10:17:23] crowsnest:		rtsp_port: 8554
[10/13/25 10:17:23] crowsnest:		port: 8080
[10/13/25 10:17:23] crowsnest:		device: /dev/video0
[10/13/25 10:17:23] crowsnest:		resolution: 1920x1080
[10/13/25 10:17:23] crowsnest:		max_fps: 15
[10/13/25 10:17:23] crowsnest: INFO: Detect available Devices
[10/13/25 10:17:23] crowsnest: ERROR: No usable Devices Found. Stopping crowsnest.
[10/13/25 10:17:29] crowsnest: crowsnest - A webcam Service for multiple Cams and Stream Services.
[10/13/25 10:17:29] crowsnest: Version: v4.1.16-1-g059fa87
[10/13/25 10:17:29] crowsnest: Prepare Startup ...
[10/13/25 10:17:30] crowsnest: INFO: Host information:
[10/13/25 10:17:30] crowsnest: Host Info: Distribution: Armbian 25.8.1 bookworm
Armbian 25.8.1 bookworm
[10/13/25 10:17:30] crowsnest: Host Info: Kernel: Linux 6.6.66-vendor-sunxi64 aarch64
[10/13/25 10:17:30] crowsnest: Host Info: Available CPU Cores: 4
[10/13/25 10:17:30] crowsnest: Host Info: Available Memory: 940764 kB
[10/13/25 10:17:30] crowsnest: Host Info: Diskspace (avail. / total): 8.7G / 15G
[10/13/25 10:17:30] crowsnest: INFO: Checking Dependencies
[10/13/25 10:17:30] crowsnest: Dependency: 'crudini' found in /usr/bin/crudini.
[10/13/25 10:17:30] crowsnest: Dependency: 'find' found in /usr/bin/find.
[10/13/25 10:17:30] crowsnest: Dependency: 'xargs' found in /usr/bin/xargs.
[10/13/25 10:17:30] crowsnest: Dependency: 'ustreamer' found in bin/ustreamer/src/ustreamer.bin.
[10/13/25 10:17:30] crowsnest: Version Control: ustreamer is up to date. (v6.10)
[10/13/25 10:17:30] crowsnest: INFO: Print Configfile: '/home/biqu/printer_data/config/crowsnest.conf'
[10/13/25 10:17:30] crowsnest:		[crowsnest]
[10/13/25 10:17:30] crowsnest:		log_path: /home/biqu/printer_data/logs/crowsnest.log
[10/13/25 10:17:30] crowsnest:		log_level: verbose
[10/13/25 10:17:30] crowsnest:		delete_log: false
[10/13/25 10:17:30] crowsnest:		no_proxy: false
[10/13/25 10:17:30] crowsnest:		
[10/13/25 10:17:30] crowsnest:		[cam 1]
[10/13/25 10:17:30] crowsnest:		mode: ustreamer
[10/13/25 10:17:30] crowsnest:		
[10/13/25 10:17:30] crowsnest:		enable_rtsp: false
[10/13/25 10:17:30] crowsnest:		rtsp_port: 8554
[10/13/25 10:17:30] crowsnest:		port: 8080
[10/13/25 10:17:30] crowsnest:		device: /dev/video0
[10/13/25 10:17:30] crowsnest:		resolution: 1920x1080
[10/13/25 10:17:30] crowsnest:		max_fps: 15
[10/13/25 10:17:30] crowsnest: INFO: Detect available Devices
[10/13/25 10:17:30] crowsnest: ERROR: No usable Devices Found. Stopping crowsnest.
[10/13/25 10:17:36] crowsnest: crowsnest - A webcam Service for multiple Cams and Stream Services.
[10/13/25 10:17:36] crowsnest: Version: v4.1.16-1-g059fa87
[10/13/25 10:17:36] crowsnest: Prepare Startup ...
[10/13/25 10:17:36] crowsnest: INFO: Host information:
[10/13/25 10:17:36] crowsnest: Host Info: Distribution: Armbian 25.8.1 bookworm
Armbian 25.8.1 bookworm
[10/13/25 10:17:36] crowsnest: Host Info: Kernel: Linux 6.6.66-vendor-sunxi64 aarch64
[10/13/25 10:17:36] crowsnest: Host Info: Available CPU Cores: 4
[10/13/25 10:17:36] crowsnest: Host Info: Available Memory: 940764 kB
[10/13/25 10:17:36] crowsnest: Host Info: Diskspace (avail. / total): 8.7G / 15G
[10/13/25 10:17:36] crowsnest: INFO: Checking Dependencies
[10/13/25 10:17:36] crowsnest: Dependency: 'crudini' found in /usr/bin/crudini.
[10/13/25 10:17:36] crowsnest: Dependency: 'find' found in /usr/bin/find.
[10/13/25 10:17:36] crowsnest: Dependency: 'xargs' found in /usr/bin/xargs.
[10/13/25 10:17:36] crowsnest: Dependency: 'ustreamer' found in bin/ustreamer/src/ustreamer.bin.
[10/13/25 10:17:36] crowsnest: Version Control: ustreamer is up to date. (v6.10)
[10/13/25 10:17:36] crowsnest: INFO: Print Configfile: '/home/biqu/printer_data/config/crowsnest.conf'
[10/13/25 10:17:36] crowsnest:		[crowsnest]
[10/13/25 10:17:36] crowsnest:		log_path: /home/biqu/printer_data/logs/crowsnest.log
[10/13/25 10:17:36] crowsnest:		log_level: verbose
[10/13/25 10:17:36] crowsnest:		delete_log: false
[10/13/25 10:17:36] crowsnest:		no_proxy: false
[10/13/25 10:17:36] crowsnest:		
[10/13/25 10:17:36] crowsnest:		[cam 1]
[10/13/25 10:17:36] crowsnest:		mode: ustreamer
[10/13/25 10:17:36] crowsnest:		
[10/13/25 10:17:36] crowsnest:		enable_rtsp: false
[10/13/25 10:17:36] crowsnest:		rtsp_port: 8554
[10/13/25 10:17:36] crowsnest:		port: 8080
[10/13/25 10:17:36] crowsnest:		device: /dev/video0
[10/13/25 10:17:36] crowsnest:		resolution: 1920x1080
[10/13/25 10:17:36] crowsnest:		max_fps: 15
[10/13/25 10:17:36] crowsnest: INFO: Detect available Devices
[10/13/25 10:17:36] crowsnest: ERROR: No usable Devices Found. Stopping crowsnest.
[10/13/25 10:17:43] crowsnest: crowsnest - A webcam Service for multiple Cams and Stream Services.
[10/13/25 10:17:43] crowsnest: Version: v4.1.16-1-g059fa87
[10/13/25 10:17:43] crowsnest: Prepare Startup ...
[10/13/25 10:17:43] crowsnest: INFO: Host information:
[10/13/25 10:17:43] crowsnest: Host Info: Distribution: Armbian 25.8.1 bookworm
Armbian 25.8.1 bookworm
[10/13/25 10:17:43] crowsnest: Host Info: Kernel: Linux 6.6.66-vendor-sunxi64 aarch64
[10/13/25 10:17:43] crowsnest: Host Info: Available CPU Cores: 4
[10/13/25 10:17:43] crowsnest: Host Info: Available Memory: 940764 kB
[10/13/25 10:17:43] crowsnest: Host Info: Diskspace (avail. / total): 8.7G / 15G
[10/13/25 10:17:43] crowsnest: INFO: Checking Dependencies
[10/13/25 10:17:43] crowsnest: Dependency: 'crudini' found in /usr/bin/crudini.
[10/13/25 10:17:43] crowsnest: Dependency: 'find' found in /usr/bin/find.
[10/13/25 10:17:43] crowsnest: Dependency: 'xargs' found in /usr/bin/xargs.
[10/13/25 10:17:43] crowsnest: Dependency: 'ustreamer' found in bin/ustreamer/src/ustreamer.bin.
[10/13/25 10:17:43] crowsnest: Version Control: ustreamer is up to date. (v6.10)
[10/13/25 10:17:43] crowsnest: INFO: Print Configfile: '/home/biqu/printer_data/config/crowsnest.conf'
[10/13/25 10:17:43] crowsnest:		[crowsnest]
[10/13/25 10:17:43] crowsnest:		log_path: /home/biqu/printer_data/logs/crowsnest.log
[10/13/25 10:17:43] crowsnest:		log_level: verbose
[10/13/25 10:17:43] crowsnest:		delete_log: false
[10/13/25 10:17:43] crowsnest:		no_proxy: false
[10/13/25 10:17:43] crowsnest:		
[10/13/25 10:17:43] crowsnest:		[cam 1]
[10/13/25 10:17:43] crowsnest:		mode: ustreamer
[10/13/25 10:17:43] crowsnest:		
[10/13/25 10:17:43] crowsnest:		enable_rtsp: false
[10/13/25 10:17:43] crowsnest:		rtsp_port: 8554
[10/13/25 10:17:43] crowsnest:		port: 8080
[10/13/25 10:17:43] crowsnest:		device: /dev/video0
[10/13/25 10:17:43] crowsnest:		resolution: 1920x1080
[10/13/25 10:17:43] crowsnest:		max_fps: 15
[10/13/25 10:17:43] crowsnest: INFO: Detect available Devices
[10/13/25 10:17:43] crowsnest: ERROR: No usable Devices Found. Stopping crowsnest.
[10/13/25 10:17:49] crowsnest: crowsnest - A webcam Service for multiple Cams and Stream Services.
[10/13/25 10:17:49] crowsnest: Version: v4.1.16-1-g059fa87
[10/13/25 10:17:49] crowsnest: Prepare Startup ...
[10/13/25 10:17:49] crowsnest: INFO: Host information:
[10/13/25 10:17:49] crowsnest: Host Info: Distribution: Armbian 25.8.1 bookworm
Armbian 25.8.1 bookworm
[10/13/25 10:17:49] crowsnest: Host Info: Kernel: Linux 6.6.66-vendor-sunxi64 aarch64
[10/13/25 10:17:49] crowsnest: Host Info: Available CPU Cores: 4
[10/13/25 10:17:49] crowsnest: Host Info: Available Memory: 940764 kB
[10/13/25 10:17:49] crowsnest: Host Info: Diskspace (avail. / total): 8.7G / 15G
[10/13/25 10:17:49] crowsnest: INFO: Checking Dependencies
[10/13/25 10:17:49] crowsnest: Dependency: 'crudini' found in /usr/bin/crudini.
[10/13/25 10:17:49] crowsnest: Dependency: 'find' found in /usr/bin/find.
[10/13/25 10:17:49] crowsnest: Dependency: 'xargs' found in /usr/bin/xargs.
[10/13/25 10:17:49] crowsnest: Dependency: 'ustreamer' found in bin/ustreamer/src/ustreamer.bin.
[10/13/25 10:17:49] crowsnest: Version Control: ustreamer is up to date. (v6.10)
[10/13/25 10:17:49] crowsnest: INFO: Print Configfile: '/home/biqu/printer_data/config/crowsnest.conf'
[10/13/25 10:17:49] crowsnest:		[crowsnest]
[10/13/25 10:17:49] crowsnest:		log_path: /home/biqu/printer_data/logs/crowsnest.log
[10/13/25 10:17:49] crowsnest:		log_level: verbose
[10/13/25 10:17:49] crowsnest:		delete_log: false
[10/13/25 10:17:49] crowsnest:		no_proxy: false
[10/13/25 10:17:49] crowsnest:		
[10/13/25 10:17:49] crowsnest:		[cam 1]
[10/13/25 10:17:49] crowsnest:		mode: ustreamer
[10/13/25 10:17:49] crowsnest:		
[10/13/25 10:17:49] crowsnest:		enable_rtsp: false
[10/13/25 10:17:49] crowsnest:		rtsp_port: 8554
[10/13/25 10:17:49] crowsnest:		port: 8080
[10/13/25 10:17:49] crowsnest:		device: /dev/video0
[10/13/25 10:17:49] crowsnest:		resolution: 1920x1080
[10/13/25 10:17:49] crowsnest:		max_fps: 15
[10/13/25 10:17:49] crowsnest: INFO: Detect available Devices
[10/13/25 10:17:49] crowsnest: ERROR: No usable Devices Found. Stopping crowsnest.
[10/13/25 10:17:55] crowsnest: crowsnest - A webcam Service for multiple Cams and Stream Services.
[10/13/25 10:17:55] crowsnest: Version: v4.1.16-1-g059fa87
[10/13/25 10:17:56] crowsnest: Prepare Startup ...
[10/13/25 10:17:56] crowsnest: INFO: Host information:
[10/13/25 10:17:56] crowsnest: Host Info: Distribution: Armbian 25.8.1 bookworm
Armbian 25.8.1 bookworm
[10/13/25 10:17:56] crowsnest: Host Info: Kernel: Linux 6.6.66-vendor-sunxi64 aarch64
[10/13/25 10:17:56] crowsnest: Host Info: Available CPU Cores: 4
[10/13/25 10:17:56] crowsnest: Host Info: Available Memory: 940764 kB
[10/13/25 10:17:56] crowsnest: Host Info: Diskspace (avail. / total): 8.7G / 15G
[10/13/25 10:17:56] crowsnest: INFO: Checking Dependencies
[10/13/25 10:17:56] crowsnest: Dependency: 'crudini' found in /usr/bin/crudini.
[10/13/25 10:17:56] crowsnest: Dependency: 'find' found in /usr/bin/find.
[10/13/25 10:17:56] crowsnest: Dependency: 'xargs' found in /usr/bin/xargs.
[10/13/25 10:17:56] crowsnest: Dependency: 'ustreamer' found in bin/ustreamer/src/ustreamer.bin.
[10/13/25 10:17:56] crowsnest: Version Control: ustreamer is up to date. (v6.10)
[10/13/25 10:17:56] crowsnest: INFO: Print Configfile: '/home/biqu/printer_data/config/crowsnest.conf'
[10/13/25 10:17:56] crowsnest:		[crowsnest]
[10/13/25 10:17:56] crowsnest:		log_path: /home/biqu/printer_data/logs/crowsnest.log
[10/13/25 10:17:56] crowsnest:		log_level: verbose
[10/13/25 10:17:56] crowsnest:		delete_log: false
[10/13/25 10:17:56] crowsnest:		no_proxy: false
[10/13/25 10:17:56] crowsnest:		
[10/13/25 10:17:56] crowsnest:		[cam 1]
[10/13/25 10:17:56] crowsnest:		mode: ustreamer
[10/13/25 10:17:56] crowsnest:		
[10/13/25 10:17:56] crowsnest:		enable_rtsp: false
[10/13/25 10:17:56] crowsnest:		rtsp_port: 8554
[10/13/25 10:17:56] crowsnest:		port: 8080
[10/13/25 10:17:56] crowsnest:		device: /dev/video0
[10/13/25 10:17:56] crowsnest:		resolution: 1920x1080
[10/13/25 10:17:56] crowsnest:		max_fps: 15
[10/13/25 10:17:56] crowsnest: INFO: Detect available Devices
[10/13/25 10:17:56] crowsnest: ERROR: No usable Devices Found. Stopping crowsnest.
[10/13/25 10:18:02] crowsnest: crowsnest - A webcam Service for multiple Cams and Stream Services.
[10/13/25 10:18:02] crowsnest: Version: v4.1.16-1-g059fa87
[10/13/25 10:18:02] crowsnest: Prepare Startup ...
[10/13/25 10:18:02] crowsnest: INFO: Host information:
[10/13/25 10:18:02] crowsnest: Host Info: Distribution: Armbian 25.8.1 bookworm
Armbian 25.8.1 bookworm
[10/13/25 10:18:02] crowsnest: Host Info: Kernel: Linux 6.6.66-vendor-sunxi64 aarch64
[10/13/25 10:18:02] crowsnest: Host Info: Available CPU Cores: 4
[10/13/25 10:18:02] crowsnest: Host Info: Available Memory: 940764 kB
[10/13/25 10:18:02] crowsnest: Host Info: Diskspace (avail. / total): 8.7G / 15G
[10/13/25 10:18:02] crowsnest: INFO: Checking Dependencies
[10/13/25 10:18:02] crowsnest: Dependency: 'crudini' found in /usr/bin/crudini.
[10/13/25 10:18:02] crowsnest: Dependency: 'find' found in /usr/bin/find.
[10/13/25 10:18:02] crowsnest: Dependency: 'xargs' found in /usr/bin/xargs.
[10/13/25 10:18:02] crowsnest: Dependency: 'ustreamer' found in bin/ustreamer/src/ustreamer.bin.
[10/13/25 10:18:02] crowsnest: Version Control: ustreamer is up to date. (v6.10)
[10/13/25 10:18:02] crowsnest: INFO: Print Configfile: '/home/biqu/printer_data/config/crowsnest.conf'
[10/13/25 10:18:02] crowsnest:		[crowsnest]
[10/13/25 10:18:02] crowsnest:		log_path: /home/biqu/printer_data/logs/crowsnest.log
[10/13/25 10:18:02] crowsnest:		log_level: verbose
[10/13/25 10:18:02] crowsnest:		delete_log: false
[10/13/25 10:18:02] crowsnest:		no_proxy: false
[10/13/25 10:18:02] crowsnest:		
[10/13/25 10:18:02] crowsnest:		[cam 1]
[10/13/25 10:18:02] crowsnest:		mode: ustreamer
[10/13/25 10:18:02] crowsnest:		
[10/13/25 10:18:02] crowsnest:		enable_rtsp: false
[10/13/25 10:18:02] crowsnest:		rtsp_port: 8554
[10/13/25 10:18:02] crowsnest:		port: 8080
[10/13/25 10:18:02] crowsnest:		device: /dev/video0
[10/13/25 10:18:02] crowsnest:		resolution: 1920x1080
[10/13/25 10:18:02] crowsnest:		max_fps: 15
[10/13/25 10:18:02] crowsnest: INFO: Detect available Devices
[10/13/25 10:18:02] crowsnest: ERROR: No usable Devices Found. Stopping crowsnest.
[10/13/25 10:18:09] crowsnest: crowsnest - A webcam Service for multiple Cams and Stream Services.
[10/13/25 10:18:09] crowsnest: Version: v4.1.16-1-g059fa87
[10/13/25 10:18:09] crowsnest: Prepare Startup ...
[10/13/25 10:18:09] crowsnest: INFO: Host information:
[10/13/25 10:18:09] crowsnest: Host Info: Distribution: Armbian 25.8.1 bookworm
Armbian 25.8.1 bookworm
[10/13/25 10:18:09] crowsnest: Host Info: Kernel: Linux 6.6.66-vendor-sunxi64 aarch64
[10/13/25 10:18:09] crowsnest: Host Info: Available CPU Cores: 4
[10/13/25 10:18:09] crowsnest: Host Info: Available Memory: 940764 kB
[10/13/25 10:18:09] crowsnest: Host Info: Diskspace (avail. / total): 8.7G / 15G
[10/13/25 10:18:09] crowsnest: INFO: Checking Dependencies
[10/13/25 10:18:09] crowsnest: Dependency: 'crudini' found in /usr/bin/crudini.
[10/13/25 10:18:09] crowsnest: Dependency: 'find' found in /usr/bin/find.
[10/13/25 10:18:09] crowsnest: Dependency: 'xargs' found in /usr/bin/xargs.
[10/13/25 10:18:09] crowsnest: Dependency: 'ustreamer' found in bin/ustreamer/src/ustreamer.bin.
[10/13/25 10:18:09] crowsnest: Version Control: ustreamer is up to date. (v6.10)
[10/13/25 10:18:09] crowsnest: INFO: Print Configfile: '/home/biqu/printer_data/config/crowsnest.conf'
[10/13/25 10:18:09] crowsnest:		[crowsnest]
[10/13/25 10:18:09] crowsnest:		log_path: /home/biqu/printer_data/logs/crowsnest.log
[10/13/25 10:18:09] crowsnest:		log_level: verbose
[10/13/25 10:18:09] crowsnest:		delete_log: false
[10/13/25 10:18:09] crowsnest:		no_proxy: false
[10/13/25 10:18:09] crowsnest:		
[10/13/25 10:18:09] crowsnest:		[cam 1]
[10/13/25 10:18:09] crowsnest:		mode: ustreamer
[10/13/25 10:18:09] crowsnest:		
[10/13/25 10:18:09] crowsnest:		enable_rtsp: false
[10/13/25 10:18:09] crowsnest:		rtsp_port: 8554
[10/13/25 10:18:09] crowsnest:		port: 8080
[10/13/25 10:18:09] crowsnest:		device: /dev/video0
[10/13/25 10:18:09] crowsnest:		resolution: 1920x1080
[10/13/25 10:18:09] crowsnest:		max_fps: 15
[10/13/25 10:18:09] crowsnest: INFO: Detect available Devices
[10/13/25 10:18:09] crowsnest: ERROR: No usable Devices Found. Stopping crowsnest.
[10/13/25 12:17:20] crowsnest: crowsnest - A webcam Service for multiple Cams and Stream Services.
[10/13/25 12:17:22] crowsnest: Version: v4.1.16-1-g059fa87
[10/13/25 12:17:22] crowsnest: Prepare Startup ...
[10/13/25 12:17:22] crowsnest: INFO: Host information:
[10/13/25 12:17:22] crowsnest: Host Info: Distribution: Armbian 25.8.1 bookworm
Armbian 25.8.1 bookworm
[10/13/25 12:17:22] crowsnest: Host Info: Kernel: Linux 6.6.66-vendor-sunxi64 aarch64
[10/13/25 12:17:22] crowsnest: Host Info: Available CPU Cores: 4
[10/13/25 12:17:22] crowsnest: Host Info: Available Memory: 940764 kB
[10/13/25 12:17:22] crowsnest: Host Info: Diskspace (avail. / total): 8.7G / 15G
[10/13/25 12:17:22] crowsnest: INFO: Checking Dependencies
[10/13/25 12:52:13] crowsnest: Dependency: 'crudini' found in /usr/bin/crudini.
[10/13/25 12:52:13] crowsnest: Dependency: 'find' found in /usr/bin/find.
[10/13/25 12:52:13] crowsnest: Dependency: 'xargs' found in /usr/bin/xargs.
[10/13/25 12:52:13] crowsnest: Dependency: 'ustreamer' found in bin/ustreamer/src/ustreamer.bin.
[10/13/25 12:52:14] crowsnest: Version Control: ustreamer is up to date. (v6.10)
[10/13/25 12:52:14] crowsnest: INFO: Print Configfile: '/home/biqu/printer_data/config/crowsnest.conf'
[10/13/25 12:52:14] crowsnest:		[crowsnest]
[10/13/25 12:52:14] crowsnest:		log_path: /home/biqu/printer_data/logs/crowsnest.log
[10/13/25 12:52:14] crowsnest:		log_level: verbose
[10/13/25 12:52:14] crowsnest:		delete_log: false
[10/13/25 12:52:14] crowsnest:		no_proxy: false
[10/13/25 12:52:14] crowsnest:		
[10/13/25 12:52:14] crowsnest:		[cam 1]
[10/13/25 12:52:14] crowsnest:		mode: ustreamer
[10/13/25 12:52:14] crowsnest:		
[10/13/25 12:52:14] crowsnest:		enable_rtsp: false
[10/13/25 12:52:14] crowsnest:		rtsp_port: 8554
[10/13/25 12:52:14] crowsnest:		port: 8080
[10/13/25 12:52:14] crowsnest:		device: /dev/video0
[10/13/25 12:52:14] crowsnest:		resolution: 1920x1080
[10/13/25 12:52:14] crowsnest:		max_fps: 15
[10/13/25 12:52:14] crowsnest: INFO: Detect available Devices
[10/13/25 12:52:14] crowsnest: ERROR: No usable Devices Found. Stopping crowsnest.
[10/13/25 12:52:20] crowsnest: crowsnest - A webcam Service for multiple Cams and Stream Services.
[10/13/25 12:52:20] crowsnest: Version: v4.1.16-1-g059fa87
[10/13/25 12:52:20] crowsnest: Prepare Startup ...
[10/13/25 12:52:20] crowsnest: INFO: Host information:
[10/13/25 12:52:20] crowsnest: Host Info: Distribution: Armbian 25.8.1 bookworm
Armbian 25.8.1 bookworm
[10/13/25 12:52:20] crowsnest: Host Info: Kernel: Linux 6.6.66-vendor-sunxi64 aarch64
[10/13/25 12:52:20] crowsnest: Host Info: Available CPU Cores: 4
[10/13/25 12:52:20] crowsnest: Host Info: Available Memory: 940764 kB
[10/13/25 12:52:20] crowsnest: Host Info: Diskspace (avail. / total): 8.7G / 15G
[10/13/25 12:52:20] crowsnest: INFO: Checking Dependencies
[10/13/25 12:52:20] crowsnest: Dependency: 'crudini' found in /usr/bin/crudini.
[10/13/25 12:52:20] crowsnest: Dependency: 'find' found in /usr/bin/find.
[10/13/25 12:52:20] crowsnest: Dependency: 'xargs' found in /usr/bin/xargs.
[10/13/25 12:52:20] crowsnest: Dependency: 'ustreamer' found in bin/ustreamer/src/ustreamer.bin.
[10/13/25 12:52:20] crowsnest: Version Control: ustreamer is up to date. (v6.10)
[10/13/25 12:52:20] crowsnest: INFO: Print Configfile: '/home/biqu/printer_data/config/crowsnest.conf'
[10/13/25 12:52:20] crowsnest:		[crowsnest]
[10/13/25 12:52:20] crowsnest:		log_path: /home/biqu/printer_data/logs/crowsnest.log
[10/13/25 12:52:20] crowsnest:		log_level: verbose
[10/13/25 12:52:20] crowsnest:		delete_log: false
[10/13/25 12:52:20] crowsnest:		no_proxy: false
[10/13/25 12:52:20] crowsnest:		
[10/13/25 12:52:20] crowsnest:		[cam 1]
[10/13/25 12:52:20] crowsnest:		mode: ustreamer
[10/13/25 12:52:20] crowsnest:		
[10/13/25 12:52:20] crowsnest:		enable_rtsp: false
[10/13/25 12:52:20] crowsnest:		rtsp_port: 8554
[10/13/25 12:52:20] crowsnest:		port: 8080
[10/13/25 12:52:20] crowsnest:		device: /dev/video0
[10/13/25 12:52:20] crowsnest:		resolution: 1920x1080
[10/13/25 12:52:20] crowsnest:		max_fps: 15
[10/13/25 12:52:20] crowsnest: INFO: Detect available Devices
[10/13/25 12:52:20] crowsnest: ERROR: No usable Devices Found. Stopping crowsnest.
[10/13/25 12:52:27] crowsnest: crowsnest - A webcam Service for multiple Cams and Stream Services.
[10/13/25 12:52:27] crowsnest: Version: v4.1.16-1-g059fa87
[10/13/25 12:52:27] crowsnest: Prepare Startup ...
[10/13/25 12:52:27] crowsnest: INFO: Host information:
[10/13/25 12:52:27] crowsnest: Host Info: Distribution: Armbian 25.8.1 bookworm
Armbian 25.8.1 bookworm
[10/13/25 12:52:27] crowsnest: Host Info: Kernel: Linux 6.6.66-vendor-sunxi64 aarch64
[10/13/25 12:52:27] crowsnest: Host Info: Available CPU Cores: 4
[10/13/25 12:52:27] crowsnest: Host Info: Available Memory: 940764 kB
[10/13/25 12:52:27] crowsnest: Host Info: Diskspace (avail. / total): 8.7G / 15G
[10/13/25 12:52:27] crowsnest: INFO: Checking Dependencies
[10/13/25 12:52:27] crowsnest: Dependency: 'crudini' found in /usr/bin/crudini.
[10/13/25 12:52:27] crowsnest: Dependency: 'find' found in /usr/bin/find.
[10/13/25 12:52:27] crowsnest: Dependency: 'xargs' found in /usr/bin/xargs.
[10/13/25 12:52:27] crowsnest: Dependency: 'ustreamer' found in bin/ustreamer/src/ustreamer.bin.
[10/13/25 12:52:27] crowsnest: Version Control: ustreamer is up to date. (v6.10)
[10/13/25 12:52:27] crowsnest: INFO: Print Configfile: '/home/biqu/printer_data/config/crowsnest.conf'
[10/13/25 12:52:27] crowsnest:		[crowsnest]
[10/13/25 12:52:27] crowsnest:		log_path: /home/biqu/printer_data/logs/crowsnest.log
[10/13/25 12:52:27] crowsnest:		log_level: verbose
[10/13/25 12:52:27] crowsnest:		delete_log: false
[10/13/25 12:52:27] crowsnest:		no_proxy: false
[10/13/25 12:52:27] crowsnest:		
[10/13/25 12:52:27] crowsnest:		[cam 1]
[10/13/25 12:52:27] crowsnest:		mode: ustreamer
[10/13/25 12:52:27] crowsnest:		
[10/13/25 12:52:27] crowsnest:		enable_rtsp: false
[10/13/25 12:52:27] crowsnest:		rtsp_port: 8554
[10/13/25 12:52:27] crowsnest:		port: 8080
[10/13/25 12:52:27] crowsnest:		device: /dev/video0
[10/13/25 12:52:27] crowsnest:		resolution: 1920x1080
[10/13/25 12:52:27] crowsnest:		max_fps: 15
[10/13/25 12:52:27] crowsnest: INFO: Detect available Devices
[10/13/25 12:52:27] crowsnest: ERROR: No usable Devices Found. Stopping crowsnest.
[10/13/25 12:52:33] crowsnest: crowsnest - A webcam Service for multiple Cams and Stream Services.
[10/13/25 12:52:33] crowsnest: Version: v4.1.16-1-g059fa87
[10/13/25 12:52:33] crowsnest: Prepare Startup ...
[10/13/25 12:52:33] crowsnest: INFO: Host information:
[10/13/25 12:52:33] crowsnest: Host Info: Distribution: Armbian 25.8.1 bookworm
Armbian 25.8.1 bookworm
[10/13/25 12:52:33] crowsnest: Host Info: Kernel: Linux 6.6.66-vendor-sunxi64 aarch64
[10/13/25 12:52:33] crowsnest: Host Info: Available CPU Cores: 4
[10/13/25 12:52:33] crowsnest: Host Info: Available Memory: 940764 kB
[10/13/25 12:52:33] crowsnest: Host Info: Diskspace (avail. / total): 8.7G / 15G
[10/13/25 12:52:33] crowsnest: INFO: Checking Dependencies
[10/13/25 12:52:33] crowsnest: Dependency: 'crudini' found in /usr/bin/crudini.
[10/13/25 12:52:33] crowsnest: Dependency: 'find' found in /usr/bin/find.
[10/13/25 12:52:33] crowsnest: Dependency: 'xargs' found in /usr/bin/xargs.
[10/13/25 12:52:33] crowsnest: Dependency: 'ustreamer' found in bin/ustreamer/src/ustreamer.bin.
[10/13/25 12:52:33] crowsnest: Version Control: ustreamer is up to date. (v6.10)
[10/13/25 12:52:33] crowsnest: INFO: Print Configfile: '/home/biqu/printer_data/config/crowsnest.conf'
[10/13/25 12:52:33] crowsnest:		[crowsnest]
[10/13/25 12:52:33] crowsnest:		log_path: /home/biqu/printer_data/logs/crowsnest.log
[10/13/25 12:52:33] crowsnest:		log_level: verbose
[10/13/25 12:52:33] crowsnest:		delete_log: false
[10/13/25 12:52:33] crowsnest:		no_proxy: false
[10/13/25 12:52:33] crowsnest:		
[10/13/25 12:52:33] crowsnest:		[cam 1]
[10/13/25 12:52:33] crowsnest:		mode: ustreamer
[10/13/25 12:52:33] crowsnest:		
[10/13/25 12:52:33] crowsnest:		enable_rtsp: false
[10/13/25 12:52:33] crowsnest:		rtsp_port: 8554
[10/13/25 12:52:33] crowsnest:		port: 8080
[10/13/25 12:52:33] crowsnest:		device: /dev/video0
[10/13/25 12:52:33] crowsnest:		resolution: 1920x1080
[10/13/25 12:52:33] crowsnest:		max_fps: 15
[10/13/25 12:52:33] crowsnest: INFO: Detect available Devices
[10/13/25 12:52:33] crowsnest: ERROR: No usable Devices Found. Stopping crowsnest.
[10/13/25 12:52:40] crowsnest: crowsnest - A webcam Service for multiple Cams and Stream Services.
[10/13/25 12:52:40] crowsnest: Version: v4.1.16-1-g059fa87
[10/13/25 12:52:40] crowsnest: Prepare Startup ...
[10/13/25 12:52:40] crowsnest: INFO: Host information:
[10/13/25 12:52:40] crowsnest: Host Info: Distribution: Armbian 25.8.1 bookworm
Armbian 25.8.1 bookworm
[10/13/25 12:52:40] crowsnest: Host Info: Kernel: Linux 6.6.66-vendor-sunxi64 aarch64
[10/13/25 12:52:40] crowsnest: Host Info: Available CPU Cores: 4
[10/13/25 12:52:40] crowsnest: Host Info: Available Memory: 940764 kB
[10/13/25 12:52:40] crowsnest: Host Info: Diskspace (avail. / total): 8.7G / 15G
[10/13/25 12:52:40] crowsnest: INFO: Checking Dependencies
[10/13/25 12:52:40] crowsnest: Dependency: 'crudini' found in /usr/bin/crudini.
[10/13/25 12:52:40] crowsnest: Dependency: 'find' found in /usr/bin/find.
[10/13/25 12:52:40] crowsnest: Dependency: 'xargs' found in /usr/bin/xargs.
[10/13/25 12:52:40] crowsnest: Dependency: 'ustreamer' found in bin/ustreamer/src/ustreamer.bin.
[10/13/25 12:52:40] crowsnest: Version Control: ustreamer is up to date. (v6.10)
[10/13/25 12:52:40] crowsnest: INFO: Print Configfile: '/home/biqu/printer_data/config/crowsnest.conf'
[10/13/25 12:52:40] crowsnest:		[crowsnest]
[10/13/25 12:52:40] crowsnest:		log_path: /home/biqu/printer_data/logs/crowsnest.log
[10/13/25 12:52:40] crowsnest:		log_level: verbose
[10/13/25 12:52:40] crowsnest:		delete_log: false
[10/13/25 12:52:40] crowsnest:		no_proxy: false
[10/13/25 12:52:40] crowsnest:		
[10/13/25 12:52:40] crowsnest:		[cam 1]
[10/13/25 12:52:40] crowsnest:		mode: ustreamer
[10/13/25 12:52:40] crowsnest:		
[10/13/25 12:52:40] crowsnest:		enable_rtsp: false
[10/13/25 12:52:40] crowsnest:		rtsp_port: 8554
[10/13/25 12:52:40] crowsnest:		port: 8080
[10/13/25 12:52:40] crowsnest:		device: /dev/video0
[10/13/25 12:52:40] crowsnest:		resolution: 1920x1080
[10/13/25 12:52:40] crowsnest:		max_fps: 15
[10/13/25 12:52:40] crowsnest: INFO: Detect available Devices
[10/13/25 12:52:40] crowsnest: ERROR: No usable Devices Found. Stopping crowsnest.
[10/13/25 12:52:46] crowsnest: crowsnest - A webcam Service for multiple Cams and Stream Services.
[10/13/25 12:52:46] crowsnest: Version: v4.1.16-1-g059fa87
[10/13/25 12:52:46] crowsnest: Prepare Startup ...
[10/13/25 12:52:46] crowsnest: INFO: Host information:
[10/13/25 12:52:46] crowsnest: Host Info: Distribution: Armbian 25.8.1 bookworm
Armbian 25.8.1 bookworm
[10/13/25 12:52:46] crowsnest: Host Info: Kernel: Linux 6.6.66-vendor-sunxi64 aarch64
[10/13/25 12:52:46] crowsnest: Host Info: Available CPU Cores: 4
[10/13/25 12:52:46] crowsnest: Host Info: Available Memory: 940764 kB
[10/13/25 12:52:46] crowsnest: Host Info: Diskspace (avail. / total): 8.7G / 15G
[10/13/25 12:52:46] crowsnest: INFO: Checking Dependencies
[10/13/25 12:52:46] crowsnest: Dependency: 'crudini' found in /usr/bin/crudini.
[10/13/25 12:52:46] crowsnest: Dependency: 'find' found in /usr/bin/find.
[10/13/25 12:52:46] crowsnest: Dependency: 'xargs' found in /usr/bin/xargs.
[10/13/25 12:52:46] crowsnest: Dependency: 'ustreamer' found in bin/ustreamer/src/ustreamer.bin.
[10/13/25 12:52:46] crowsnest: Version Control: ustreamer is up to date. (v6.10)
[10/13/25 12:52:46] crowsnest: INFO: Print Configfile: '/home/biqu/printer_data/config/crowsnest.conf'
[10/13/25 12:52:46] crowsnest:		[crowsnest]
[10/13/25 12:52:46] crowsnest:		log_path: /home/biqu/printer_data/logs/crowsnest.log
[10/13/25 12:52:46] crowsnest:		log_level: verbose
[10/13/25 12:52:46] crowsnest:		delete_log: false
[10/13/25 12:52:46] crowsnest:		no_proxy: false
[10/13/25 12:52:46] crowsnest:		
[10/13/25 12:52:46] crowsnest:		[cam 1]
[10/13/25 12:52:46] crowsnest:		mode: ustreamer
[10/13/25 12:52:46] crowsnest:		
[10/13/25 12:52:46] crowsnest:		enable_rtsp: false
[10/13/25 12:52:46] crowsnest:		rtsp_port: 8554
[10/13/25 12:52:46] crowsnest:		port: 8080
[10/13/25 12:52:46] crowsnest:		device: /dev/video0
[10/13/25 12:52:46] crowsnest:		resolution: 1920x1080
[10/13/25 12:52:46] crowsnest:		max_fps: 15
[10/13/25 12:52:46] crowsnest: INFO: Detect available Devices
[10/13/25 12:52:46] crowsnest: ERROR: No usable Devices Found. Stopping crowsnest.
[10/13/25 12:52:53] crowsnest: crowsnest - A webcam Service for multiple Cams and Stream Services.
[10/13/25 12:52:53] crowsnest: Version: v4.1.16-1-g059fa87
[10/13/25 12:52:53] crowsnest: Prepare Startup ...
[10/13/25 12:52:53] crowsnest: INFO: Host information:
[10/13/25 12:52:53] crowsnest: Host Info: Distribution: Armbian 25.8.1 bookworm
Armbian 25.8.1 bookworm
[10/13/25 12:52:53] crowsnest: Host Info: Kernel: Linux 6.6.66-vendor-sunxi64 aarch64
[10/13/25 12:52:53] crowsnest: Host Info: Available CPU Cores: 4
[10/13/25 12:52:53] crowsnest: Host Info: Available Memory: 940764 kB
[10/13/25 12:52:53] crowsnest: Host Info: Diskspace (avail. / total): 8.7G / 15G
[10/13/25 12:52:53] crowsnest: INFO: Checking Dependencies
[10/13/25 12:52:53] crowsnest: Dependency: 'crudini' found in /usr/bin/crudini.
[10/13/25 12:52:53] crowsnest: Dependency: 'find' found in /usr/bin/find.
[10/13/25 12:52:53] crowsnest: Dependency: 'xargs' found in /usr/bin/xargs.
[10/13/25 12:52:53] crowsnest: Dependency: 'ustreamer' found in bin/ustreamer/src/ustreamer.bin.
[10/13/25 12:52:53] crowsnest: Version Control: ustreamer is up to date. (v6.10)
[10/13/25 12:52:53] crowsnest: INFO: Print Configfile: '/home/biqu/printer_data/config/crowsnest.conf'
[10/13/25 12:52:53] crowsnest:		[crowsnest]
[10/13/25 12:52:53] crowsnest:		log_path: /home/biqu/printer_data/logs/crowsnest.log
[10/13/25 12:52:53] crowsnest:		log_level: verbose
[10/13/25 12:52:53] crowsnest:		delete_log: false
[10/13/25 12:52:53] crowsnest:		no_proxy: false
[10/13/25 12:52:53] crowsnest:		
[10/13/25 12:52:53] crowsnest:		[cam 1]
[10/13/25 12:52:53] crowsnest:		mode: ustreamer
[10/13/25 12:52:53] crowsnest:		
[10/13/25 12:52:53] crowsnest:		enable_rtsp: false
[10/13/25 12:52:53] crowsnest:		rtsp_port: 8554
[10/13/25 12:52:53] crowsnest:		port: 8080
[10/13/25 12:52:53] crowsnest:		device: /dev/video0
[10/13/25 12:52:53] crowsnest:		resolution: 1920x1080
[10/13/25 12:52:53] crowsnest:		max_fps: 15
[10/13/25 12:52:53] crowsnest: INFO: Detect available Devices
[10/13/25 12:52:53] crowsnest: ERROR: No usable Devices Found. Stopping crowsnest.
[10/13/25 12:52:59] crowsnest: crowsnest - A webcam Service for multiple Cams and Stream Services.
[10/13/25 12:52:59] crowsnest: Version: v4.1.16-1-g059fa87
[10/13/25 12:52:59] crowsnest: Prepare Startup ...
[10/13/25 12:52:59] crowsnest: INFO: Host information:
[10/13/25 12:52:59] crowsnest: Host Info: Distribution: Armbian 25.8.1 bookworm
Armbian 25.8.1 bookworm
[10/13/25 12:52:59] crowsnest: Host Info: Kernel: Linux 6.6.66-vendor-sunxi64 aarch64
[10/13/25 12:52:59] crowsnest: Host Info: Available CPU Cores: 4
[10/13/25 12:52:59] crowsnest: Host Info: Available Memory: 940764 kB
[10/13/25 12:52:59] crowsnest: Host Info: Diskspace (avail. / total): 8.7G / 15G
[10/13/25 12:52:59] crowsnest: INFO: Checking Dependencies
[10/13/25 12:52:59] crowsnest: Dependency: 'crudini' found in /usr/bin/crudini.
[10/13/25 12:52:59] crowsnest: Dependency: 'find' found in /usr/bin/find.
[10/13/25 12:52:59] crowsnest: Dependency: 'xargs' found in /usr/bin/xargs.
[10/13/25 12:52:59] crowsnest: Dependency: 'ustreamer' found in bin/ustreamer/src/ustreamer.bin.
[10/13/25 12:53:00] crowsnest: Version Control: ustreamer is up to date. (v6.10)
[10/13/25 12:53:00] crowsnest: INFO: Print Configfile: '/home/biqu/printer_data/config/crowsnest.conf'
[10/13/25 12:53:00] crowsnest:		[crowsnest]
[10/13/25 12:53:00] crowsnest:		log_path: /home/biqu/printer_data/logs/crowsnest.log
[10/13/25 12:53:00] crowsnest:		log_level: verbose
[10/13/25 12:53:00] crowsnest:		delete_log: false
[10/13/25 12:53:00] crowsnest:		no_proxy: false
[10/13/25 12:53:00] crowsnest:		
[10/13/25 12:53:00] crowsnest:		[cam 1]
[10/13/25 12:53:00] crowsnest:		mode: ustreamer
[10/13/25 12:53:00] crowsnest:		
[10/13/25 12:53:00] crowsnest:		enable_rtsp: false
[10/13/25 12:53:00] crowsnest:		rtsp_port: 8554
[10/13/25 12:53:00] crowsnest:		port: 8080
[10/13/25 12:53:00] crowsnest:		device: /dev/video0
[10/13/25 12:53:00] crowsnest:		resolution: 1920x1080
[10/13/25 12:53:00] crowsnest:		max_fps: 15
[10/13/25 12:53:00] crowsnest: INFO: Detect available Devices
[10/13/25 12:53:00] crowsnest: ERROR: No usable Devices Found. Stopping crowsnest.
[10/13/25 12:53:06] crowsnest: crowsnest - A webcam Service for multiple Cams and Stream Services.
[10/13/25 12:53:06] crowsnest: Version: v4.1.16-1-g059fa87
[10/13/25 12:53:06] crowsnest: Prepare Startup ...
[10/13/25 12:53:06] crowsnest: INFO: Host information:
[10/13/25 12:53:06] crowsnest: Host Info: Distribution: Armbian 25.8.1 bookworm
Armbian 25.8.1 bookworm
[10/13/25 12:53:06] crowsnest: Host Info: Kernel: Linux 6.6.66-vendor-sunxi64 aarch64
[10/13/25 12:53:06] crowsnest: Host Info: Available CPU Cores: 4
[10/13/25 12:53:06] crowsnest: Host Info: Available Memory: 940764 kB
[10/13/25 12:53:06] crowsnest: Host Info: Diskspace (avail. / total): 8.7G / 15G
[10/13/25 12:53:06] crowsnest: INFO: Checking Dependencies
[10/13/25 12:53:06] crowsnest: Dependency: 'crudini' found in /usr/bin/crudini.
[10/13/25 12:53:06] crowsnest: Dependency: 'find' found in /usr/bin/find.
[10/13/25 12:53:06] crowsnest: Dependency: 'xargs' found in /usr/bin/xargs.
[10/13/25 12:53:06] crowsnest: Dependency: 'ustreamer' found in bin/ustreamer/src/ustreamer.bin.
[10/13/25 12:53:06] crowsnest: Version Control: ustreamer is up to date. (v6.10)
[10/13/25 12:53:06] crowsnest: INFO: Print Configfile: '/home/biqu/printer_data/config/crowsnest.conf'
[10/13/25 12:53:06] crowsnest:		[crowsnest]
[10/13/25 12:53:06] crowsnest:		log_path: /home/biqu/printer_data/logs/crowsnest.log
[10/13/25 12:53:06] crowsnest:		log_level: verbose
[10/13/25 12:53:06] crowsnest:		delete_log: false
[10/13/25 12:53:06] crowsnest:		no_proxy: false
[10/13/25 12:53:06] crowsnest:		
[10/13/25 12:53:06] crowsnest:		[cam 1]
[10/13/25 12:53:06] crowsnest:		mode: ustreamer
[10/13/25 12:53:06] crowsnest:		
[10/13/25 12:53:06] crowsnest:		enable_rtsp: false
[10/13/25 12:53:06] crowsnest:		rtsp_port: 8554
[10/13/25 12:53:06] crowsnest:		port: 8080
[10/13/25 12:53:06] crowsnest:		device: /dev/video0
[10/13/25 12:53:06] crowsnest:		resolution: 1920x1080
[10/13/25 12:53:06] crowsnest:		max_fps: 15
[10/13/25 12:53:06] crowsnest: INFO: Detect available Devices
[10/13/25 12:53:06] crowsnest: ERROR: No usable Devices Found. Stopping crowsnest.
[10/13/25 12:53:12] crowsnest: crowsnest - A webcam Service for multiple Cams and Stream Services.
[10/13/25 12:53:12] crowsnest: Version: v4.1.16-1-g059fa87
[10/13/25 12:53:12] crowsnest: Prepare Startup ...
[10/13/25 12:53:12] crowsnest: INFO: Host information:
[10/13/25 12:53:12] crowsnest: Host Info: Distribution: Armbian 25.8.1 bookworm
Armbian 25.8.1 bookworm
[10/13/25 12:53:12] crowsnest: Host Info: Kernel: Linux 6.6.66-vendor-sunxi64 aarch64
[10/13/25 12:53:12] crowsnest: Host Info: Available CPU Cores: 4
[10/13/25 12:53:12] crowsnest: Host Info: Available Memory: 940764 kB
[10/13/25 12:53:12] crowsnest: Host Info: Diskspace (avail. / total): 8.7G / 15G
[10/13/25 12:53:12] crowsnest: INFO: Checking Dependencies
[10/13/25 12:53:12] crowsnest: Dependency: 'crudini' found in /usr/bin/crudini.
[10/13/25 12:53:12] crowsnest: Dependency: 'find' found in /usr/bin/find.
[10/13/25 12:53:12] crowsnest: Dependency: 'xargs' found in /usr/bin/xargs.
[10/13/25 12:53:12] crowsnest: Dependency: 'ustreamer' found in bin/ustreamer/src/ustreamer.bin.
[10/13/25 12:53:12] crowsnest: Version Control: ustreamer is up to date. (v6.10)
[10/13/25 12:53:12] crowsnest: INFO: Print Configfile: '/home/biqu/printer_data/config/crowsnest.conf'
[10/13/25 12:53:12] crowsnest:		[crowsnest]
[10/13/25 12:53:12] crowsnest:		log_path: /home/biqu/printer_data/logs/crowsnest.log
[10/13/25 12:53:12] crowsnest:		log_level: verbose
[10/13/25 12:53:12] crowsnest:		delete_log: false
[10/13/25 12:53:12] crowsnest:		no_proxy: false
[10/13/25 12:53:12] crowsnest:		
[10/13/25 12:53:12] crowsnest:		[cam 1]
[10/13/25 12:53:12] crowsnest:		mode: ustreamer
[10/13/25 12:53:12] crowsnest:		
[10/13/25 12:53:12] crowsnest:		enable_rtsp: false
[10/13/25 12:53:12] crowsnest:		rtsp_port: 8554
[10/13/25 12:53:12] crowsnest:		port: 8080
[10/13/25 12:53:12] crowsnest:		device: /dev/video0
[10/13/25 12:53:12] crowsnest:		resolution: 1920x1080
[10/13/25 12:53:12] crowsnest:		max_fps: 15
[10/13/25 12:53:12] crowsnest: INFO: Detect available Devices
[10/13/25 12:53:12] crowsnest: ERROR: No usable Devices Found. Stopping crowsnest.
[10/14/25 06:17:21] crowsnest: crowsnest - A webcam Service for multiple Cams and Stream Services.
[10/14/25 07:54:40] crowsnest: Version: v4.1.16-1-g059fa87
[10/14/25 07:54:40] crowsnest: Prepare Startup ...
[10/14/25 07:54:40] crowsnest: INFO: Host information:
[10/14/25 07:54:40] crowsnest: Host Info: Distribution: Armbian 25.8.1 bookworm
Armbian 25.8.1 bookworm
[10/14/25 07:54:40] crowsnest: Host Info: Kernel: Linux 6.6.66-vendor-sunxi64 aarch64
[10/14/25 07:54:40] crowsnest: Host Info: Available CPU Cores: 4
[10/14/25 07:54:40] crowsnest: Host Info: Available Memory: 940764 kB
[10/14/25 07:54:40] crowsnest: Host Info: Diskspace (avail. / total): 8.7G / 15G
[10/14/25 07:54:40] crowsnest: INFO: Checking Dependencies
[10/14/25 07:54:43] crowsnest: Dependency: 'crudini' found in /usr/bin/crudini.
[10/14/25 07:54:43] crowsnest: Dependency: 'find' found in /usr/bin/find.
[10/14/25 07:54:43] crowsnest: Dependency: 'xargs' found in /usr/bin/xargs.
[10/14/25 07:54:43] crowsnest: Dependency: 'ustreamer' found in bin/ustreamer/src/ustreamer.bin.
[10/14/25 07:54:43] crowsnest: Version Control: ustreamer is up to date. (v6.10)
[10/14/25 07:54:43] crowsnest: INFO: Print Configfile: '/home/biqu/printer_data/config/crowsnest.conf'
[10/14/25 07:54:43] crowsnest:		[crowsnest]
[10/14/25 07:54:43] crowsnest:		log_path: /home/biqu/printer_data/logs/crowsnest.log
[10/14/25 07:54:43] crowsnest:		log_level: verbose
[10/14/25 07:54:43] crowsnest:		delete_log: false
[10/14/25 07:54:43] crowsnest:		no_proxy: false
[10/14/25 07:54:43] crowsnest:		
[10/14/25 07:54:43] crowsnest:		[cam 1]
[10/14/25 07:54:43] crowsnest:		mode: ustreamer
[10/14/25 07:54:43] crowsnest:		
[10/14/25 07:54:43] crowsnest:		enable_rtsp: false
[10/14/25 07:54:43] crowsnest:		rtsp_port: 8554
[10/14/25 07:54:43] crowsnest:		port: 8080
[10/14/25 07:54:43] crowsnest:		device: /dev/video0
[10/14/25 07:54:43] crowsnest:		resolution: 1920x1080
[10/14/25 07:54:43] crowsnest:		max_fps: 15
[10/14/25 07:54:43] crowsnest: INFO: Detect available Devices
[10/14/25 07:54:43] crowsnest: ERROR: No usable Devices Found. Stopping crowsnest.
[10/14/25 07:54:50] crowsnest: crowsnest - A webcam Service for multiple Cams and Stream Services.
[10/14/25 07:54:50] crowsnest: Version: v4.1.16-1-g059fa87
[10/14/25 07:54:50] crowsnest: Prepare Startup ...
[10/14/25 07:54:50] crowsnest: INFO: Host information:
[10/14/25 07:54:50] crowsnest: Host Info: Distribution: Armbian 25.8.1 bookworm
Armbian 25.8.1 bookworm
[10/14/25 07:54:50] crowsnest: Host Info: Kernel: Linux 6.6.66-vendor-sunxi64 aarch64
[10/14/25 07:54:50] crowsnest: Host Info: Available CPU Cores: 4
[10/14/25 07:54:50] crowsnest: Host Info: Available Memory: 940764 kB
[10/14/25 07:54:50] crowsnest: Host Info: Diskspace (avail. / total): 8.7G / 15G
[10/14/25 07:54:50] crowsnest: INFO: Checking Dependencies
[10/14/25 07:54:50] crowsnest: Dependency: 'crudini' found in /usr/bin/crudini.
[10/14/25 07:54:50] crowsnest: Dependency: 'find' found in /usr/bin/find.
[10/14/25 07:54:50] crowsnest: Dependency: 'xargs' found in /usr/bin/xargs.
[10/14/25 07:54:50] crowsnest: Dependency: 'ustreamer' found in bin/ustreamer/src/ustreamer.bin.
[10/14/25 07:54:50] crowsnest: Version Control: ustreamer is up to date. (v6.10)
[10/14/25 07:54:50] crowsnest: INFO: Print Configfile: '/home/biqu/printer_data/config/crowsnest.conf'
[10/14/25 07:54:50] crowsnest:		[crowsnest]
[10/14/25 07:54:50] crowsnest:		log_path: /home/biqu/printer_data/logs/crowsnest.log
[10/14/25 07:54:50] crowsnest:		log_level: verbose
[10/14/25 07:54:50] crowsnest:		delete_log: false
[10/14/25 07:54:50] crowsnest:		no_proxy: false
[10/14/25 07:54:50] crowsnest:		
[10/14/25 07:54:50] crowsnest:		[cam 1]
[10/14/25 07:54:50] crowsnest:		mode: ustreamer
[10/14/25 07:54:50] crowsnest:		
[10/14/25 07:54:50] crowsnest:		enable_rtsp: false
[10/14/25 07:54:50] crowsnest:		rtsp_port: 8554
[10/14/25 07:54:50] crowsnest:		port: 8080
[10/14/25 07:54:50] crowsnest:		device: /dev/video0
[10/14/25 07:54:50] crowsnest:		resolution: 1920x1080
[10/14/25 07:54:50] crowsnest:		max_fps: 15
[10/14/25 07:54:50] crowsnest: INFO: Detect available Devices
[10/14/25 07:54:50] crowsnest: ERROR: No usable Devices Found. Stopping crowsnest.
[10/14/25 07:54:56] crowsnest: crowsnest - A webcam Service for multiple Cams and Stream Services.
[10/14/25 07:54:56] crowsnest: Version: v4.1.16-1-g059fa87
[10/14/25 07:54:56] crowsnest: Prepare Startup ...
[10/14/25 07:54:56] crowsnest: INFO: Host information:
[10/14/25 07:54:56] crowsnest: Host Info: Distribution: Armbian 25.8.1 bookworm
Armbian 25.8.1 bookworm
[10/14/25 07:54:56] crowsnest: Host Info: Kernel: Linux 6.6.66-vendor-sunxi64 aarch64
[10/14/25 07:54:56] crowsnest: Host Info: Available CPU Cores: 4
[10/14/25 07:54:56] crowsnest: Host Info: Available Memory: 940764 kB
[10/14/25 07:54:56] crowsnest: Host Info: Diskspace (avail. / total): 8.7G / 15G
[10/14/25 07:54:56] crowsnest: INFO: Checking Dependencies
[10/14/25 07:54:56] crowsnest: Dependency: 'crudini' found in /usr/bin/crudini.
[10/14/25 07:54:56] crowsnest: Dependency: 'find' found in /usr/bin/find.
[10/14/25 07:54:57] crowsnest: Dependency: 'xargs' found in /usr/bin/xargs.
[10/14/25 07:54:57] crowsnest: Dependency: 'ustreamer' found in bin/ustreamer/src/ustreamer.bin.
[10/14/25 07:54:57] crowsnest: Version Control: ustreamer is up to date. (v6.10)
[10/14/25 07:54:57] crowsnest: INFO: Print Configfile: '/home/biqu/printer_data/config/crowsnest.conf'
[10/14/25 07:54:57] crowsnest:		[crowsnest]
[10/14/25 07:54:57] crowsnest:		log_path: /home/biqu/printer_data/logs/crowsnest.log
[10/14/25 07:54:57] crowsnest:		log_level: verbose
[10/14/25 07:54:57] crowsnest:		delete_log: false
[10/14/25 07:54:57] crowsnest:		no_proxy: false
[10/14/25 07:54:57] crowsnest:		
[10/14/25 07:54:57] crowsnest:		[cam 1]
[10/14/25 07:54:57] crowsnest:		mode: ustreamer
[10/14/25 07:54:57] crowsnest:		
[10/14/25 07:54:57] crowsnest:		enable_rtsp: false
[10/14/25 07:54:57] crowsnest:		rtsp_port: 8554
[10/14/25 07:54:57] crowsnest:		port: 8080
[10/14/25 07:54:57] crowsnest:		device: /dev/video0
[10/14/25 07:54:57] crowsnest:		resolution: 1920x1080
[10/14/25 07:54:57] crowsnest:		max_fps: 15
[10/14/25 07:54:57] crowsnest: INFO: Detect available Devices
[10/14/25 07:54:57] crowsnest: ERROR: No usable Devices Found. Stopping crowsnest.
[10/14/25 07:55:03] crowsnest: crowsnest - A webcam Service for multiple Cams and Stream Services.
[10/14/25 07:55:03] crowsnest: Version: v4.1.16-1-g059fa87
[10/14/25 07:55:03] crowsnest: Prepare Startup ...
[10/14/25 07:55:03] crowsnest: INFO: Host information:
[10/14/25 07:55:03] crowsnest: Host Info: Distribution: Armbian 25.8.1 bookworm
Armbian 25.8.1 bookworm
[10/14/25 07:55:03] crowsnest: Host Info: Kernel: Linux 6.6.66-vendor-sunxi64 aarch64
[10/14/25 07:55:03] crowsnest: Host Info: Available CPU Cores: 4
[10/14/25 07:55:03] crowsnest: Host Info: Available Memory: 940764 kB
[10/14/25 07:55:03] crowsnest: Host Info: Diskspace (avail. / total): 8.7G / 15G
[10/14/25 07:55:03] crowsnest: INFO: Checking Dependencies
[10/14/25 07:55:03] crowsnest: Dependency: 'crudini' found in /usr/bin/crudini.
[10/14/25 07:55:03] crowsnest: Dependency: 'find' found in /usr/bin/find.
[10/14/25 07:55:03] crowsnest: Dependency: 'xargs' found in /usr/bin/xargs.
[10/14/25 07:55:03] crowsnest: Dependency: 'ustreamer' found in bin/ustreamer/src/ustreamer.bin.
[10/14/25 07:55:03] crowsnest: Version Control: ustreamer is up to date. (v6.10)
[10/14/25 07:55:03] crowsnest: INFO: Print Configfile: '/home/biqu/printer_data/config/crowsnest.conf'
[10/14/25 07:55:03] crowsnest:		[crowsnest]
[10/14/25 07:55:03] crowsnest:		log_path: /home/biqu/printer_data/logs/crowsnest.log
[10/14/25 07:55:03] crowsnest:		log_level: verbose
[10/14/25 07:55:03] crowsnest:		delete_log: false
[10/14/25 07:55:03] crowsnest:		no_proxy: false
[10/14/25 07:55:03] crowsnest:		
[10/14/25 07:55:03] crowsnest:		[cam 1]
[10/14/25 07:55:03] crowsnest:		mode: ustreamer
[10/14/25 07:55:03] crowsnest:		
[10/14/25 07:55:03] crowsnest:		enable_rtsp: false
[10/14/25 07:55:03] crowsnest:		rtsp_port: 8554
[10/14/25 07:55:03] crowsnest:		port: 8080
[10/14/25 07:55:03] crowsnest:		device: /dev/video0
[10/14/25 07:55:03] crowsnest:		resolution: 1920x1080
[10/14/25 07:55:03] crowsnest:		max_fps: 15
[10/14/25 07:55:03] crowsnest: INFO: Detect available Devices
[10/14/25 07:55:03] crowsnest: ERROR: No usable Devices Found. Stopping crowsnest.
[10/14/25 07:55:09] crowsnest: crowsnest - A webcam Service for multiple Cams and Stream Services.
[10/14/25 07:55:09] crowsnest: Version: v4.1.16-1-g059fa87
[10/14/25 07:55:09] crowsnest: Prepare Startup ...
[10/14/25 07:55:09] crowsnest: INFO: Host information:
[10/14/25 07:55:09] crowsnest: Host Info: Distribution: Armbian 25.8.1 bookworm
Armbian 25.8.1 bookworm
[10/14/25 07:55:09] crowsnest: Host Info: Kernel: Linux 6.6.66-vendor-sunxi64 aarch64
[10/14/25 07:55:09] crowsnest: Host Info: Available CPU Cores: 4
[10/14/25 07:55:09] crowsnest: Host Info: Available Memory: 940764 kB
[10/14/25 07:55:09] crowsnest: Host Info: Diskspace (avail. / total): 8.7G / 15G
[10/14/25 07:55:09] crowsnest: INFO: Checking Dependencies
[10/14/25 07:55:09] crowsnest: Dependency: 'crudini' found in /usr/bin/crudini.
[10/14/25 07:55:09] crowsnest: Dependency: 'find' found in /usr/bin/find.
[10/14/25 07:55:09] crowsnest: Dependency: 'xargs' found in /usr/bin/xargs.
[10/14/25 07:55:09] crowsnest: Dependency: 'ustreamer' found in bin/ustreamer/src/ustreamer.bin.
[10/14/25 07:55:09] crowsnest: Version Control: ustreamer is up to date. (v6.10)
[10/14/25 07:55:10] crowsnest: INFO: Print Configfile: '/home/biqu/printer_data/config/crowsnest.conf'
[10/14/25 07:55:10] crowsnest:		[crowsnest]
[10/14/25 07:55:10] crowsnest:		log_path: /home/biqu/printer_data/logs/crowsnest.log
[10/14/25 07:55:10] crowsnest:		log_level: verbose
[10/14/25 07:55:10] crowsnest:		delete_log: false
[10/14/25 07:55:10] crowsnest:		no_proxy: false
[10/14/25 07:55:10] crowsnest:		
[10/14/25 07:55:10] crowsnest:		[cam 1]
[10/14/25 07:55:10] crowsnest:		mode: ustreamer
[10/14/25 07:55:10] crowsnest:		
[10/14/25 07:55:10] crowsnest:		enable_rtsp: false
[10/14/25 07:55:10] crowsnest:		rtsp_port: 8554
[10/14/25 07:55:10] crowsnest:		port: 8080
[10/14/25 07:55:10] crowsnest:		device: /dev/video0
[10/14/25 07:55:10] crowsnest:		resolution: 1920x1080
[10/14/25 07:55:10] crowsnest:		max_fps: 15
[10/14/25 07:55:10] crowsnest: INFO: Detect available Devices
[10/14/25 07:55:10] crowsnest: ERROR: No usable Devices Found. Stopping crowsnest.
[10/14/25 07:55:16] crowsnest: crowsnest - A webcam Service for multiple Cams and Stream Services.
[10/14/25 07:55:16] crowsnest: Version: v4.1.16-1-g059fa87
[10/14/25 07:55:16] crowsnest: Prepare Startup ...
[10/14/25 07:55:16] crowsnest: INFO: Host information:
[10/14/25 07:55:16] crowsnest: Host Info: Distribution: Armbian 25.8.1 bookworm
Armbian 25.8.1 bookworm
[10/14/25 07:55:16] crowsnest: Host Info: Kernel: Linux 6.6.66-vendor-sunxi64 aarch64
[10/14/25 07:55:16] crowsnest: Host Info: Available CPU Cores: 4
[10/14/25 07:55:16] crowsnest: Host Info: Available Memory: 940764 kB
[10/14/25 07:55:16] crowsnest: Host Info: Diskspace (avail. / total): 8.7G / 15G
[10/14/25 07:55:16] crowsnest: INFO: Checking Dependencies
[10/14/25 07:55:16] crowsnest: Dependency: 'crudini' found in /usr/bin/crudini.
[10/14/25 07:55:16] crowsnest: Dependency: 'find' found in /usr/bin/find.
[10/14/25 07:55:16] crowsnest: Dependency: 'xargs' found in /usr/bin/xargs.
[10/14/25 07:55:16] crowsnest: Dependency: 'ustreamer' found in bin/ustreamer/src/ustreamer.bin.
[10/14/25 07:55:16] crowsnest: Version Control: ustreamer is up to date. (v6.10)
[10/14/25 07:55:16] crowsnest: INFO: Print Configfile: '/home/biqu/printer_data/config/crowsnest.conf'
[10/14/25 07:55:16] crowsnest:		[crowsnest]
[10/14/25 07:55:16] crowsnest:		log_path: /home/biqu/printer_data/logs/crowsnest.log
[10/14/25 07:55:16] crowsnest:		log_level: verbose
[10/14/25 07:55:16] crowsnest:		delete_log: false
[10/14/25 07:55:16] crowsnest:		no_proxy: false
[10/14/25 07:55:16] crowsnest:		
[10/14/25 07:55:16] crowsnest:		[cam 1]
[10/14/25 07:55:16] crowsnest:		mode: ustreamer
[10/14/25 07:55:16] crowsnest:		
[10/14/25 07:55:16] crowsnest:		enable_rtsp: false
[10/14/25 07:55:16] crowsnest:		rtsp_port: 8554
[10/14/25 07:55:16] crowsnest:		port: 8080
[10/14/25 07:55:16] crowsnest:		device: /dev/video0
[10/14/25 07:55:16] crowsnest:		resolution: 1920x1080
[10/14/25 07:55:16] crowsnest:		max_fps: 15
[10/14/25 07:55:16] crowsnest: INFO: Detect available Devices
[10/14/25 07:55:16] crowsnest: ERROR: No usable Devices Found. Stopping crowsnest.
[10/14/25 07:55:22] crowsnest: crowsnest - A webcam Service for multiple Cams and Stream Services.
[10/14/25 07:55:22] crowsnest: Version: v4.1.16-1-g059fa87
[10/14/25 07:55:22] crowsnest: Prepare Startup ...
[10/14/25 07:55:22] crowsnest: INFO: Host information:
[10/14/25 07:55:22] crowsnest: Host Info: Distribution: Armbian 25.8.1 bookworm
Armbian 25.8.1 bookworm
[10/14/25 07:55:22] crowsnest: Host Info: Kernel: Linux 6.6.66-vendor-sunxi64 aarch64
[10/14/25 07:55:22] crowsnest: Host Info: Available CPU Cores: 4
[10/14/25 07:55:22] crowsnest: Host Info: Available Memory: 940764 kB
[10/14/25 07:55:22] crowsnest: Host Info: Diskspace (avail. / total): 8.7G / 15G
[10/14/25 07:55:22] crowsnest: INFO: Checking Dependencies
[10/14/25 07:55:22] crowsnest: Dependency: 'crudini' found in /usr/bin/crudini.
[10/14/25 07:55:22] crowsnest: Dependency: 'find' found in /usr/bin/find.
[10/14/25 07:55:22] crowsnest: Dependency: 'xargs' found in /usr/bin/xargs.
[10/14/25 07:55:22] crowsnest: Dependency: 'ustreamer' found in bin/ustreamer/src/ustreamer.bin.
[10/14/25 07:55:22] crowsnest: Version Control: ustreamer is up to date. (v6.10)
[10/14/25 07:55:22] crowsnest: INFO: Print Configfile: '/home/biqu/printer_data/config/crowsnest.conf'
[10/14/25 07:55:22] crowsnest:		[crowsnest]
[10/14/25 07:55:22] crowsnest:		log_path: /home/biqu/printer_data/logs/crowsnest.log
[10/14/25 07:55:22] crowsnest:		log_level: verbose
[10/14/25 07:55:22] crowsnest:		delete_log: false
[10/14/25 07:55:22] crowsnest:		no_proxy: false
[10/14/25 07:55:22] crowsnest:		
[10/14/25 07:55:22] crowsnest:		[cam 1]
[10/14/25 07:55:22] crowsnest:		mode: ustreamer
[10/14/25 07:55:22] crowsnest:		
[10/14/25 07:55:22] crowsnest:		enable_rtsp: false
[10/14/25 07:55:22] crowsnest:		rtsp_port: 8554
[10/14/25 07:55:22] crowsnest:		port: 8080
[10/14/25 07:55:22] crowsnest:		device: /dev/video0
[10/14/25 07:55:22] crowsnest:		resolution: 1920x1080
[10/14/25 07:55:22] crowsnest:		max_fps: 15
[10/14/25 07:55:22] crowsnest: INFO: Detect available Devices
[10/14/25 07:55:22] crowsnest: ERROR: No usable Devices Found. Stopping crowsnest.
[10/14/25 07:55:29] crowsnest: crowsnest - A webcam Service for multiple Cams and Stream Services.
[10/14/25 07:55:29] crowsnest: Version: v4.1.16-1-g059fa87
[10/14/25 07:55:29] crowsnest: Prepare Startup ...
[10/14/25 07:55:29] crowsnest: INFO: Host information:
[10/14/25 07:55:29] crowsnest: Host Info: Distribution: Armbian 25.8.1 bookworm
Armbian 25.8.1 bookworm
[10/14/25 07:55:29] crowsnest: Host Info: Kernel: Linux 6.6.66-vendor-sunxi64 aarch64
[10/14/25 07:55:29] crowsnest: Host Info: Available CPU Cores: 4
[10/14/25 07:55:29] crowsnest: Host Info: Available Memory: 940764 kB
[10/14/25 07:55:29] crowsnest: Host Info: Diskspace (avail. / total): 8.7G / 15G
[10/14/25 07:55:29] crowsnest: INFO: Checking Dependencies
[10/14/25 07:55:29] crowsnest: Dependency: 'crudini' found in /usr/bin/crudini.
[10/14/25 07:55:29] crowsnest: Dependency: 'find' found in /usr/bin/find.
[10/14/25 07:55:29] crowsnest: Dependency: 'xargs' found in /usr/bin/xargs.
[10/14/25 07:55:29] crowsnest: Dependency: 'ustreamer' found in bin/ustreamer/src/ustreamer.bin.
[10/14/25 07:55:29] crowsnest: Version Control: ustreamer is up to date. (v6.10)
[10/14/25 07:55:29] crowsnest: INFO: Print Configfile: '/home/biqu/printer_data/config/crowsnest.conf'
[10/14/25 07:55:29] crowsnest:		[crowsnest]
[10/14/25 07:55:29] crowsnest:		log_path: /home/biqu/printer_data/logs/crowsnest.log
[10/14/25 07:55:29] crowsnest:		log_level: verbose
[10/14/25 07:55:29] crowsnest:		delete_log: false
[10/14/25 07:55:29] crowsnest:		no_proxy: false
[10/14/25 07:55:29] crowsnest:		
[10/14/25 07:55:29] crowsnest:		[cam 1]
[10/14/25 07:55:29] crowsnest:		mode: ustreamer
[10/14/25 07:55:29] crowsnest:		
[10/14/25 07:55:29] crowsnest:		enable_rtsp: false
[10/14/25 07:55:29] crowsnest:		rtsp_port: 8554
[10/14/25 07:55:29] crowsnest:		port: 8080
[10/14/25 07:55:29] crowsnest:		device: /dev/video0
[10/14/25 07:55:29] crowsnest:		resolution: 1920x1080
[10/14/25 07:55:29] crowsnest:		max_fps: 15
[10/14/25 07:55:29] crowsnest: INFO: Detect available Devices
[10/14/25 07:55:29] crowsnest: ERROR: No usable Devices Found. Stopping crowsnest.
[10/14/25 07:55:35] crowsnest: crowsnest - A webcam Service for multiple Cams and Stream Services.
[10/14/25 07:55:35] crowsnest: Version: v4.1.16-1-g059fa87
[10/14/25 07:55:35] crowsnest: Prepare Startup ...
[10/14/25 07:55:35] crowsnest: INFO: Host information:
[10/14/25 07:55:35] crowsnest: Host Info: Distribution: Armbian 25.8.1 bookworm
Armbian 25.8.1 bookworm
[10/14/25 07:55:35] crowsnest: Host Info: Kernel: Linux 6.6.66-vendor-sunxi64 aarch64
[10/14/25 07:55:35] crowsnest: Host Info: Available CPU Cores: 4
[10/14/25 07:55:35] crowsnest: Host Info: Available Memory: 940764 kB
[10/14/25 07:55:35] crowsnest: Host Info: Diskspace (avail. / total): 8.7G / 15G
[10/14/25 07:55:35] crowsnest: INFO: Checking Dependencies
[10/14/25 07:55:35] crowsnest: Dependency: 'crudini' found in /usr/bin/crudini.
[10/14/25 07:55:35] crowsnest: Dependency: 'find' found in /usr/bin/find.
[10/14/25 07:55:35] crowsnest: Dependency: 'xargs' found in /usr/bin/xargs.
[10/14/25 07:55:35] crowsnest: Dependency: 'ustreamer' found in bin/ustreamer/src/ustreamer.bin.
[10/14/25 07:55:35] crowsnest: Version Control: ustreamer is up to date. (v6.10)
[10/14/25 07:55:36] crowsnest: INFO: Print Configfile: '/home/biqu/printer_data/config/crowsnest.conf'
[10/14/25 07:55:36] crowsnest:		[crowsnest]
[10/14/25 07:55:36] crowsnest:		log_path: /home/biqu/printer_data/logs/crowsnest.log
[10/14/25 07:55:36] crowsnest:		log_level: verbose
[10/14/25 07:55:36] crowsnest:		delete_log: false
[10/14/25 07:55:36] crowsnest:		no_proxy: false
[10/14/25 07:55:36] crowsnest:		
[10/14/25 07:55:36] crowsnest:		[cam 1]
[10/14/25 07:55:36] crowsnest:		mode: ustreamer
[10/14/25 07:55:36] crowsnest:		
[10/14/25 07:55:36] crowsnest:		enable_rtsp: false
[10/14/25 07:55:36] crowsnest:		rtsp_port: 8554
[10/14/25 07:55:36] crowsnest:		port: 8080
[10/14/25 07:55:36] crowsnest:		device: /dev/video0
[10/14/25 07:55:36] crowsnest:		resolution: 1920x1080
[10/14/25 07:55:36] crowsnest:		max_fps: 15
[10/14/25 07:55:36] crowsnest: INFO: Detect available Devices
[10/14/25 07:55:36] crowsnest: ERROR: No usable Devices Found. Stopping crowsnest.
[10/14/25 07:55:42] crowsnest: crowsnest - A webcam Service for multiple Cams and Stream Services.
[10/14/25 07:55:42] crowsnest: Version: v4.1.16-1-g059fa87
[10/14/25 07:55:42] crowsnest: Prepare Startup ...
[10/14/25 07:55:42] crowsnest: INFO: Host information:
[10/14/25 07:55:42] crowsnest: Host Info: Distribution: Armbian 25.8.1 bookworm
Armbian 25.8.1 bookworm
[10/14/25 07:55:42] crowsnest: Host Info: Kernel: Linux 6.6.66-vendor-sunxi64 aarch64
[10/14/25 07:55:42] crowsnest: Host Info: Available CPU Cores: 4
[10/14/25 07:55:42] crowsnest: Host Info: Available Memory: 940764 kB
[10/14/25 07:55:42] crowsnest: Host Info: Diskspace (avail. / total): 8.7G / 15G
[10/14/25 07:55:42] crowsnest: INFO: Checking Dependencies
[10/14/25 07:55:42] crowsnest: Dependency: 'crudini' found in /usr/bin/crudini.
[10/14/25 07:55:42] crowsnest: Dependency: 'find' found in /usr/bin/find.
[10/14/25 07:55:42] crowsnest: Dependency: 'xargs' found in /usr/bin/xargs.
[10/14/25 07:55:42] crowsnest: Dependency: 'ustreamer' found in bin/ustreamer/src/ustreamer.bin.
[10/14/25 07:55:42] crowsnest: Version Control: ustreamer is up to date. (v6.10)
[10/14/25 07:55:42] crowsnest: INFO: Print Configfile: '/home/biqu/printer_data/config/crowsnest.conf'
[10/14/25 07:55:42] crowsnest:		[crowsnest]
[10/14/25 07:55:42] crowsnest:		log_path: /home/biqu/printer_data/logs/crowsnest.log
[10/14/25 07:55:42] crowsnest:		log_level: verbose
[10/14/25 07:55:42] crowsnest:		delete_log: false
[10/14/25 07:55:42] crowsnest:		no_proxy: false
[10/14/25 07:55:42] crowsnest:		
[10/14/25 07:55:42] crowsnest:		[cam 1]
[10/14/25 07:55:42] crowsnest:		mode: ustreamer
[10/14/25 07:55:42] crowsnest:		
[10/14/25 07:55:42] crowsnest:		enable_rtsp: false
[10/14/25 07:55:42] crowsnest:		rtsp_port: 8554
[10/14/25 07:55:42] crowsnest:		port: 8080
[10/14/25 07:55:42] crowsnest:		device: /dev/video0
[10/14/25 07:55:42] crowsnest:		resolution: 1920x1080
[10/14/25 07:55:42] crowsnest:		max_fps: 15
[10/14/25 07:55:42] crowsnest: INFO: Detect available Devices
[10/14/25 07:55:42] crowsnest: ERROR: No usable Devices Found. Stopping crowsnest.
[10/14/25 09:59:08] crowsnest: crowsnest - A webcam Service for multiple Cams and Stream Services.
[10/14/25 09:59:25] crowsnest: Version: v4.1.16-1-g059fa87
[10/14/25 09:59:25] crowsnest: Prepare Startup ...
[10/14/25 09:59:25] crowsnest: INFO: Host information:
[10/14/25 09:59:25] crowsnest: Host Info: Distribution: Armbian 25.8.1 bookworm
Armbian 25.8.1 bookworm
[10/14/25 09:59:25] crowsnest: Host Info: Kernel: Linux 6.6.66-vendor-sunxi64 aarch64
[10/14/25 09:59:25] crowsnest: Host Info: Available CPU Cores: 4
[10/14/25 09:59:25] crowsnest: Host Info: Available Memory: 940764 kB
[10/14/25 09:59:25] crowsnest: Host Info: Diskspace (avail. / total): 8.7G / 15G
[10/14/25 09:59:25] crowsnest: INFO: Checking Dependencies
[10/14/25 09:59:28] crowsnest: Dependency: 'crudini' found in /usr/bin/crudini.
[10/14/25 09:59:28] crowsnest: Dependency: 'find' found in /usr/bin/find.
[10/14/25 09:59:28] crowsnest: Dependency: 'xargs' found in /usr/bin/xargs.
[10/14/25 09:59:28] crowsnest: Dependency: 'ustreamer' found in bin/ustreamer/src/ustreamer.bin.
[10/14/25 09:59:28] crowsnest: Version Control: ustreamer is up to date. (v6.10)
[10/14/25 09:59:28] crowsnest: INFO: Print Configfile: '/home/biqu/printer_data/config/crowsnest.conf'
[10/14/25 09:59:28] crowsnest:		[crowsnest]
[10/14/25 09:59:28] crowsnest:		log_path: /home/biqu/printer_data/logs/crowsnest.log
[10/14/25 09:59:28] crowsnest:		log_level: verbose
[10/14/25 09:59:28] crowsnest:		delete_log: false
[10/14/25 09:59:28] crowsnest:		no_proxy: false
[10/14/25 09:59:28] crowsnest:		
[10/14/25 09:59:28] crowsnest:		[cam 1]
[10/14/25 09:59:28] crowsnest:		mode: ustreamer
[10/14/25 09:59:28] crowsnest:		
[10/14/25 09:59:28] crowsnest:		enable_rtsp: false
[10/14/25 09:59:28] crowsnest:		rtsp_port: 8554
[10/14/25 09:59:28] crowsnest:		port: 8080
[10/14/25 09:59:28] crowsnest:		device: /dev/video0
[10/14/25 09:59:28] crowsnest:		resolution: 1920x1080
[10/14/25 09:59:28] crowsnest:		max_fps: 15
[10/14/25 09:59:28] crowsnest: INFO: Detect available Devices
[10/14/25 09:59:28] crowsnest: ERROR: No usable Devices Found. Stopping crowsnest.
[10/14/25 09:59:34] crowsnest: crowsnest - A webcam Service for multiple Cams and Stream Services.
[10/14/25 09:59:35] crowsnest: Version: v4.1.16-1-g059fa87
[10/14/25 09:59:35] crowsnest: Prepare Startup ...
[10/14/25 09:59:35] crowsnest: INFO: Host information:
[10/14/25 09:59:35] crowsnest: Host Info: Distribution: Armbian 25.8.1 bookworm
Armbian 25.8.1 bookworm
[10/14/25 09:59:35] crowsnest: Host Info: Kernel: Linux 6.6.66-vendor-sunxi64 aarch64
[10/14/25 09:59:35] crowsnest: Host Info: Available CPU Cores: 4
[10/14/25 09:59:35] crowsnest: Host Info: Available Memory: 940764 kB
[10/14/25 09:59:35] crowsnest: Host Info: Diskspace (avail. / total): 8.7G / 15G
[10/14/25 09:59:35] crowsnest: INFO: Checking Dependencies
[10/14/25 09:59:35] crowsnest: Dependency: 'crudini' found in /usr/bin/crudini.
[10/14/25 09:59:35] crowsnest: Dependency: 'find' found in /usr/bin/find.
[10/14/25 09:59:35] crowsnest: Dependency: 'xargs' found in /usr/bin/xargs.
[10/14/25 09:59:35] crowsnest: Dependency: 'ustreamer' found in bin/ustreamer/src/ustreamer.bin.
[10/14/25 09:59:35] crowsnest: Version Control: ustreamer is up to date. (v6.10)
[10/14/25 09:59:35] crowsnest: INFO: Print Configfile: '/home/biqu/printer_data/config/crowsnest.conf'
[10/14/25 09:59:35] crowsnest:		[crowsnest]
[10/14/25 09:59:35] crowsnest:		log_path: /home/biqu/printer_data/logs/crowsnest.log
[10/14/25 09:59:35] crowsnest:		log_level: verbose
[10/14/25 09:59:35] crowsnest:		delete_log: false
[10/14/25 09:59:35] crowsnest:		no_proxy: false
[10/14/25 09:59:35] crowsnest:		
[10/14/25 09:59:35] crowsnest:		[cam 1]
[10/14/25 09:59:35] crowsnest:		mode: ustreamer
[10/14/25 09:59:35] crowsnest:		
[10/14/25 09:59:35] crowsnest:		enable_rtsp: false
[10/14/25 09:59:35] crowsnest:		rtsp_port: 8554
[10/14/25 09:59:35] crowsnest:		port: 8080
[10/14/25 09:59:35] crowsnest:		device: /dev/video0
[10/14/25 09:59:35] crowsnest:		resolution: 1920x1080
[10/14/25 09:59:35] crowsnest:		max_fps: 15
[10/14/25 09:59:35] crowsnest: INFO: Detect available Devices
[10/14/25 09:59:35] crowsnest: ERROR: No usable Devices Found. Stopping crowsnest.
[10/14/25 09:59:41] crowsnest: crowsnest - A webcam Service for multiple Cams and Stream Services.
[10/14/25 09:59:41] crowsnest: Version: v4.1.16-1-g059fa87
[10/14/25 09:59:41] crowsnest: Prepare Startup ...
[10/14/25 09:59:41] crowsnest: INFO: Host information:
[10/14/25 09:59:41] crowsnest: Host Info: Distribution: Armbian 25.8.1 bookworm
Armbian 25.8.1 bookworm
[10/14/25 09:59:41] crowsnest: Host Info: Kernel: Linux 6.6.66-vendor-sunxi64 aarch64
[10/14/25 09:59:41] crowsnest: Host Info: Available CPU Cores: 4
[10/14/25 09:59:41] crowsnest: Host Info: Available Memory: 940764 kB
[10/14/25 09:59:41] crowsnest: Host Info: Diskspace (avail. / total): 8.7G / 15G
[10/14/25 09:59:41] crowsnest: INFO: Checking Dependencies
[10/14/25 09:59:41] crowsnest: Dependency: 'crudini' found in /usr/bin/crudini.
[10/14/25 09:59:41] crowsnest: Dependency: 'find' found in /usr/bin/find.
[10/14/25 09:59:42] crowsnest: Dependency: 'xargs' found in /usr/bin/xargs.
[10/14/25 09:59:42] crowsnest: Dependency: 'ustreamer' found in bin/ustreamer/src/ustreamer.bin.
[10/14/25 09:59:42] crowsnest: Version Control: ustreamer is up to date. (v6.10)
[10/14/25 09:59:42] crowsnest: INFO: Print Configfile: '/home/biqu/printer_data/config/crowsnest.conf'
[10/14/25 09:59:42] crowsnest:		[crowsnest]
[10/14/25 09:59:42] crowsnest:		log_path: /home/biqu/printer_data/logs/crowsnest.log
[10/14/25 09:59:42] crowsnest:		log_level: verbose
[10/14/25 09:59:42] crowsnest:		delete_log: false
[10/14/25 09:59:42] crowsnest:		no_proxy: false
[10/14/25 09:59:42] crowsnest:		
[10/14/25 09:59:42] crowsnest:		[cam 1]
[10/14/25 09:59:42] crowsnest:		mode: ustreamer
[10/14/25 09:59:42] crowsnest:		
[10/14/25 09:59:42] crowsnest:		enable_rtsp: false
[10/14/25 09:59:42] crowsnest:		rtsp_port: 8554
[10/14/25 09:59:42] crowsnest:		port: 8080
[10/14/25 09:59:42] crowsnest:		device: /dev/video0
[10/14/25 09:59:42] crowsnest:		resolution: 1920x1080
[10/14/25 09:59:42] crowsnest:		max_fps: 15
[10/14/25 09:59:42] crowsnest: INFO: Detect available Devices
[10/14/25 09:59:42] crowsnest: ERROR: No usable Devices Found. Stopping crowsnest.
[10/14/25 09:59:48] crowsnest: crowsnest - A webcam Service for multiple Cams and Stream Services.
[10/14/25 09:59:48] crowsnest: Version: v4.1.16-1-g059fa87
[10/14/25 09:59:48] crowsnest: Prepare Startup ...
[10/14/25 09:59:48] crowsnest: INFO: Host information:
[10/14/25 09:59:48] crowsnest: Host Info: Distribution: Armbian 25.8.1 bookworm
Armbian 25.8.1 bookworm
[10/14/25 09:59:48] crowsnest: Host Info: Kernel: Linux 6.6.66-vendor-sunxi64 aarch64
[10/14/25 09:59:48] crowsnest: Host Info: Available CPU Cores: 4
[10/14/25 09:59:48] crowsnest: Host Info: Available Memory: 940764 kB
[10/14/25 09:59:48] crowsnest: Host Info: Diskspace (avail. / total): 8.7G / 15G
[10/14/25 09:59:48] crowsnest: INFO: Checking Dependencies
[10/14/25 09:59:48] crowsnest: Dependency: 'crudini' found in /usr/bin/crudini.
[10/14/25 09:59:48] crowsnest: Dependency: 'find' found in /usr/bin/find.
[10/14/25 09:59:48] crowsnest: Dependency: 'xargs' found in /usr/bin/xargs.
[10/14/25 09:59:48] crowsnest: Dependency: 'ustreamer' found in bin/ustreamer/src/ustreamer.bin.
[10/14/25 09:59:48] crowsnest: Version Control: ustreamer is up to date. (v6.10)
[10/14/25 09:59:48] crowsnest: INFO: Print Configfile: '/home/biqu/printer_data/config/crowsnest.conf'
[10/14/25 09:59:48] crowsnest:		[crowsnest]
[10/14/25 09:59:48] crowsnest:		log_path: /home/biqu/printer_data/logs/crowsnest.log
[10/14/25 09:59:48] crowsnest:		log_level: verbose
[10/14/25 09:59:48] crowsnest:		delete_log: false
[10/14/25 09:59:48] crowsnest:		no_proxy: false
[10/14/25 09:59:48] crowsnest:		
[10/14/25 09:59:48] crowsnest:		[cam 1]
[10/14/25 09:59:48] crowsnest:		mode: ustreamer
[10/14/25 09:59:48] crowsnest:		
[10/14/25 09:59:48] crowsnest:		enable_rtsp: false
[10/14/25 09:59:48] crowsnest:		rtsp_port: 8554
[10/14/25 09:59:48] crowsnest:		port: 8080
[10/14/25 09:59:48] crowsnest:		device: /dev/video0
[10/14/25 09:59:48] crowsnest:		resolution: 1920x1080
[10/14/25 09:59:48] crowsnest:		max_fps: 15
[10/14/25 09:59:48] crowsnest: INFO: Detect available Devices
[10/14/25 09:59:48] crowsnest: ERROR: No usable Devices Found. Stopping crowsnest.
[10/14/25 09:59:54] crowsnest: crowsnest - A webcam Service for multiple Cams and Stream Services.
[10/14/25 09:59:54] crowsnest: Version: v4.1.16-1-g059fa87
[10/14/25 09:59:54] crowsnest: Prepare Startup ...
[10/14/25 09:59:55] crowsnest: INFO: Host information:
[10/14/25 09:59:55] crowsnest: Host Info: Distribution: Armbian 25.8.1 bookworm
Armbian 25.8.1 bookworm
[10/14/25 09:59:55] crowsnest: Host Info: Kernel: Linux 6.6.66-vendor-sunxi64 aarch64
[10/14/25 09:59:55] crowsnest: Host Info: Available CPU Cores: 4
[10/14/25 09:59:55] crowsnest: Host Info: Available Memory: 940764 kB
[10/14/25 09:59:55] crowsnest: Host Info: Diskspace (avail. / total): 8.7G / 15G
[10/14/25 09:59:55] crowsnest: INFO: Checking Dependencies
[10/14/25 09:59:55] crowsnest: Dependency: 'crudini' found in /usr/bin/crudini.
[10/14/25 09:59:55] crowsnest: Dependency: 'find' found in /usr/bin/find.
[10/14/25 09:59:55] crowsnest: Dependency: 'xargs' found in /usr/bin/xargs.
[10/14/25 09:59:55] crowsnest: Dependency: 'ustreamer' found in bin/ustreamer/src/ustreamer.bin.
[10/14/25 09:59:55] crowsnest: Version Control: ustreamer is up to date. (v6.10)
[10/14/25 09:59:55] crowsnest: INFO: Print Configfile: '/home/biqu/printer_data/config/crowsnest.conf'
[10/14/25 09:59:55] crowsnest:		[crowsnest]
[10/14/25 09:59:55] crowsnest:		log_path: /home/biqu/printer_data/logs/crowsnest.log
[10/14/25 09:59:55] crowsnest:		log_level: verbose
[10/14/25 09:59:55] crowsnest:		delete_log: false
[10/14/25 09:59:55] crowsnest:		no_proxy: false
[10/14/25 09:59:55] crowsnest:		
[10/14/25 09:59:55] crowsnest:		[cam 1]
[10/14/25 09:59:55] crowsnest:		mode: ustreamer
[10/14/25 09:59:55] crowsnest:		
[10/14/25 09:59:55] crowsnest:		enable_rtsp: false
[10/14/25 09:59:55] crowsnest:		rtsp_port: 8554
[10/14/25 09:59:55] crowsnest:		port: 8080
[10/14/25 09:59:55] crowsnest:		device: /dev/video0
[10/14/25 09:59:55] crowsnest:		resolution: 1920x1080
[10/14/25 09:59:55] crowsnest:		max_fps: 15
[10/14/25 09:59:55] crowsnest: INFO: Detect available Devices
[10/14/25 09:59:55] crowsnest: ERROR: No usable Devices Found. Stopping crowsnest.
[10/14/25 10:00:01] crowsnest: crowsnest - A webcam Service for multiple Cams and Stream Services.
[10/14/25 10:00:01] crowsnest: Version: v4.1.16-1-g059fa87
[10/14/25 10:00:01] crowsnest: Prepare Startup ...
[10/14/25 10:00:01] crowsnest: INFO: Host information:
[10/14/25 10:00:01] crowsnest: Host Info: Distribution: Armbian 25.8.1 bookworm
Armbian 25.8.1 bookworm
[10/14/25 10:00:01] crowsnest: Host Info: Kernel: Linux 6.6.66-vendor-sunxi64 aarch64
[10/14/25 10:00:01] crowsnest: Host Info: Available CPU Cores: 4
[10/14/25 10:00:01] crowsnest: Host Info: Available Memory: 940764 kB
[10/14/25 10:00:01] crowsnest: Host Info: Diskspace (avail. / total): 8.7G / 15G
[10/14/25 10:00:01] crowsnest: INFO: Checking Dependencies
[10/14/25 10:00:01] crowsnest: Dependency: 'crudini' found in /usr/bin/crudini.
[10/14/25 10:00:01] crowsnest: Dependency: 'find' found in /usr/bin/find.
[10/14/25 10:00:01] crowsnest: Dependency: 'xargs' found in /usr/bin/xargs.
[10/14/25 10:00:01] crowsnest: Dependency: 'ustreamer' found in bin/ustreamer/src/ustreamer.bin.
[10/14/25 10:00:01] crowsnest: Version Control: ustreamer is up to date. (v6.10)
[10/14/25 10:00:01] crowsnest: INFO: Print Configfile: '/home/biqu/printer_data/config/crowsnest.conf'
[10/14/25 10:00:01] crowsnest:		[crowsnest]
[10/14/25 10:00:01] crowsnest:		log_path: /home/biqu/printer_data/logs/crowsnest.log
[10/14/25 10:00:01] crowsnest:		log_level: verbose
[10/14/25 10:00:01] crowsnest:		delete_log: false
[10/14/25 10:00:01] crowsnest:		no_proxy: false
[10/14/25 10:00:01] crowsnest:		
[10/14/25 10:00:01] crowsnest:		[cam 1]
[10/14/25 10:00:01] crowsnest:		mode: ustreamer
[10/14/25 10:00:01] crowsnest:		
[10/14/25 10:00:01] crowsnest:		enable_rtsp: false
[10/14/25 10:00:01] crowsnest:		rtsp_port: 8554
[10/14/25 10:00:01] crowsnest:		port: 8080
[10/14/25 10:00:01] crowsnest:		device: /dev/video0
[10/14/25 10:00:01] crowsnest:		resolution: 1920x1080
[10/14/25 10:00:01] crowsnest:		max_fps: 15
[10/14/25 10:00:01] crowsnest: INFO: Detect available Devices
[10/14/25 10:00:01] crowsnest: ERROR: No usable Devices Found. Stopping crowsnest.
[10/14/25 10:00:07] crowsnest: crowsnest - A webcam Service for multiple Cams and Stream Services.
[10/14/25 10:00:07] crowsnest: Version: v4.1.16-1-g059fa87
[10/14/25 10:00:07] crowsnest: Prepare Startup ...
[10/14/25 10:00:07] crowsnest: INFO: Host information:
[10/14/25 10:00:08] crowsnest: Host Info: Distribution: Armbian 25.8.1 bookworm
Armbian 25.8.1 bookworm
[10/14/25 10:00:08] crowsnest: Host Info: Kernel: Linux 6.6.66-vendor-sunxi64 aarch64
[10/14/25 10:00:08] crowsnest: Host Info: Available CPU Cores: 4
[10/14/25 10:00:08] crowsnest: Host Info: Available Memory: 940764 kB
[10/14/25 10:00:08] crowsnest: Host Info: Diskspace (avail. / total): 8.7G / 15G
[10/14/25 10:00:08] crowsnest: INFO: Checking Dependencies
[10/14/25 10:00:08] crowsnest: Dependency: 'crudini' found in /usr/bin/crudini.
[10/14/25 10:00:08] crowsnest: Dependency: 'find' found in /usr/bin/find.
[10/14/25 10:00:08] crowsnest: Dependency: 'xargs' found in /usr/bin/xargs.
[10/14/25 10:00:08] crowsnest: Dependency: 'ustreamer' found in bin/ustreamer/src/ustreamer.bin.
[10/14/25 10:00:08] crowsnest: Version Control: ustreamer is up to date. (v6.10)
[10/14/25 10:00:08] crowsnest: INFO: Print Configfile: '/home/biqu/printer_data/config/crowsnest.conf'
[10/14/25 10:00:08] crowsnest:		[crowsnest]
[10/14/25 10:00:08] crowsnest:		log_path: /home/biqu/printer_data/logs/crowsnest.log
[10/14/25 10:00:08] crowsnest:		log_level: verbose
[10/14/25 10:00:08] crowsnest:		delete_log: false
[10/14/25 10:00:08] crowsnest:		no_proxy: false
[10/14/25 10:00:08] crowsnest:		
[10/14/25 10:00:08] crowsnest:		[cam 1]
[10/14/25 10:00:08] crowsnest:		mode: ustreamer
[10/14/25 10:00:08] crowsnest:		
[10/14/25 10:00:08] crowsnest:		enable_rtsp: false
[10/14/25 10:00:08] crowsnest:		rtsp_port: 8554
[10/14/25 10:00:08] crowsnest:		port: 8080
[10/14/25 10:00:08] crowsnest:		device: /dev/video0
[10/14/25 10:00:08] crowsnest:		resolution: 1920x1080
[10/14/25 10:00:08] crowsnest:		max_fps: 15
[10/14/25 10:00:08] crowsnest: INFO: Detect available Devices
[10/14/25 10:00:08] crowsnest: ERROR: No usable Devices Found. Stopping crowsnest.
[10/14/25 10:00:14] crowsnest: crowsnest - A webcam Service for multiple Cams and Stream Services.
[10/14/25 10:00:14] crowsnest: Version: v4.1.16-1-g059fa87
[10/14/25 10:00:14] crowsnest: Prepare Startup ...
[10/14/25 10:00:14] crowsnest: INFO: Host information:
[10/14/25 10:00:14] crowsnest: Host Info: Distribution: Armbian 25.8.1 bookworm
Armbian 25.8.1 bookworm
[10/14/25 10:00:14] crowsnest: Host Info: Kernel: Linux 6.6.66-vendor-sunxi64 aarch64
[10/14/25 10:00:14] crowsnest: Host Info: Available CPU Cores: 4
[10/14/25 10:00:14] crowsnest: Host Info: Available Memory: 940764 kB
[10/14/25 10:00:14] crowsnest: Host Info: Diskspace (avail. / total): 8.7G / 15G
[10/14/25 10:00:14] crowsnest: INFO: Checking Dependencies
[10/14/25 10:00:14] crowsnest: Dependency: 'crudini' found in /usr/bin/crudini.
[10/14/25 10:00:14] crowsnest: Dependency: 'find' found in /usr/bin/find.
[10/14/25 10:00:14] crowsnest: Dependency: 'xargs' found in /usr/bin/xargs.
[10/14/25 10:00:14] crowsnest: Dependency: 'ustreamer' found in bin/ustreamer/src/ustreamer.bin.
[10/14/25 10:00:14] crowsnest: Version Control: ustreamer is up to date. (v6.10)
[10/14/25 10:00:14] crowsnest: INFO: Print Configfile: '/home/biqu/printer_data/config/crowsnest.conf'
[10/14/25 10:00:14] crowsnest:		[crowsnest]
[10/14/25 10:00:14] crowsnest:		log_path: /home/biqu/printer_data/logs/crowsnest.log
[10/14/25 10:00:14] crowsnest:		log_level: verbose
[10/14/25 10:00:14] crowsnest:		delete_log: false
[10/14/25 10:00:14] crowsnest:		no_proxy: false
[10/14/25 10:00:14] crowsnest:		
[10/14/25 10:00:14] crowsnest:		[cam 1]
[10/14/25 10:00:14] crowsnest:		mode: ustreamer
[10/14/25 10:00:14] crowsnest:		
[10/14/25 10:00:14] crowsnest:		enable_rtsp: false
[10/14/25 10:00:14] crowsnest:		rtsp_port: 8554
[10/14/25 10:00:14] crowsnest:		port: 8080
[10/14/25 10:00:14] crowsnest:		device: /dev/video0
[10/14/25 10:00:14] crowsnest:		resolution: 1920x1080
[10/14/25 10:00:14] crowsnest:		max_fps: 15
[10/14/25 10:00:14] crowsnest: INFO: Detect available Devices
[10/14/25 10:00:14] crowsnest: ERROR: No usable Devices Found. Stopping crowsnest.
[10/14/25 10:00:21] crowsnest: crowsnest - A webcam Service for multiple Cams and Stream Services.
[10/14/25 10:00:21] crowsnest: Version: v4.1.16-1-g059fa87
[10/14/25 10:00:21] crowsnest: Prepare Startup ...
[10/14/25 10:00:21] crowsnest: INFO: Host information:
[10/14/25 10:00:21] crowsnest: Host Info: Distribution: Armbian 25.8.1 bookworm
Armbian 25.8.1 bookworm
[10/14/25 10:00:21] crowsnest: Host Info: Kernel: Linux 6.6.66-vendor-sunxi64 aarch64
[10/14/25 10:00:21] crowsnest: Host Info: Available CPU Cores: 4
[10/14/25 10:00:21] crowsnest: Host Info: Available Memory: 940764 kB
[10/14/25 10:00:21] crowsnest: Host Info: Diskspace (avail. / total): 8.7G / 15G
[10/14/25 10:00:21] crowsnest: INFO: Checking Dependencies
[10/14/25 10:00:21] crowsnest: Dependency: 'crudini' found in /usr/bin/crudini.
[10/14/25 10:00:21] crowsnest: Dependency: 'find' found in /usr/bin/find.
[10/14/25 10:00:21] crowsnest: Dependency: 'xargs' found in /usr/bin/xargs.
[10/14/25 10:00:21] crowsnest: Dependency: 'ustreamer' found in bin/ustreamer/src/ustreamer.bin.
[10/14/25 10:00:21] crowsnest: Version Control: ustreamer is up to date. (v6.10)
[10/14/25 10:00:21] crowsnest: INFO: Print Configfile: '/home/biqu/printer_data/config/crowsnest.conf'
[10/14/25 10:00:21] crowsnest:		[crowsnest]
[10/14/25 10:00:21] crowsnest:		log_path: /home/biqu/printer_data/logs/crowsnest.log
[10/14/25 10:00:21] crowsnest:		log_level: verbose
[10/14/25 10:00:21] crowsnest:		delete_log: false
[10/14/25 10:00:21] crowsnest:		no_proxy: false
[10/14/25 10:00:21] crowsnest:		
[10/14/25 10:00:21] crowsnest:		[cam 1]
[10/14/25 10:00:21] crowsnest:		mode: ustreamer
[10/14/25 10:00:21] crowsnest:		
[10/14/25 10:00:21] crowsnest:		enable_rtsp: false
[10/14/25 10:00:21] crowsnest:		rtsp_port: 8554
[10/14/25 10:00:21] crowsnest:		port: 8080
[10/14/25 10:00:21] crowsnest:		device: /dev/video0
[10/14/25 10:00:21] crowsnest:		resolution: 1920x1080
[10/14/25 10:00:21] crowsnest:		max_fps: 15
[10/14/25 10:00:21] crowsnest: INFO: Detect available Devices
[10/14/25 10:00:21] crowsnest: ERROR: No usable Devices Found. Stopping crowsnest.
[10/14/25 10:00:27] crowsnest: crowsnest - A webcam Service for multiple Cams and Stream Services.
[10/14/25 10:00:27] crowsnest: Version: v4.1.16-1-g059fa87
[10/14/25 10:00:27] crowsnest: Prepare Startup ...
[10/14/25 10:00:27] crowsnest: INFO: Host information:
[10/14/25 10:00:27] crowsnest: Host Info: Distribution: Armbian 25.8.1 bookworm
Armbian 25.8.1 bookworm
[10/14/25 10:00:27] crowsnest: Host Info: Kernel: Linux 6.6.66-vendor-sunxi64 aarch64
[10/14/25 10:00:27] crowsnest: Host Info: Available CPU Cores: 4
[10/14/25 10:00:27] crowsnest: Host Info: Available Memory: 940764 kB
[10/14/25 10:00:27] crowsnest: Host Info: Diskspace (avail. / total): 8.7G / 15G
[10/14/25 10:00:27] crowsnest: INFO: Checking Dependencies
[10/14/25 10:00:27] crowsnest: Dependency: 'crudini' found in /usr/bin/crudini.
[10/14/25 10:00:27] crowsnest: Dependency: 'find' found in /usr/bin/find.
[10/14/25 10:00:27] crowsnest: Dependency: 'xargs' found in /usr/bin/xargs.
[10/14/25 10:00:27] crowsnest: Dependency: 'ustreamer' found in bin/ustreamer/src/ustreamer.bin.
[10/14/25 10:00:27] crowsnest: Version Control: ustreamer is up to date. (v6.10)
[10/14/25 10:00:27] crowsnest: INFO: Print Configfile: '/home/biqu/printer_data/config/crowsnest.conf'
[10/14/25 10:00:27] crowsnest:		[crowsnest]
[10/14/25 10:00:27] crowsnest:		log_path: /home/biqu/printer_data/logs/crowsnest.log
[10/14/25 10:00:27] crowsnest:		log_level: verbose
[10/14/25 10:00:27] crowsnest:		delete_log: false
[10/14/25 10:00:27] crowsnest:		no_proxy: false
[10/14/25 10:00:27] crowsnest:		
[10/14/25 10:00:27] crowsnest:		[cam 1]
[10/14/25 10:00:27] crowsnest:		mode: ustreamer
[10/14/25 10:00:27] crowsnest:		
[10/14/25 10:00:27] crowsnest:		enable_rtsp: false
[10/14/25 10:00:27] crowsnest:		rtsp_port: 8554
[10/14/25 10:00:27] crowsnest:		port: 8080
[10/14/25 10:00:27] crowsnest:		device: /dev/video0
[10/14/25 10:00:27] crowsnest:		resolution: 1920x1080
[10/14/25 10:00:27] crowsnest:		max_fps: 15
[10/14/25 10:00:27] crowsnest: INFO: Detect available Devices
[10/14/25 10:00:27] crowsnest: ERROR: No usable Devices Found. Stopping crowsnest.
[10/15/25 13:18:11] crowsnest: crowsnest - A webcam Service for multiple Cams and Stream Services.
[10/15/25 13:18:13] crowsnest: Version: v4.1.16-1-g059fa87
[10/15/25 13:18:13] crowsnest: Prepare Startup ...
[10/15/25 13:18:13] crowsnest: INFO: Host information:
[10/15/25 13:18:13] crowsnest: Host Info: Distribution: Armbian 25.8.1 bookworm
Armbian 25.8.1 bookworm
[10/15/25 13:18:13] crowsnest: Host Info: Kernel: Linux 6.6.66-vendor-sunxi64 aarch64
[10/15/25 13:18:13] crowsnest: Host Info: Available CPU Cores: 4
[10/15/25 13:18:13] crowsnest: Host Info: Available Memory: 940764 kB
[10/15/25 13:18:13] crowsnest: Host Info: Diskspace (avail. / total): 8.7G / 15G
[10/15/25 13:18:13] crowsnest: INFO: Checking Dependencies
[10/15/25 13:18:16] crowsnest: Dependency: 'crudini' found in /usr/bin/crudini.
[10/15/25 13:18:16] crowsnest: Dependency: 'find' found in /usr/bin/find.
[10/15/25 13:18:16] crowsnest: Dependency: 'xargs' found in /usr/bin/xargs.
[10/15/25 13:18:16] crowsnest: Dependency: 'ustreamer' found in bin/ustreamer/src/ustreamer.bin.
[10/15/25 13:18:16] crowsnest: Version Control: ustreamer is up to date. (v6.10)
[10/15/25 13:18:16] crowsnest: INFO: Print Configfile: '/home/biqu/printer_data/config/crowsnest.conf'
[10/15/25 13:18:16] crowsnest:		[crowsnest]
[10/15/25 13:18:16] crowsnest:		log_path: /home/biqu/printer_data/logs/crowsnest.log
[10/15/25 13:18:16] crowsnest:		log_level: verbose
[10/15/25 13:18:16] crowsnest:		delete_log: false
[10/15/25 13:18:16] crowsnest:		no_proxy: false
[10/15/25 13:18:16] crowsnest:		
[10/15/25 13:18:16] crowsnest:		[cam 1]
[10/15/25 13:18:16] crowsnest:		mode: ustreamer
[10/15/25 13:18:16] crowsnest:		
[10/15/25 13:18:16] crowsnest:		enable_rtsp: false
[10/15/25 13:18:16] crowsnest:		rtsp_port: 8554
[10/15/25 13:18:16] crowsnest:		port: 8080
[10/15/25 13:18:16] crowsnest:		device: /dev/video0
[10/15/25 13:18:16] crowsnest:		resolution: 1920x1080
[10/15/25 13:18:16] crowsnest:		max_fps: 15
[10/15/25 13:18:16] crowsnest: INFO: Detect available Devices
[10/15/25 13:18:16] crowsnest: ERROR: No usable Devices Found. Stopping crowsnest.
[10/15/25 13:18:22] crowsnest: crowsnest - A webcam Service for multiple Cams and Stream Services.
[10/15/25 13:18:22] crowsnest: Version: v4.1.16-1-g059fa87
[10/15/25 13:18:22] crowsnest: Prepare Startup ...
[10/15/25 13:18:22] crowsnest: INFO: Host information:
[10/15/25 13:18:22] crowsnest: Host Info: Distribution: Armbian 25.8.1 bookworm
Armbian 25.8.1 bookworm
[10/15/25 13:18:22] crowsnest: Host Info: Kernel: Linux 6.6.66-vendor-sunxi64 aarch64
[10/15/25 13:18:22] crowsnest: Host Info: Available CPU Cores: 4
[10/15/25 13:18:22] crowsnest: Host Info: Available Memory: 940764 kB
[10/15/25 13:18:22] crowsnest: Host Info: Diskspace (avail. / total): 8.7G / 15G
[10/15/25 13:18:22] crowsnest: INFO: Checking Dependencies
[10/15/25 13:18:22] crowsnest: Dependency: 'crudini' found in /usr/bin/crudini.
[10/15/25 13:18:23] crowsnest: Dependency: 'find' found in /usr/bin/find.
[10/15/25 13:18:23] crowsnest: Dependency: 'xargs' found in /usr/bin/xargs.
[10/15/25 13:18:23] crowsnest: Dependency: 'ustreamer' found in bin/ustreamer/src/ustreamer.bin.
[10/15/25 13:18:23] crowsnest: Version Control: ustreamer is up to date. (v6.10)
[10/15/25 13:18:23] crowsnest: INFO: Print Configfile: '/home/biqu/printer_data/config/crowsnest.conf'
[10/15/25 13:18:23] crowsnest:		[crowsnest]
[10/15/25 13:18:23] crowsnest:		log_path: /home/biqu/printer_data/logs/crowsnest.log
[10/15/25 13:18:23] crowsnest:		log_level: verbose
[10/15/25 13:18:23] crowsnest:		delete_log: false
[10/15/25 13:18:23] crowsnest:		no_proxy: false
[10/15/25 13:18:23] crowsnest:		
[10/15/25 13:18:23] crowsnest:		[cam 1]
[10/15/25 13:18:23] crowsnest:		mode: ustreamer
[10/15/25 13:18:23] crowsnest:		
[10/15/25 13:18:23] crowsnest:		enable_rtsp: false
[10/15/25 13:18:23] crowsnest:		rtsp_port: 8554
[10/15/25 13:18:23] crowsnest:		port: 8080
[10/15/25 13:18:23] crowsnest:		device: /dev/video0
[10/15/25 13:18:23] crowsnest:		resolution: 1920x1080
[10/15/25 13:18:23] crowsnest:		max_fps: 15
[10/15/25 13:18:23] crowsnest: INFO: Detect available Devices
[10/15/25 13:18:23] crowsnest: ERROR: No usable Devices Found. Stopping crowsnest.
[10/15/25 13:18:29] crowsnest: crowsnest - A webcam Service for multiple Cams and Stream Services.
[10/15/25 13:18:29] crowsnest: Version: v4.1.16-1-g059fa87
[10/15/25 13:18:29] crowsnest: Prepare Startup ...
[10/15/25 13:18:29] crowsnest: INFO: Host information:
[10/15/25 13:18:29] crowsnest: Host Info: Distribution: Armbian 25.8.1 bookworm
Armbian 25.8.1 bookworm
[10/15/25 13:18:29] crowsnest: Host Info: Kernel: Linux 6.6.66-vendor-sunxi64 aarch64
[10/15/25 13:18:29] crowsnest: Host Info: Available CPU Cores: 4
[10/15/25 13:18:29] crowsnest: Host Info: Available Memory: 940764 kB
[10/15/25 13:18:29] crowsnest: Host Info: Diskspace (avail. / total): 8.7G / 15G
[10/15/25 13:18:29] crowsnest: INFO: Checking Dependencies
[10/15/25 13:18:29] crowsnest: Dependency: 'crudini' found in /usr/bin/crudini.
[10/15/25 13:18:29] crowsnest: Dependency: 'find' found in /usr/bin/find.
[10/15/25 13:18:29] crowsnest: Dependency: 'xargs' found in /usr/bin/xargs.
[10/15/25 13:18:29] crowsnest: Dependency: 'ustreamer' found in bin/ustreamer/src/ustreamer.bin.
[10/15/25 13:18:29] crowsnest: Version Control: ustreamer is up to date. (v6.10)
[10/15/25 13:18:29] crowsnest: INFO: Print Configfile: '/home/biqu/printer_data/config/crowsnest.conf'
[10/15/25 13:18:29] crowsnest:		[crowsnest]
[10/15/25 13:18:29] crowsnest:		log_path: /home/biqu/printer_data/logs/crowsnest.log
[10/15/25 13:18:29] crowsnest:		log_level: verbose
[10/15/25 13:18:29] crowsnest:		delete_log: false
[10/15/25 13:18:29] crowsnest:		no_proxy: false
[10/15/25 13:18:29] crowsnest:		
[10/15/25 13:18:29] crowsnest:		[cam 1]
[10/15/25 13:18:29] crowsnest:		mode: ustreamer
[10/15/25 13:18:29] crowsnest:		
[10/15/25 13:18:29] crowsnest:		enable_rtsp: false
[10/15/25 13:18:29] crowsnest:		rtsp_port: 8554
[10/15/25 13:18:29] crowsnest:		port: 8080
[10/15/25 13:18:29] crowsnest:		device: /dev/video0
[10/15/25 13:18:29] crowsnest:		resolution: 1920x1080
[10/15/25 13:18:29] crowsnest:		max_fps: 15
[10/15/25 13:18:29] crowsnest: INFO: Detect available Devices
[10/15/25 13:18:29] crowsnest: ERROR: No usable Devices Found. Stopping crowsnest.
[10/15/25 13:18:35] crowsnest: crowsnest - A webcam Service for multiple Cams and Stream Services.
[10/15/25 13:18:35] crowsnest: Version: v4.1.16-1-g059fa87
[10/15/25 13:18:35] crowsnest: Prepare Startup ...
[10/15/25 13:18:35] crowsnest: INFO: Host information:
[10/15/25 13:18:35] crowsnest: Host Info: Distribution: Armbian 25.8.1 bookworm
Armbian 25.8.1 bookworm
[10/15/25 13:18:35] crowsnest: Host Info: Kernel: Linux 6.6.66-vendor-sunxi64 aarch64
[10/15/25 13:18:35] crowsnest: Host Info: Available CPU Cores: 4
[10/15/25 13:18:35] crowsnest: Host Info: Available Memory: 940764 kB
[10/15/25 13:18:35] crowsnest: Host Info: Diskspace (avail. / total): 8.7G / 15G
[10/15/25 13:18:35] crowsnest: INFO: Checking Dependencies
[10/15/25 13:18:36] crowsnest: Dependency: 'crudini' found in /usr/bin/crudini.
[10/15/25 13:18:36] crowsnest: Dependency: 'find' found in /usr/bin/find.
[10/15/25 13:18:36] crowsnest: Dependency: 'xargs' found in /usr/bin/xargs.
[10/15/25 13:18:36] crowsnest: Dependency: 'ustreamer' found in bin/ustreamer/src/ustreamer.bin.
[10/15/25 13:18:36] crowsnest: Version Control: ustreamer is up to date. (v6.10)
[10/15/25 13:18:36] crowsnest: INFO: Print Configfile: '/home/biqu/printer_data/config/crowsnest.conf'
[10/15/25 13:18:36] crowsnest:		[crowsnest]
[10/15/25 13:18:36] crowsnest:		log_path: /home/biqu/printer_data/logs/crowsnest.log
[10/15/25 13:18:36] crowsnest:		log_level: verbose
[10/15/25 13:18:36] crowsnest:		delete_log: false
[10/15/25 13:18:36] crowsnest:		no_proxy: false
[10/15/25 13:18:36] crowsnest:		
[10/15/25 13:18:36] crowsnest:		[cam 1]
[10/15/25 13:18:36] crowsnest:		mode: ustreamer
[10/15/25 13:18:36] crowsnest:		
[10/15/25 13:18:36] crowsnest:		enable_rtsp: false
[10/15/25 13:18:36] crowsnest:		rtsp_port: 8554
[10/15/25 13:18:36] crowsnest:		port: 8080
[10/15/25 13:18:36] crowsnest:		device: /dev/video0
[10/15/25 13:18:36] crowsnest:		resolution: 1920x1080
[10/15/25 13:18:36] crowsnest:		max_fps: 15
[10/15/25 13:18:36] crowsnest: INFO: Detect available Devices
[10/15/25 13:18:36] crowsnest: ERROR: No usable Devices Found. Stopping crowsnest.
[10/15/25 13:18:42] crowsnest: crowsnest - A webcam Service for multiple Cams and Stream Services.
[10/15/25 13:18:42] crowsnest: Version: v4.1.16-1-g059fa87
[10/15/25 13:18:42] crowsnest: Prepare Startup ...
[10/15/25 13:18:42] crowsnest: INFO: Host information:
[10/15/25 13:18:42] crowsnest: Host Info: Distribution: Armbian 25.8.1 bookworm
Armbian 25.8.1 bookworm
[10/15/25 13:18:42] crowsnest: Host Info: Kernel: Linux 6.6.66-vendor-sunxi64 aarch64
[10/15/25 13:18:42] crowsnest: Host Info: Available CPU Cores: 4
[10/15/25 13:18:42] crowsnest: Host Info: Available Memory: 940764 kB
[10/15/25 13:18:42] crowsnest: Host Info: Diskspace (avail. / total): 8.7G / 15G
[10/15/25 13:18:42] crowsnest: INFO: Checking Dependencies
[10/15/25 13:18:42] crowsnest: Dependency: 'crudini' found in /usr/bin/crudini.
[10/15/25 13:18:42] crowsnest: Dependency: 'find' found in /usr/bin/find.
[10/15/25 13:18:42] crowsnest: Dependency: 'xargs' found in /usr/bin/xargs.
[10/15/25 13:18:42] crowsnest: Dependency: 'ustreamer' found in bin/ustreamer/src/ustreamer.bin.
[10/15/25 13:18:42] crowsnest: Version Control: ustreamer is up to date. (v6.10)
[10/15/25 13:18:42] crowsnest: INFO: Print Configfile: '/home/biqu/printer_data/config/crowsnest.conf'
[10/15/25 13:18:42] crowsnest:		[crowsnest]
[10/15/25 13:18:42] crowsnest:		log_path: /home/biqu/printer_data/logs/crowsnest.log
[10/15/25 13:18:42] crowsnest:		log_level: verbose
[10/15/25 13:18:42] crowsnest:		delete_log: false
[10/15/25 13:18:42] crowsnest:		no_proxy: false
[10/15/25 13:18:42] crowsnest:		
[10/15/25 13:18:42] crowsnest:		[cam 1]
[10/15/25 13:18:42] crowsnest:		mode: ustreamer
[10/15/25 13:18:42] crowsnest:		
[10/15/25 13:18:42] crowsnest:		enable_rtsp: false
[10/15/25 13:18:42] crowsnest:		rtsp_port: 8554
[10/15/25 13:18:42] crowsnest:		port: 8080
[10/15/25 13:18:42] crowsnest:		device: /dev/video0
[10/15/25 13:18:42] crowsnest:		resolution: 1920x1080
[10/15/25 13:18:42] crowsnest:		max_fps: 15
[10/15/25 13:18:42] crowsnest: INFO: Detect available Devices
[10/15/25 13:18:42] crowsnest: ERROR: No usable Devices Found. Stopping crowsnest.
[10/15/25 13:18:48] crowsnest: crowsnest - A webcam Service for multiple Cams and Stream Services.
[10/15/25 13:18:48] crowsnest: Version: v4.1.16-1-g059fa87
[10/15/25 13:18:48] crowsnest: Prepare Startup ...
[10/15/25 13:18:48] crowsnest: INFO: Host information:
[10/15/25 13:18:48] crowsnest: Host Info: Distribution: Armbian 25.8.1 bookworm
Armbian 25.8.1 bookworm
[10/15/25 13:18:49] crowsnest: Host Info: Kernel: Linux 6.6.66-vendor-sunxi64 aarch64
[10/15/25 13:18:49] crowsnest: Host Info: Available CPU Cores: 4
[10/15/25 13:18:49] crowsnest: Host Info: Available Memory: 940764 kB
[10/15/25 13:18:49] crowsnest: Host Info: Diskspace (avail. / total): 8.7G / 15G
[10/15/25 13:18:49] crowsnest: INFO: Checking Dependencies
[10/15/25 13:18:49] crowsnest: Dependency: 'crudini' found in /usr/bin/crudini.
[10/15/25 13:18:49] crowsnest: Dependency: 'find' found in /usr/bin/find.
[10/15/25 13:18:49] crowsnest: Dependency: 'xargs' found in /usr/bin/xargs.
[10/15/25 13:18:49] crowsnest: Dependency: 'ustreamer' found in bin/ustreamer/src/ustreamer.bin.
[10/15/25 13:18:49] crowsnest: Version Control: ustreamer is up to date. (v6.10)
[10/15/25 13:18:49] crowsnest: INFO: Print Configfile: '/home/biqu/printer_data/config/crowsnest.conf'
[10/15/25 13:18:49] crowsnest:		[crowsnest]
[10/15/25 13:18:49] crowsnest:		log_path: /home/biqu/printer_data/logs/crowsnest.log
[10/15/25 13:18:49] crowsnest:		log_level: verbose
[10/15/25 13:18:49] crowsnest:		delete_log: false
[10/15/25 13:18:49] crowsnest:		no_proxy: false
[10/15/25 13:18:49] crowsnest:		
[10/15/25 13:18:49] crowsnest:		[cam 1]
[10/15/25 13:18:49] crowsnest:		mode: ustreamer
[10/15/25 13:18:49] crowsnest:		
[10/15/25 13:18:49] crowsnest:		enable_rtsp: false
[10/15/25 13:18:49] crowsnest:		rtsp_port: 8554
[10/15/25 13:18:49] crowsnest:		port: 8080
[10/15/25 13:18:49] crowsnest:		device: /dev/video0
[10/15/25 13:18:49] crowsnest:		resolution: 1920x1080
[10/15/25 13:18:49] crowsnest:		max_fps: 15
[10/15/25 13:18:49] crowsnest: INFO: Detect available Devices
[10/15/25 13:18:49] crowsnest: ERROR: No usable Devices Found. Stopping crowsnest.
[10/15/25 13:18:55] crowsnest: crowsnest - A webcam Service for multiple Cams and Stream Services.
[10/15/25 13:18:55] crowsnest: Version: v4.1.16-1-g059fa87
[10/15/25 13:18:55] crowsnest: Prepare Startup ...
[10/15/25 13:18:55] crowsnest: INFO: Host information:
[10/15/25 13:18:55] crowsnest: Host Info: Distribution: Armbian 25.8.1 bookworm
Armbian 25.8.1 bookworm
[10/15/25 13:18:55] crowsnest: Host Info: Kernel: Linux 6.6.66-vendor-sunxi64 aarch64
[10/15/25 13:18:55] crowsnest: Host Info: Available CPU Cores: 4
[10/15/25 13:18:55] crowsnest: Host Info: Available Memory: 940764 kB
[10/15/25 13:18:55] crowsnest: Host Info: Diskspace (avail. / total): 8.7G / 15G
[10/15/25 13:18:55] crowsnest: INFO: Checking Dependencies
[10/15/25 13:18:55] crowsnest: Dependency: 'crudini' found in /usr/bin/crudini.
[10/15/25 13:18:55] crowsnest: Dependency: 'find' found in /usr/bin/find.
[10/15/25 13:18:55] crowsnest: Dependency: 'xargs' found in /usr/bin/xargs.
[10/15/25 13:18:55] crowsnest: Dependency: 'ustreamer' found in bin/ustreamer/src/ustreamer.bin.
[10/15/25 13:18:55] crowsnest: Version Control: ustreamer is up to date. (v6.10)
[10/15/25 13:18:55] crowsnest: INFO: Print Configfile: '/home/biqu/printer_data/config/crowsnest.conf'
[10/15/25 13:18:55] crowsnest:		[crowsnest]
[10/15/25 13:18:55] crowsnest:		log_path: /home/biqu/printer_data/logs/crowsnest.log
[10/15/25 13:18:55] crowsnest:		log_level: verbose
[10/15/25 13:18:55] crowsnest:		delete_log: false
[10/15/25 13:18:55] crowsnest:		no_proxy: false
[10/15/25 13:18:55] crowsnest:		
[10/15/25 13:18:55] crowsnest:		[cam 1]
[10/15/25 13:18:55] crowsnest:		mode: ustreamer
[10/15/25 13:18:55] crowsnest:		
[10/15/25 13:18:55] crowsnest:		enable_rtsp: false
[10/15/25 13:18:55] crowsnest:		rtsp_port: 8554
[10/15/25 13:18:55] crowsnest:		port: 8080
[10/15/25 13:18:55] crowsnest:		device: /dev/video0
[10/15/25 13:18:55] crowsnest:		resolution: 1920x1080
[10/15/25 13:18:55] crowsnest:		max_fps: 15
[10/15/25 13:18:55] crowsnest: INFO: Detect available Devices
[10/15/25 13:18:55] crowsnest: ERROR: No usable Devices Found. Stopping crowsnest.
[10/15/25 13:19:02] crowsnest: crowsnest - A webcam Service for multiple Cams and Stream Services.
[10/15/25 13:19:02] crowsnest: Version: v4.1.16-1-g059fa87
[10/15/25 13:19:02] crowsnest: Prepare Startup ...
[10/15/25 13:19:02] crowsnest: INFO: Host information:
[10/15/25 13:19:02] crowsnest: Host Info: Distribution: Armbian 25.8.1 bookworm
Armbian 25.8.1 bookworm
[10/15/25 13:19:02] crowsnest: Host Info: Kernel: Linux 6.6.66-vendor-sunxi64 aarch64
[10/15/25 13:19:02] crowsnest: Host Info: Available CPU Cores: 4
[10/15/25 13:19:02] crowsnest: Host Info: Available Memory: 940764 kB
[10/15/25 13:19:02] crowsnest: Host Info: Diskspace (avail. / total): 8.7G / 15G
[10/15/25 13:19:02] crowsnest: INFO: Checking Dependencies
[10/15/25 13:19:02] crowsnest: Dependency: 'crudini' found in /usr/bin/crudini.
[10/15/25 13:19:02] crowsnest: Dependency: 'find' found in /usr/bin/find.
[10/15/25 13:19:02] crowsnest: Dependency: 'xargs' found in /usr/bin/xargs.
[10/15/25 13:19:02] crowsnest: Dependency: 'ustreamer' found in bin/ustreamer/src/ustreamer.bin.
[10/15/25 13:19:02] crowsnest: Version Control: ustreamer is up to date. (v6.10)
[10/15/25 13:19:02] crowsnest: INFO: Print Configfile: '/home/biqu/printer_data/config/crowsnest.conf'
[10/15/25 13:19:02] crowsnest:		[crowsnest]
[10/15/25 13:19:02] crowsnest:		log_path: /home/biqu/printer_data/logs/crowsnest.log
[10/15/25 13:19:02] crowsnest:		log_level: verbose
[10/15/25 13:19:02] crowsnest:		delete_log: false
[10/15/25 13:19:02] crowsnest:		no_proxy: false
[10/15/25 13:19:02] crowsnest:		
[10/15/25 13:19:02] crowsnest:		[cam 1]
[10/15/25 13:19:02] crowsnest:		mode: ustreamer
[10/15/25 13:19:02] crowsnest:		
[10/15/25 13:19:02] crowsnest:		enable_rtsp: false
[10/15/25 13:19:02] crowsnest:		rtsp_port: 8554
[10/15/25 13:19:02] crowsnest:		port: 8080
[10/15/25 13:19:02] crowsnest:		device: /dev/video0
[10/15/25 13:19:02] crowsnest:		resolution: 1920x1080
[10/15/25 13:19:02] crowsnest:		max_fps: 15
[10/15/25 13:19:02] crowsnest: INFO: Detect available Devices
[10/15/25 13:19:02] crowsnest: ERROR: No usable Devices Found. Stopping crowsnest.
[10/15/25 13:19:08] crowsnest: crowsnest - A webcam Service for multiple Cams and Stream Services.
[10/15/25 13:19:08] crowsnest: Version: v4.1.16-1-g059fa87
[10/15/25 13:19:08] crowsnest: Prepare Startup ...
[10/15/25 13:19:08] crowsnest: INFO: Host information:
[10/15/25 13:19:08] crowsnest: Host Info: Distribution: Armbian 25.8.1 bookworm
Armbian 25.8.1 bookworm
[10/15/25 13:19:08] crowsnest: Host Info: Kernel: Linux 6.6.66-vendor-sunxi64 aarch64
[10/15/25 13:19:08] crowsnest: Host Info: Available CPU Cores: 4
[10/15/25 13:19:08] crowsnest: Host Info: Available Memory: 940764 kB
[10/15/25 13:19:08] crowsnest: Host Info: Diskspace (avail. / total): 8.7G / 15G
[10/15/25 13:19:08] crowsnest: INFO: Checking Dependencies
[10/15/25 13:19:08] crowsnest: Dependency: 'crudini' found in /usr/bin/crudini.
[10/15/25 13:19:08] crowsnest: Dependency: 'find' found in /usr/bin/find.
[10/15/25 13:19:08] crowsnest: Dependency: 'xargs' found in /usr/bin/xargs.
[10/15/25 13:19:08] crowsnest: Dependency: 'ustreamer' found in bin/ustreamer/src/ustreamer.bin.
[10/15/25 13:19:09] crowsnest: Version Control: ustreamer is up to date. (v6.10)
[10/15/25 13:19:09] crowsnest: INFO: Print Configfile: '/home/biqu/printer_data/config/crowsnest.conf'
[10/15/25 13:19:09] crowsnest:		[crowsnest]
[10/15/25 13:19:09] crowsnest:		log_path: /home/biqu/printer_data/logs/crowsnest.log
[10/15/25 13:19:09] crowsnest:		log_level: verbose
[10/15/25 13:19:09] crowsnest:		delete_log: false
[10/15/25 13:19:09] crowsnest:		no_proxy: false
[10/15/25 13:19:09] crowsnest:		
[10/15/25 13:19:09] crowsnest:		[cam 1]
[10/15/25 13:19:09] crowsnest:		mode: ustreamer
[10/15/25 13:19:09] crowsnest:		
[10/15/25 13:19:09] crowsnest:		enable_rtsp: false
[10/15/25 13:19:09] crowsnest:		rtsp_port: 8554
[10/15/25 13:19:09] crowsnest:		port: 8080
[10/15/25 13:19:09] crowsnest:		device: /dev/video0
[10/15/25 13:19:09] crowsnest:		resolution: 1920x1080
[10/15/25 13:19:09] crowsnest:		max_fps: 15
[10/15/25 13:19:09] crowsnest: INFO: Detect available Devices
[10/15/25 13:19:09] crowsnest: ERROR: No usable Devices Found. Stopping crowsnest.
[10/15/25 13:19:15] crowsnest: crowsnest - A webcam Service for multiple Cams and Stream Services.
[10/15/25 13:19:15] crowsnest: Version: v4.1.16-1-g059fa87
[10/15/25 13:19:15] crowsnest: Prepare Startup ...
[10/15/25 13:19:15] crowsnest: INFO: Host information:
[10/15/25 13:19:15] crowsnest: Host Info: Distribution: Armbian 25.8.1 bookworm
Armbian 25.8.1 bookworm
[10/15/25 13:19:15] crowsnest: Host Info: Kernel: Linux 6.6.66-vendor-sunxi64 aarch64
[10/15/25 13:19:15] crowsnest: Host Info: Available CPU Cores: 4
[10/15/25 13:19:15] crowsnest: Host Info: Available Memory: 940764 kB
[10/15/25 13:19:15] crowsnest: Host Info: Diskspace (avail. / total): 8.7G / 15G
[10/15/25 13:19:15] crowsnest: INFO: Checking Dependencies
[10/15/25 13:19:15] crowsnest: Dependency: 'crudini' found in /usr/bin/crudini.
[10/15/25 13:19:15] crowsnest: Dependency: 'find' found in /usr/bin/find.
[10/15/25 13:19:15] crowsnest: Dependency: 'xargs' found in /usr/bin/xargs.
[10/15/25 13:19:15] crowsnest: Dependency: 'ustreamer' found in bin/ustreamer/src/ustreamer.bin.
[10/15/25 13:19:15] crowsnest: Version Control: ustreamer is up to date. (v6.10)
[10/15/25 13:19:15] crowsnest: INFO: Print Configfile: '/home/biqu/printer_data/config/crowsnest.conf'
[10/15/25 13:19:15] crowsnest:		[crowsnest]
[10/15/25 13:19:15] crowsnest:		log_path: /home/biqu/printer_data/logs/crowsnest.log
[10/15/25 13:19:15] crowsnest:		log_level: verbose
[10/15/25 13:19:15] crowsnest:		delete_log: false
[10/15/25 13:19:15] crowsnest:		no_proxy: false
[10/15/25 13:19:15] crowsnest:		
[10/15/25 13:19:15] crowsnest:		[cam 1]
[10/15/25 13:19:15] crowsnest:		mode: ustreamer
[10/15/25 13:19:15] crowsnest:		
[10/15/25 13:19:15] crowsnest:		enable_rtsp: false
[10/15/25 13:19:15] crowsnest:		rtsp_port: 8554
[10/15/25 13:19:15] crowsnest:		port: 8080
[10/15/25 13:19:15] crowsnest:		device: /dev/video0
[10/15/25 13:19:15] crowsnest:		resolution: 1920x1080
[10/15/25 13:19:15] crowsnest:		max_fps: 15
[10/15/25 13:19:15] crowsnest: INFO: Detect available Devices
[10/15/25 13:19:15] crowsnest: ERROR: No usable Devices Found. Stopping crowsnest.
[11/06/25 08:17:33] crowsnest: crowsnest - A webcam Service for multiple Cams and Stream Services.
[11/06/25 08:17:34] crowsnest: Version: v4.1.16-1-g059fa87
[11/06/25 08:17:34] crowsnest: Prepare Startup ...
[11/06/25 08:17:34] crowsnest: INFO: Host information:
[11/06/25 08:17:34] crowsnest: Host Info: Distribution: Armbian 25.8.1 bookworm
Armbian 25.8.1 bookworm
[11/06/25 08:17:34] crowsnest: Host Info: Kernel: Linux 6.6.66-vendor-sunxi64 aarch64
[11/06/25 08:17:34] crowsnest: Host Info: Available CPU Cores: 4
[11/06/25 08:17:34] crowsnest: Host Info: Available Memory: 940764 kB
[11/06/25 08:17:34] crowsnest: Host Info: Diskspace (avail. / total): 8.7G / 15G
[11/06/25 08:17:34] crowsnest: INFO: Checking Dependencies
[11/06/25 08:17:38] crowsnest: Dependency: 'crudini' found in /usr/bin/crudini.
[11/06/25 08:17:38] crowsnest: Dependency: 'find' found in /usr/bin/find.
[11/06/25 08:17:38] crowsnest: Dependency: 'xargs' found in /usr/bin/xargs.
[11/06/25 08:17:38] crowsnest: Dependency: 'ustreamer' found in bin/ustreamer/src/ustreamer.bin.
[11/06/25 08:17:38] crowsnest: Version Control: ustreamer is up to date. (v6.10)
[11/06/25 08:17:38] crowsnest: INFO: Print Configfile: '/home/biqu/printer_data/config/crowsnest.conf'
[11/06/25 08:17:38] crowsnest:		[crowsnest]
[11/06/25 08:17:38] crowsnest:		log_path: /home/biqu/printer_data/logs/crowsnest.log
[11/06/25 08:17:38] crowsnest:		log_level: verbose
[11/06/25 08:17:38] crowsnest:		delete_log: false
[11/06/25 08:17:38] crowsnest:		no_proxy: false
[11/06/25 08:17:38] crowsnest:		
[11/06/25 08:17:38] crowsnest:		[cam 1]
[11/06/25 08:17:38] crowsnest:		mode: ustreamer
[11/06/25 08:17:38] crowsnest:		
[11/06/25 08:17:38] crowsnest:		enable_rtsp: false
[11/06/25 08:17:38] crowsnest:		rtsp_port: 8554
[11/06/25 08:17:38] crowsnest:		port: 8080
[11/06/25 08:17:38] crowsnest:		device: /dev/video0
[11/06/25 08:17:38] crowsnest:		resolution: 1920x1080
[11/06/25 08:17:38] crowsnest:		max_fps: 15
[11/06/25 08:17:38] crowsnest: INFO: Detect available Devices
[11/06/25 08:17:38] crowsnest: ERROR: No usable Devices Found. Stopping crowsnest.
[11/06/25 08:17:45] crowsnest: crowsnest - A webcam Service for multiple Cams and Stream Services.
[11/06/25 08:17:45] crowsnest: Version: v4.1.16-1-g059fa87
[11/06/25 08:17:45] crowsnest: Prepare Startup ...
[11/06/25 08:17:45] crowsnest: INFO: Host information:
[11/06/25 08:17:45] crowsnest: Host Info: Distribution: Armbian 25.8.1 bookworm
Armbian 25.8.1 bookworm
[11/06/25 08:17:45] crowsnest: Host Info: Kernel: Linux 6.6.66-vendor-sunxi64 aarch64
[11/06/25 08:17:45] crowsnest: Host Info: Available CPU Cores: 4
[11/06/25 08:17:45] crowsnest: Host Info: Available Memory: 940764 kB
[11/06/25 08:17:45] crowsnest: Host Info: Diskspace (avail. / total): 8.7G / 15G
[11/06/25 08:17:45] crowsnest: INFO: Checking Dependencies
[11/06/25 08:17:45] crowsnest: Dependency: 'crudini' found in /usr/bin/crudini.
[11/06/25 08:17:45] crowsnest: Dependency: 'find' found in /usr/bin/find.
[11/06/25 08:17:45] crowsnest: Dependency: 'xargs' found in /usr/bin/xargs.
[11/06/25 08:17:45] crowsnest: Dependency: 'ustreamer' found in bin/ustreamer/src/ustreamer.bin.
[11/06/25 08:17:45] crowsnest: Version Control: ustreamer is up to date. (v6.10)
[11/06/25 08:17:45] crowsnest: INFO: Print Configfile: '/home/biqu/printer_data/config/crowsnest.conf'
[11/06/25 08:17:45] crowsnest:		[crowsnest]
[11/06/25 08:17:45] crowsnest:		log_path: /home/biqu/printer_data/logs/crowsnest.log
[11/06/25 08:17:45] crowsnest:		log_level: verbose
[11/06/25 08:17:45] crowsnest:		delete_log: false
[11/06/25 08:17:45] crowsnest:		no_proxy: false
[11/06/25 08:17:45] crowsnest:		
[11/06/25 08:17:45] crowsnest:		[cam 1]
[11/06/25 08:17:45] crowsnest:		mode: ustreamer
[11/06/25 08:17:45] crowsnest:		
[11/06/25 08:17:45] crowsnest:		enable_rtsp: false
[11/06/25 08:17:45] crowsnest:		rtsp_port: 8554
[11/06/25 08:17:45] crowsnest:		port: 8080
[11/06/25 08:17:45] crowsnest:		device: /dev/video0
[11/06/25 08:17:45] crowsnest:		resolution: 1920x1080
[11/06/25 08:17:45] crowsnest:		max_fps: 15
[11/06/25 08:17:45] crowsnest: INFO: Detect available Devices
[11/06/25 08:17:45] crowsnest: ERROR: No usable Devices Found. Stopping crowsnest.
[11/06/25 08:17:51] crowsnest: crowsnest - A webcam Service for multiple Cams and Stream Services.
[11/06/25 08:17:51] crowsnest: Version: v4.1.16-1-g059fa87
[11/06/25 08:17:51] crowsnest: Prepare Startup ...
[11/06/25 08:17:51] crowsnest: INFO: Host information:
[11/06/25 08:17:51] crowsnest: Host Info: Distribution: Armbian 25.8.1 bookworm
Armbian 25.8.1 bookworm
[11/06/25 08:17:51] crowsnest: Host Info: Kernel: Linux 6.6.66-vendor-sunxi64 aarch64
[11/06/25 08:17:51] crowsnest: Host Info: Available CPU Cores: 4
[11/06/25 08:17:51] crowsnest: Host Info: Available Memory: 940764 kB
[11/06/25 08:17:51] crowsnest: Host Info: Diskspace (avail. / total): 8.7G / 15G
[11/06/25 08:17:51] crowsnest: INFO: Checking Dependencies
[11/06/25 08:17:51] crowsnest: Dependency: 'crudini' found in /usr/bin/crudini.
[11/06/25 08:17:51] crowsnest: Dependency: 'find' found in /usr/bin/find.
[11/06/25 08:17:51] crowsnest: Dependency: 'xargs' found in /usr/bin/xargs.
[11/06/25 08:17:51] crowsnest: Dependency: 'ustreamer' found in bin/ustreamer/src/ustreamer.bin.
[11/06/25 08:17:52] crowsnest: Version Control: ustreamer is up to date. (v6.10)
[11/06/25 08:17:52] crowsnest: INFO: Print Configfile: '/home/biqu/printer_data/config/crowsnest.conf'
[11/06/25 08:17:52] crowsnest:		[crowsnest]
[11/06/25 08:17:52] crowsnest:		log_path: /home/biqu/printer_data/logs/crowsnest.log
[11/06/25 08:17:52] crowsnest:		log_level: verbose
[11/06/25 08:17:52] crowsnest:		delete_log: false
[11/06/25 08:17:52] crowsnest:		no_proxy: false
[11/06/25 08:17:52] crowsnest:		
[11/06/25 08:17:52] crowsnest:		[cam 1]
[11/06/25 08:17:52] crowsnest:		mode: ustreamer
[11/06/25 08:17:52] crowsnest:		
[11/06/25 08:17:52] crowsnest:		enable_rtsp: false
[11/06/25 08:17:52] crowsnest:		rtsp_port: 8554
[11/06/25 08:17:52] crowsnest:		port: 8080
[11/06/25 08:17:52] crowsnest:		device: /dev/video0
[11/06/25 08:17:52] crowsnest:		resolution: 1920x1080
[11/06/25 08:17:52] crowsnest:		max_fps: 15
[11/06/25 08:17:52] crowsnest: INFO: Detect available Devices
[11/06/25 08:17:52] crowsnest: ERROR: No usable Devices Found. Stopping crowsnest.
[11/06/25 08:17:58] crowsnest: crowsnest - A webcam Service for multiple Cams and Stream Services.
[11/06/25 08:17:58] crowsnest: Version: v4.1.16-1-g059fa87
[11/06/25 08:17:58] crowsnest: Prepare Startup ...
[11/06/25 08:17:58] crowsnest: INFO: Host information:
[11/06/25 08:17:58] crowsnest: Host Info: Distribution: Armbian 25.8.1 bookworm
Armbian 25.8.1 bookworm
[11/06/25 08:17:58] crowsnest: Host Info: Kernel: Linux 6.6.66-vendor-sunxi64 aarch64
[11/06/25 08:17:58] crowsnest: Host Info: Available CPU Cores: 4
[11/06/25 08:17:58] crowsnest: Host Info: Available Memory: 940764 kB
[11/06/25 08:17:58] crowsnest: Host Info: Diskspace (avail. / total): 8.7G / 15G
[11/06/25 08:17:58] crowsnest: INFO: Checking Dependencies
[11/06/25 08:17:58] crowsnest: Dependency: 'crudini' found in /usr/bin/crudini.
[11/06/25 08:17:58] crowsnest: Dependency: 'find' found in /usr/bin/find.
[11/06/25 08:17:58] crowsnest: Dependency: 'xargs' found in /usr/bin/xargs.
[11/06/25 08:17:58] crowsnest: Dependency: 'ustreamer' found in bin/ustreamer/src/ustreamer.bin.
[11/06/25 08:17:58] crowsnest: Version Control: ustreamer is up to date. (v6.10)
[11/06/25 08:17:58] crowsnest: INFO: Print Configfile: '/home/biqu/printer_data/config/crowsnest.conf'
[11/06/25 08:17:58] crowsnest:		[crowsnest]
[11/06/25 08:17:58] crowsnest:		log_path: /home/biqu/printer_data/logs/crowsnest.log
[11/06/25 08:17:58] crowsnest:		log_level: verbose
[11/06/25 08:17:58] crowsnest:		delete_log: false
[11/06/25 08:17:58] crowsnest:		no_proxy: false
[11/06/25 08:17:58] crowsnest:		
[11/06/25 08:17:58] crowsnest:		[cam 1]
[11/06/25 08:17:58] crowsnest:		mode: ustreamer
[11/06/25 08:17:58] crowsnest:		
[11/06/25 08:17:58] crowsnest:		enable_rtsp: false
[11/06/25 08:17:58] crowsnest:		rtsp_port: 8554
[11/06/25 08:17:58] crowsnest:		port: 8080
[11/06/25 08:17:58] crowsnest:		device: /dev/video0
[11/06/25 08:17:58] crowsnest:		resolution: 1920x1080
[11/06/25 08:17:58] crowsnest:		max_fps: 15
[11/06/25 08:17:58] crowsnest: INFO: Detect available Devices
[11/06/25 08:17:58] crowsnest: ERROR: No usable Devices Found. Stopping crowsnest.
[11/06/25 08:18:04] crowsnest: crowsnest - A webcam Service for multiple Cams and Stream Services.
[11/06/25 08:18:04] crowsnest: Version: v4.1.16-1-g059fa87
[11/06/25 08:18:04] crowsnest: Prepare Startup ...
[11/06/25 08:18:04] crowsnest: INFO: Host information:
[11/06/25 08:18:04] crowsnest: Host Info: Distribution: Armbian 25.8.1 bookworm
Armbian 25.8.1 bookworm
[11/06/25 08:18:04] crowsnest: Host Info: Kernel: Linux 6.6.66-vendor-sunxi64 aarch64
[11/06/25 08:18:04] crowsnest: Host Info: Available CPU Cores: 4
[11/06/25 08:18:04] crowsnest: Host Info: Available Memory: 940764 kB
[11/06/25 08:18:04] crowsnest: Host Info: Diskspace (avail. / total): 8.7G / 15G
[11/06/25 08:18:04] crowsnest: INFO: Checking Dependencies
[11/06/25 08:18:04] crowsnest: Dependency: 'crudini' found in /usr/bin/crudini.
[11/06/25 08:18:04] crowsnest: Dependency: 'find' found in /usr/bin/find.
[11/06/25 08:18:04] crowsnest: Dependency: 'xargs' found in /usr/bin/xargs.
[11/06/25 08:18:04] crowsnest: Dependency: 'ustreamer' found in bin/ustreamer/src/ustreamer.bin.
[11/06/25 08:18:05] crowsnest: Version Control: ustreamer is up to date. (v6.10)
[11/06/25 08:18:05] crowsnest: INFO: Print Configfile: '/home/biqu/printer_data/config/crowsnest.conf'
[11/06/25 08:18:05] crowsnest:		[crowsnest]
[11/06/25 08:18:05] crowsnest:		log_path: /home/biqu/printer_data/logs/crowsnest.log
[11/06/25 08:18:05] crowsnest:		log_level: verbose
[11/06/25 08:18:05] crowsnest:		delete_log: false
[11/06/25 08:18:05] crowsnest:		no_proxy: false
[11/06/25 08:18:05] crowsnest:		
[11/06/25 08:18:05] crowsnest:		[cam 1]
[11/06/25 08:18:05] crowsnest:		mode: ustreamer
[11/06/25 08:18:05] crowsnest:		
[11/06/25 08:18:05] crowsnest:		enable_rtsp: false
[11/06/25 08:18:05] crowsnest:		rtsp_port: 8554
[11/06/25 08:18:05] crowsnest:		port: 8080
[11/06/25 08:18:05] crowsnest:		device: /dev/video0
[11/06/25 08:18:05] crowsnest:		resolution: 1920x1080
[11/06/25 08:18:05] crowsnest:		max_fps: 15
[11/06/25 08:18:05] crowsnest: INFO: Detect available Devices
[11/06/25 08:18:05] crowsnest: ERROR: No usable Devices Found. Stopping crowsnest.
[11/06/25 08:18:11] crowsnest: crowsnest - A webcam Service for multiple Cams and Stream Services.
[11/06/25 08:18:11] crowsnest: Version: v4.1.16-1-g059fa87
[11/06/25 08:18:11] crowsnest: Prepare Startup ...
[11/06/25 08:18:11] crowsnest: INFO: Host information:
[11/06/25 08:18:11] crowsnest: Host Info: Distribution: Armbian 25.8.1 bookworm
Armbian 25.8.1 bookworm
[11/06/25 08:18:11] crowsnest: Host Info: Kernel: Linux 6.6.66-vendor-sunxi64 aarch64
[11/06/25 08:18:11] crowsnest: Host Info: Available CPU Cores: 4
[11/06/25 08:18:11] crowsnest: Host Info: Available Memory: 940764 kB
[11/06/25 08:18:11] crowsnest: Host Info: Diskspace (avail. / total): 8.7G / 15G
[11/06/25 08:18:11] crowsnest: INFO: Checking Dependencies
[11/06/25 08:18:11] crowsnest: Dependency: 'crudini' found in /usr/bin/crudini.
[11/06/25 08:18:11] crowsnest: Dependency: 'find' found in /usr/bin/find.
[11/06/25 08:18:11] crowsnest: Dependency: 'xargs' found in /usr/bin/xargs.
[11/06/25 08:18:11] crowsnest: Dependency: 'ustreamer' found in bin/ustreamer/src/ustreamer.bin.
[11/06/25 08:18:11] crowsnest: Version Control: ustreamer is up to date. (v6.10)
[11/06/25 08:18:11] crowsnest: INFO: Print Configfile: '/home/biqu/printer_data/config/crowsnest.conf'
[11/06/25 08:18:11] crowsnest:		[crowsnest]
[11/06/25 08:18:11] crowsnest:		log_path: /home/biqu/printer_data/logs/crowsnest.log
[11/06/25 08:18:11] crowsnest:		log_level: verbose
[11/06/25 08:18:11] crowsnest:		delete_log: false
[11/06/25 08:18:11] crowsnest:		no_proxy: false
[11/06/25 08:18:11] crowsnest:		
[11/06/25 08:18:11] crowsnest:		[cam 1]
[11/06/25 08:18:11] crowsnest:		mode: ustreamer
[11/06/25 08:18:11] crowsnest:		
[11/06/25 08:18:11] crowsnest:		enable_rtsp: false
[11/06/25 08:18:11] crowsnest:		rtsp_port: 8554
[11/06/25 08:18:11] crowsnest:		port: 8080
[11/06/25 08:18:11] crowsnest:		device: /dev/video0
[11/06/25 08:18:11] crowsnest:		resolution: 1920x1080
[11/06/25 08:18:11] crowsnest:		max_fps: 15
[11/06/25 08:18:11] crowsnest: INFO: Detect available Devices
[11/06/25 08:18:11] crowsnest: ERROR: No usable Devices Found. Stopping crowsnest.
[11/06/25 08:18:17] crowsnest: crowsnest - A webcam Service for multiple Cams and Stream Services.
[11/06/25 08:18:17] crowsnest: Version: v4.1.16-1-g059fa87
[11/06/25 08:18:17] crowsnest: Prepare Startup ...
[11/06/25 08:18:17] crowsnest: INFO: Host information:
[11/06/25 08:18:17] crowsnest: Host Info: Distribution: Armbian 25.8.1 bookworm
Armbian 25.8.1 bookworm
[11/06/25 08:18:17] crowsnest: Host Info: Kernel: Linux 6.6.66-vendor-sunxi64 aarch64
[11/06/25 08:18:17] crowsnest: Host Info: Available CPU Cores: 4
[11/06/25 08:18:17] crowsnest: Host Info: Available Memory: 940764 kB
[11/06/25 08:18:17] crowsnest: Host Info: Diskspace (avail. / total): 8.7G / 15G
[11/06/25 08:18:17] crowsnest: INFO: Checking Dependencies
[11/06/25 08:18:17] crowsnest: Dependency: 'crudini' found in /usr/bin/crudini.
[11/06/25 08:18:17] crowsnest: Dependency: 'find' found in /usr/bin/find.
[11/06/25 08:18:17] crowsnest: Dependency: 'xargs' found in /usr/bin/xargs.
[11/06/25 08:18:17] crowsnest: Dependency: 'ustreamer' found in bin/ustreamer/src/ustreamer.bin.
[11/06/25 08:18:18] crowsnest: Version Control: ustreamer is up to date. (v6.10)
[11/06/25 08:18:18] crowsnest: INFO: Print Configfile: '/home/biqu/printer_data/config/crowsnest.conf'
[11/06/25 08:18:18] crowsnest:		[crowsnest]
[11/06/25 08:18:18] crowsnest:		log_path: /home/biqu/printer_data/logs/crowsnest.log
[11/06/25 08:18:18] crowsnest:		log_level: verbose
[11/06/25 08:18:18] crowsnest:		delete_log: false
[11/06/25 08:18:18] crowsnest:		no_proxy: false
[11/06/25 08:18:18] crowsnest:		
[11/06/25 08:18:18] crowsnest:		[cam 1]
[11/06/25 08:18:18] crowsnest:		mode: ustreamer
[11/06/25 08:18:18] crowsnest:		
[11/06/25 08:18:18] crowsnest:		enable_rtsp: false
[11/06/25 08:18:18] crowsnest:		rtsp_port: 8554
[11/06/25 08:18:18] crowsnest:		port: 8080
[11/06/25 08:18:18] crowsnest:		device: /dev/video0
[11/06/25 08:18:18] crowsnest:		resolution: 1920x1080
[11/06/25 08:18:18] crowsnest:		max_fps: 15
[11/06/25 08:18:18] crowsnest: INFO: Detect available Devices
[11/06/25 08:18:18] crowsnest: ERROR: No usable Devices Found. Stopping crowsnest.
[11/06/25 08:18:24] crowsnest: crowsnest - A webcam Service for multiple Cams and Stream Services.
[11/06/25 08:18:24] crowsnest: Version: v4.1.16-1-g059fa87
[11/06/25 08:18:24] crowsnest: Prepare Startup ...
[11/06/25 08:18:24] crowsnest: INFO: Host information:
[11/06/25 08:18:24] crowsnest: Host Info: Distribution: Armbian 25.8.1 bookworm
Armbian 25.8.1 bookworm
[11/06/25 08:18:24] crowsnest: Host Info: Kernel: Linux 6.6.66-vendor-sunxi64 aarch64
[11/06/25 08:18:24] crowsnest: Host Info: Available CPU Cores: 4
[11/06/25 08:18:24] crowsnest: Host Info: Available Memory: 940764 kB
[11/06/25 08:18:24] crowsnest: Host Info: Diskspace (avail. / total): 8.7G / 15G
[11/06/25 08:18:24] crowsnest: INFO: Checking Dependencies
[11/06/25 08:18:24] crowsnest: Dependency: 'crudini' found in /usr/bin/crudini.
[11/06/25 08:18:24] crowsnest: Dependency: 'find' found in /usr/bin/find.
[11/06/25 08:18:24] crowsnest: Dependency: 'xargs' found in /usr/bin/xargs.
[11/06/25 08:18:24] crowsnest: Dependency: 'ustreamer' found in bin/ustreamer/src/ustreamer.bin.
[11/06/25 08:18:24] crowsnest: Version Control: ustreamer is up to date. (v6.10)
[11/06/25 08:18:24] crowsnest: INFO: Print Configfile: '/home/biqu/printer_data/config/crowsnest.conf'
[11/06/25 08:18:24] crowsnest:		[crowsnest]
[11/06/25 08:18:24] crowsnest:		log_path: /home/biqu/printer_data/logs/crowsnest.log
[11/06/25 08:18:24] crowsnest:		log_level: verbose
[11/06/25 08:18:24] crowsnest:		delete_log: false
[11/06/25 08:18:24] crowsnest:		no_proxy: false
[11/06/25 08:18:24] crowsnest:		
[11/06/25 08:18:24] crowsnest:		[cam 1]
[11/06/25 08:18:24] crowsnest:		mode: ustreamer
[11/06/25 08:18:24] crowsnest:		
[11/06/25 08:18:24] crowsnest:		enable_rtsp: false
[11/06/25 08:18:24] crowsnest:		rtsp_port: 8554
[11/06/25 08:18:24] crowsnest:		port: 8080
[11/06/25 08:18:24] crowsnest:		device: /dev/video0
[11/06/25 08:18:24] crowsnest:		resolution: 1920x1080
[11/06/25 08:18:24] crowsnest:		max_fps: 15
[11/06/25 08:18:24] crowsnest: INFO: Detect available Devices
[11/06/25 08:18:24] crowsnest: ERROR: No usable Devices Found. Stopping crowsnest.
[11/06/25 08:18:30] crowsnest: crowsnest - A webcam Service for multiple Cams and Stream Services.
[11/06/25 08:18:30] crowsnest: Version: v4.1.16-1-g059fa87
[11/06/25 08:18:30] crowsnest: Prepare Startup ...
[11/06/25 08:18:30] crowsnest: INFO: Host information:
[11/06/25 08:18:30] crowsnest: Host Info: Distribution: Armbian 25.8.1 bookworm
Armbian 25.8.1 bookworm
[11/06/25 08:18:30] crowsnest: Host Info: Kernel: Linux 6.6.66-vendor-sunxi64 aarch64
[11/06/25 08:18:30] crowsnest: Host Info: Available CPU Cores: 4
[11/06/25 08:18:30] crowsnest: Host Info: Available Memory: 940764 kB
[11/06/25 08:18:30] crowsnest: Host Info: Diskspace (avail. / total): 8.7G / 15G
[11/06/25 08:18:30] crowsnest: INFO: Checking Dependencies
[11/06/25 08:18:30] crowsnest: Dependency: 'crudini' found in /usr/bin/crudini.
[11/06/25 08:18:30] crowsnest: Dependency: 'find' found in /usr/bin/find.
[11/06/25 08:18:30] crowsnest: Dependency: 'xargs' found in /usr/bin/xargs.
[11/06/25 08:18:30] crowsnest: Dependency: 'ustreamer' found in bin/ustreamer/src/ustreamer.bin.
[11/06/25 08:18:30] crowsnest: Version Control: ustreamer is up to date. (v6.10)
[11/06/25 08:18:30] crowsnest: INFO: Print Configfile: '/home/biqu/printer_data/config/crowsnest.conf'
[11/06/25 08:18:30] crowsnest:		[crowsnest]
[11/06/25 08:18:30] crowsnest:		log_path: /home/biqu/printer_data/logs/crowsnest.log
[11/06/25 08:18:30] crowsnest:		log_level: verbose
[11/06/25 08:18:30] crowsnest:		delete_log: false
[11/06/25 08:18:30] crowsnest:		no_proxy: false
[11/06/25 08:18:30] crowsnest:		
[11/06/25 08:18:30] crowsnest:		[cam 1]
[11/06/25 08:18:30] crowsnest:		mode: ustreamer
[11/06/25 08:18:30] crowsnest:		
[11/06/25 08:18:30] crowsnest:		enable_rtsp: false
[11/06/25 08:18:30] crowsnest:		rtsp_port: 8554
[11/06/25 08:18:30] crowsnest:		port: 8080
[11/06/25 08:18:30] crowsnest:		device: /dev/video0
[11/06/25 08:18:30] crowsnest:		resolution: 1920x1080
[11/06/25 08:18:30] crowsnest:		max_fps: 15
[11/06/25 08:18:30] crowsnest: INFO: Detect available Devices
[11/06/25 08:18:31] crowsnest: ERROR: No usable Devices Found. Stopping crowsnest.
[11/06/25 08:18:37] crowsnest: crowsnest - A webcam Service for multiple Cams and Stream Services.
[11/06/25 08:18:37] crowsnest: Version: v4.1.16-1-g059fa87
[11/06/25 08:18:37] crowsnest: Prepare Startup ...
[11/06/25 08:18:37] crowsnest: INFO: Host information:
[11/06/25 08:18:37] crowsnest: Host Info: Distribution: Armbian 25.8.1 bookworm
Armbian 25.8.1 bookworm
[11/06/25 08:18:37] crowsnest: Host Info: Kernel: Linux 6.6.66-vendor-sunxi64 aarch64
[11/06/25 08:18:37] crowsnest: Host Info: Available CPU Cores: 4
[11/06/25 08:18:37] crowsnest: Host Info: Available Memory: 940764 kB
[11/06/25 08:18:37] crowsnest: Host Info: Diskspace (avail. / total): 8.7G / 15G
[11/06/25 08:18:37] crowsnest: INFO: Checking Dependencies
[11/06/25 08:18:37] crowsnest: Dependency: 'crudini' found in /usr/bin/crudini.
[11/06/25 08:18:37] crowsnest: Dependency: 'find' found in /usr/bin/find.
[11/06/25 08:18:37] crowsnest: Dependency: 'xargs' found in /usr/bin/xargs.
[11/06/25 08:18:37] crowsnest: Dependency: 'ustreamer' found in bin/ustreamer/src/ustreamer.bin.
[11/06/25 08:18:37] crowsnest: Version Control: ustreamer is up to date. (v6.10)
[11/06/25 08:18:37] crowsnest: INFO: Print Configfile: '/home/biqu/printer_data/config/crowsnest.conf'
[11/06/25 08:18:37] crowsnest:		[crowsnest]
[11/06/25 08:18:37] crowsnest:		log_path: /home/biqu/printer_data/logs/crowsnest.log
[11/06/25 08:18:37] crowsnest:		log_level: verbose
[11/06/25 08:18:37] crowsnest:		delete_log: false
[11/06/25 08:18:37] crowsnest:		no_proxy: false
[11/06/25 08:18:37] crowsnest:		
[11/06/25 08:18:37] crowsnest:		[cam 1]
[11/06/25 08:18:37] crowsnest:		mode: ustreamer
[11/06/25 08:18:37] crowsnest:		
[11/06/25 08:18:37] crowsnest:		enable_rtsp: false
[11/06/25 08:18:37] crowsnest:		rtsp_port: 8554
[11/06/25 08:18:37] crowsnest:		port: 8080
[11/06/25 08:18:37] crowsnest:		device: /dev/video0
[11/06/25 08:18:37] crowsnest:		resolution: 1920x1080
[11/06/25 08:18:37] crowsnest:		max_fps: 15
[11/06/25 08:18:37] crowsnest: INFO: Detect available Devices
[11/06/25 08:18:37] crowsnest: ERROR: No usable Devices Found. Stopping crowsnest.
[11/10/25 05:19:04] crowsnest: crowsnest - A webcam Service for multiple Cams and Stream Services.
[11/10/25 05:19:04] crowsnest: Version: v4.1.16-1-g059fa87
[11/10/25 05:19:04] crowsnest: Prepare Startup ...
[11/10/25 05:19:04] crowsnest: INFO: Host information:
[11/10/25 05:19:04] crowsnest: Host Info: Distribution: Armbian 25.8.1 bookworm
Armbian 25.8.1 bookworm
[11/10/25 05:19:04] crowsnest: Host Info: Kernel: Linux 6.6.66-vendor-sunxi64 aarch64
[11/10/25 05:19:04] crowsnest: Host Info: Available CPU Cores: 4
[11/10/25 05:19:04] crowsnest: Host Info: Available Memory: 940764 kB
[11/10/25 05:19:04] crowsnest: Host Info: Diskspace (avail. / total): 8.7G / 15G
[11/10/25 05:19:04] crowsnest: INFO: Checking Dependencies
[11/10/25 05:19:04] crowsnest: Dependency: 'crudini' found in /usr/bin/crudini.
[11/10/25 05:19:04] crowsnest: Dependency: 'find' found in /usr/bin/find.
[11/10/25 05:19:04] crowsnest: Dependency: 'xargs' found in /usr/bin/xargs.
[11/10/25 05:19:04] crowsnest: Dependency: 'ustreamer' found in bin/ustreamer/src/ustreamer.bin.
[11/10/25 05:19:04] crowsnest: Version Control: ustreamer is up to date. (v6.10)
[11/10/25 05:19:04] crowsnest: INFO: Print Configfile: '/home/biqu/printer_data/config/crowsnest.conf'
[11/10/25 05:19:04] crowsnest:		[crowsnest]
[11/10/25 05:19:04] crowsnest:		log_path: /home/biqu/printer_data/logs/crowsnest.log
[11/10/25 05:19:04] crowsnest:		log_level: verbose
[11/10/25 05:19:04] crowsnest:		delete_log: false
[11/10/25 05:19:04] crowsnest:		no_proxy: false
[11/10/25 05:19:04] crowsnest:		
[11/10/25 05:19:04] crowsnest:		[cam 1]
[11/10/25 05:19:04] crowsnest:		mode: ustreamer
[11/10/25 05:19:04] crowsnest:		
[11/10/25 05:19:04] crowsnest:		enable_rtsp: false
[11/10/25 05:19:04] crowsnest:		rtsp_port: 8554
[11/10/25 05:19:04] crowsnest:		port: 8080
[11/10/25 05:19:04] crowsnest:		device: /dev/video0
[11/10/25 05:19:04] crowsnest:		resolution: 1920x1080
[11/10/25 05:19:04] crowsnest:		max_fps: 15
[11/10/25 05:19:04] crowsnest: INFO: Detect available Devices
[11/10/25 05:19:04] crowsnest: ERROR: No usable Devices Found. Stopping crowsnest.
[11/10/25 05:19:11] crowsnest: crowsnest - A webcam Service for multiple Cams and Stream Services.
[11/10/25 05:19:11] crowsnest: Version: v4.1.16-1-g059fa87
[11/10/25 05:19:11] crowsnest: Prepare Startup ...
[11/10/25 05:19:11] crowsnest: INFO: Host information:
[11/10/25 05:19:11] crowsnest: Host Info: Distribution: Armbian 25.8.1 bookworm
Armbian 25.8.1 bookworm
[11/10/25 05:19:11] crowsnest: Host Info: Kernel: Linux 6.6.66-vendor-sunxi64 aarch64
[11/10/25 05:19:11] crowsnest: Host Info: Available CPU Cores: 4
[11/10/25 05:19:11] crowsnest: Host Info: Available Memory: 940764 kB
[11/10/25 05:19:11] crowsnest: Host Info: Diskspace (avail. / total): 8.7G / 15G
[11/10/25 05:19:11] crowsnest: INFO: Checking Dependencies
[11/10/25 05:19:11] crowsnest: Dependency: 'crudini' found in /usr/bin/crudini.
[11/10/25 05:19:11] crowsnest: Dependency: 'find' found in /usr/bin/find.
[11/10/25 05:19:11] crowsnest: Dependency: 'xargs' found in /usr/bin/xargs.
[11/10/25 05:19:11] crowsnest: Dependency: 'ustreamer' found in bin/ustreamer/src/ustreamer.bin.
[11/10/25 05:19:11] crowsnest: Version Control: ustreamer is up to date. (v6.10)
[11/10/25 05:19:11] crowsnest: INFO: Print Configfile: '/home/biqu/printer_data/config/crowsnest.conf'
[11/10/25 05:19:11] crowsnest:		[crowsnest]
[11/10/25 05:19:11] crowsnest:		log_path: /home/biqu/printer_data/logs/crowsnest.log
[11/10/25 05:19:11] crowsnest:		log_level: verbose
[11/10/25 05:19:11] crowsnest:		delete_log: false
[11/10/25 05:19:11] crowsnest:		no_proxy: false
[11/10/25 05:19:11] crowsnest:		
[11/10/25 05:19:11] crowsnest:		[cam 1]
[11/10/25 05:19:11] crowsnest:		mode: ustreamer
[11/10/25 05:19:11] crowsnest:		
[11/10/25 05:19:11] crowsnest:		enable_rtsp: false
[11/10/25 05:19:11] crowsnest:		rtsp_port: 8554
[11/10/25 05:19:11] crowsnest:		port: 8080
[11/10/25 05:19:11] crowsnest:		device: /dev/video0
[11/10/25 05:19:11] crowsnest:		resolution: 1920x1080
[11/10/25 05:19:11] crowsnest:		max_fps: 15
[11/10/25 05:19:11] crowsnest: INFO: Detect available Devices
[11/10/25 05:19:11] crowsnest: ERROR: No usable Devices Found. Stopping crowsnest.
[11/10/25 05:19:17] crowsnest: crowsnest - A webcam Service for multiple Cams and Stream Services.
[11/10/25 05:19:17] crowsnest: Version: v4.1.16-1-g059fa87
[11/10/25 05:19:17] crowsnest: Prepare Startup ...
[11/10/25 05:19:17] crowsnest: INFO: Host information:
[11/10/25 05:19:17] crowsnest: Host Info: Distribution: Armbian 25.8.1 bookworm
Armbian 25.8.1 bookworm
[11/10/25 05:19:17] crowsnest: Host Info: Kernel: Linux 6.6.66-vendor-sunxi64 aarch64
[11/10/25 05:19:17] crowsnest: Host Info: Available CPU Cores: 4
[11/10/25 05:19:17] crowsnest: Host Info: Available Memory: 940764 kB
[11/10/25 05:19:17] crowsnest: Host Info: Diskspace (avail. / total): 8.7G / 15G
[11/10/25 05:19:17] crowsnest: INFO: Checking Dependencies
[11/10/25 05:19:17] crowsnest: Dependency: 'crudini' found in /usr/bin/crudini.
[11/10/25 05:19:18] crowsnest: Dependency: 'find' found in /usr/bin/find.
[11/10/25 05:19:18] crowsnest: Dependency: 'xargs' found in /usr/bin/xargs.
[11/10/25 05:19:18] crowsnest: Dependency: 'ustreamer' found in bin/ustreamer/src/ustreamer.bin.
[11/10/25 05:19:18] crowsnest: Version Control: ustreamer is up to date. (v6.10)
[11/10/25 05:19:18] crowsnest: INFO: Print Configfile: '/home/biqu/printer_data/config/crowsnest.conf'
[11/10/25 05:19:18] crowsnest:		[crowsnest]
[11/10/25 05:19:18] crowsnest:		log_path: /home/biqu/printer_data/logs/crowsnest.log
[11/10/25 05:19:18] crowsnest:		log_level: verbose
[11/10/25 05:19:18] crowsnest:		delete_log: false
[11/10/25 05:19:18] crowsnest:		no_proxy: false
[11/10/25 05:19:18] crowsnest:		
[11/10/25 05:19:18] crowsnest:		[cam 1]
[11/10/25 05:19:18] crowsnest:		mode: ustreamer
[11/10/25 05:19:18] crowsnest:		
[11/10/25 05:19:18] crowsnest:		enable_rtsp: false
[11/10/25 05:19:18] crowsnest:		rtsp_port: 8554
[11/10/25 05:19:18] crowsnest:		port: 8080
[11/10/25 05:19:18] crowsnest:		device: /dev/video0
[11/10/25 05:19:18] crowsnest:		resolution: 1920x1080
[11/10/25 05:19:18] crowsnest:		max_fps: 15
[11/10/25 05:19:18] crowsnest: INFO: Detect available Devices
[11/10/25 05:19:18] crowsnest: ERROR: No usable Devices Found. Stopping crowsnest.
[11/10/25 05:19:24] crowsnest: crowsnest - A webcam Service for multiple Cams and Stream Services.
[11/10/25 05:19:24] crowsnest: Version: v4.1.16-1-g059fa87
[11/10/25 05:19:24] crowsnest: Prepare Startup ...
[11/10/25 05:19:24] crowsnest: INFO: Host information:
[11/10/25 05:19:24] crowsnest: Host Info: Distribution: Armbian 25.8.1 bookworm
Armbian 25.8.1 bookworm
[11/10/25 05:19:24] crowsnest: Host Info: Kernel: Linux 6.6.66-vendor-sunxi64 aarch64
[11/10/25 05:19:24] crowsnest: Host Info: Available CPU Cores: 4
[11/10/25 05:19:24] crowsnest: Host Info: Available Memory: 940764 kB
[11/10/25 05:19:24] crowsnest: Host Info: Diskspace (avail. / total): 8.7G / 15G
[11/10/25 05:19:24] crowsnest: INFO: Checking Dependencies
[11/10/25 05:19:24] crowsnest: Dependency: 'crudini' found in /usr/bin/crudini.
[11/10/25 05:19:24] crowsnest: Dependency: 'find' found in /usr/bin/find.
[11/10/25 05:19:24] crowsnest: Dependency: 'xargs' found in /usr/bin/xargs.
[11/10/25 05:19:24] crowsnest: Dependency: 'ustreamer' found in bin/ustreamer/src/ustreamer.bin.
[11/10/25 05:19:24] crowsnest: Version Control: ustreamer is up to date. (v6.10)
[11/10/25 05:19:24] crowsnest: INFO: Print Configfile: '/home/biqu/printer_data/config/crowsnest.conf'
[11/10/25 05:19:24] crowsnest:		[crowsnest]
[11/10/25 05:19:24] crowsnest:		log_path: /home/biqu/printer_data/logs/crowsnest.log
[11/10/25 05:19:24] crowsnest:		log_level: verbose
[11/10/25 05:19:24] crowsnest:		delete_log: false
[11/10/25 05:19:24] crowsnest:		no_proxy: false
[11/10/25 05:19:24] crowsnest:		
[11/10/25 05:19:24] crowsnest:		[cam 1]
[11/10/25 05:19:24] crowsnest:		mode: ustreamer
[11/10/25 05:19:24] crowsnest:		
[11/10/25 05:19:24] crowsnest:		enable_rtsp: false
[11/10/25 05:19:24] crowsnest:		rtsp_port: 8554
[11/10/25 05:19:24] crowsnest:		port: 8080
[11/10/25 05:19:24] crowsnest:		device: /dev/video0
[11/10/25 05:19:24] crowsnest:		resolution: 1920x1080
[11/10/25 05:19:24] crowsnest:		max_fps: 15
[11/10/25 05:19:24] crowsnest: INFO: Detect available Devices
[11/10/25 05:19:24] crowsnest: ERROR: No usable Devices Found. Stopping crowsnest.
[11/10/25 05:19:30] crowsnest: crowsnest - A webcam Service for multiple Cams and Stream Services.
[11/10/25 05:19:30] crowsnest: Version: v4.1.16-1-g059fa87
[11/10/25 05:19:30] crowsnest: Prepare Startup ...
[11/10/25 05:19:30] crowsnest: INFO: Host information:
[11/10/25 05:19:30] crowsnest: Host Info: Distribution: Armbian 25.8.1 bookworm
Armbian 25.8.1 bookworm
[11/10/25 05:19:30] crowsnest: Host Info: Kernel: Linux 6.6.66-vendor-sunxi64 aarch64
[11/10/25 05:19:30] crowsnest: Host Info: Available CPU Cores: 4
[11/10/25 05:19:30] crowsnest: Host Info: Available Memory: 940764 kB
[11/10/25 05:19:30] crowsnest: Host Info: Diskspace (avail. / total): 8.7G / 15G
[11/10/25 05:19:31] crowsnest: INFO: Checking Dependencies
[11/10/25 05:19:31] crowsnest: Dependency: 'crudini' found in /usr/bin/crudini.
[11/10/25 05:19:31] crowsnest: Dependency: 'find' found in /usr/bin/find.
[11/10/25 05:19:31] crowsnest: Dependency: 'xargs' found in /usr/bin/xargs.
[11/10/25 05:19:31] crowsnest: Dependency: 'ustreamer' found in bin/ustreamer/src/ustreamer.bin.
[11/10/25 05:19:31] crowsnest: Version Control: ustreamer is up to date. (v6.10)
[11/10/25 05:19:31] crowsnest: INFO: Print Configfile: '/home/biqu/printer_data/config/crowsnest.conf'
[11/10/25 05:19:31] crowsnest:		[crowsnest]
[11/10/25 05:19:31] crowsnest:		log_path: /home/biqu/printer_data/logs/crowsnest.log
[11/10/25 05:19:31] crowsnest:		log_level: verbose
[11/10/25 05:19:31] crowsnest:		delete_log: false
[11/10/25 05:19:31] crowsnest:		no_proxy: false
[11/10/25 05:19:31] crowsnest:		
[11/10/25 05:19:31] crowsnest:		[cam 1]
[11/10/25 05:19:31] crowsnest:		mode: ustreamer
[11/10/25 05:19:31] crowsnest:		
[11/10/25 05:19:31] crowsnest:		enable_rtsp: false
[11/10/25 05:19:31] crowsnest:		rtsp_port: 8554
[11/10/25 05:19:31] crowsnest:		port: 8080
[11/10/25 05:19:31] crowsnest:		device: /dev/video0
[11/10/25 05:19:31] crowsnest:		resolution: 1920x1080
[11/10/25 05:19:31] crowsnest:		max_fps: 15
[11/10/25 05:19:31] crowsnest: INFO: Detect available Devices
[11/10/25 05:19:31] crowsnest: ERROR: No usable Devices Found. Stopping crowsnest.
[11/10/25 05:19:37] crowsnest: crowsnest - A webcam Service for multiple Cams and Stream Services.
[11/10/25 05:19:37] crowsnest: Version: v4.1.16-1-g059fa87
[11/10/25 05:19:37] crowsnest: Prepare Startup ...
[11/10/25 05:19:37] crowsnest: INFO: Host information:
[11/10/25 05:19:37] crowsnest: Host Info: Distribution: Armbian 25.8.1 bookworm
Armbian 25.8.1 bookworm
[11/10/25 05:19:37] crowsnest: Host Info: Kernel: Linux 6.6.66-vendor-sunxi64 aarch64
[11/10/25 05:19:37] crowsnest: Host Info: Available CPU Cores: 4
[11/10/25 05:19:37] crowsnest: Host Info: Available Memory: 940764 kB
[11/10/25 05:19:37] crowsnest: Host Info: Diskspace (avail. / total): 8.7G / 15G
[11/10/25 05:19:37] crowsnest: INFO: Checking Dependencies
[11/10/25 05:19:37] crowsnest: Dependency: 'crudini' found in /usr/bin/crudini.
[11/10/25 05:19:37] crowsnest: Dependency: 'find' found in /usr/bin/find.
[11/10/25 05:19:37] crowsnest: Dependency: 'xargs' found in /usr/bin/xargs.
[11/10/25 05:19:37] crowsnest: Dependency: 'ustreamer' found in bin/ustreamer/src/ustreamer.bin.
[11/10/25 05:19:37] crowsnest: Version Control: ustreamer is up to date. (v6.10)
[11/10/25 05:19:37] crowsnest: INFO: Print Configfile: '/home/biqu/printer_data/config/crowsnest.conf'
[11/10/25 05:19:37] crowsnest:		[crowsnest]
[11/10/25 05:19:37] crowsnest:		log_path: /home/biqu/printer_data/logs/crowsnest.log
[11/10/25 05:19:37] crowsnest:		log_level: verbose
[11/10/25 05:19:37] crowsnest:		delete_log: false
[11/10/25 05:19:37] crowsnest:		no_proxy: false
[11/10/25 05:19:37] crowsnest:		
[11/10/25 05:19:37] crowsnest:		[cam 1]
[11/10/25 05:19:37] crowsnest:		mode: ustreamer
[11/10/25 05:19:37] crowsnest:		
[11/10/25 05:19:37] crowsnest:		enable_rtsp: false
[11/10/25 05:19:37] crowsnest:		rtsp_port: 8554
[11/10/25 05:19:37] crowsnest:		port: 8080
[11/10/25 05:19:37] crowsnest:		device: /dev/video0
[11/10/25 05:19:37] crowsnest:		resolution: 1920x1080
[11/10/25 05:19:37] crowsnest:		max_fps: 15
[11/10/25 05:19:37] crowsnest: INFO: Detect available Devices
[11/10/25 05:19:37] crowsnest: ERROR: No usable Devices Found. Stopping crowsnest.
[11/10/25 05:19:44] crowsnest: crowsnest - A webcam Service for multiple Cams and Stream Services.
[11/10/25 05:19:44] crowsnest: Version: v4.1.16-1-g059fa87
[11/10/25 05:19:44] crowsnest: Prepare Startup ...
[11/10/25 05:19:44] crowsnest: INFO: Host information:
[11/10/25 05:19:44] crowsnest: Host Info: Distribution: Armbian 25.8.1 bookworm
Armbian 25.8.1 bookworm
[11/10/25 05:19:44] crowsnest: Host Info: Kernel: Linux 6.6.66-vendor-sunxi64 aarch64
[11/10/25 05:19:44] crowsnest: Host Info: Available CPU Cores: 4
[11/10/25 05:19:44] crowsnest: Host Info: Available Memory: 940764 kB
[11/10/25 05:19:44] crowsnest: Host Info: Diskspace (avail. / total): 8.7G / 15G
[11/10/25 05:19:44] crowsnest: INFO: Checking Dependencies
[11/10/25 05:19:44] crowsnest: Dependency: 'crudini' found in /usr/bin/crudini.
[11/10/25 05:19:44] crowsnest: Dependency: 'find' found in /usr/bin/find.
[11/10/25 05:19:44] crowsnest: Dependency: 'xargs' found in /usr/bin/xargs.
[11/10/25 05:19:44] crowsnest: Dependency: 'ustreamer' found in bin/ustreamer/src/ustreamer.bin.
[11/10/25 05:19:44] crowsnest: Version Control: ustreamer is up to date. (v6.10)
[11/10/25 05:19:44] crowsnest: INFO: Print Configfile: '/home/biqu/printer_data/config/crowsnest.conf'
[11/10/25 05:19:44] crowsnest:		[crowsnest]
[11/10/25 05:19:44] crowsnest:		log_path: /home/biqu/printer_data/logs/crowsnest.log
[11/10/25 05:19:44] crowsnest:		log_level: verbose
[11/10/25 05:19:44] crowsnest:		delete_log: false
[11/10/25 05:19:44] crowsnest:		no_proxy: false
[11/10/25 05:19:44] crowsnest:		
[11/10/25 05:19:44] crowsnest:		[cam 1]
[11/10/25 05:19:44] crowsnest:		mode: ustreamer
[11/10/25 05:19:44] crowsnest:		
[11/10/25 05:19:44] crowsnest:		enable_rtsp: false
[11/10/25 05:19:44] crowsnest:		rtsp_port: 8554
[11/10/25 05:19:44] crowsnest:		port: 8080
[11/10/25 05:19:44] crowsnest:		device: /dev/video0
[11/10/25 05:19:44] crowsnest:		resolution: 1920x1080
[11/10/25 05:19:44] crowsnest:		max_fps: 15
[11/10/25 05:19:44] crowsnest: INFO: Detect available Devices
[11/10/25 05:19:44] crowsnest: ERROR: No usable Devices Found. Stopping crowsnest.
[11/10/25 05:19:50] crowsnest: crowsnest - A webcam Service for multiple Cams and Stream Services.
[11/10/25 05:19:50] crowsnest: Version: v4.1.16-1-g059fa87
[11/10/25 05:19:50] crowsnest: Prepare Startup ...
[11/10/25 05:19:50] crowsnest: INFO: Host information:
[11/10/25 05:19:50] crowsnest: Host Info: Distribution: Armbian 25.8.1 bookworm
Armbian 25.8.1 bookworm
[11/10/25 05:19:50] crowsnest: Host Info: Kernel: Linux 6.6.66-vendor-sunxi64 aarch64
[11/10/25 05:19:50] crowsnest: Host Info: Available CPU Cores: 4
[11/10/25 05:19:50] crowsnest: Host Info: Available Memory: 940764 kB
[11/10/25 05:19:50] crowsnest: Host Info: Diskspace (avail. / total): 8.7G / 15G
[11/10/25 05:19:50] crowsnest: INFO: Checking Dependencies
[11/10/25 05:19:50] crowsnest: Dependency: 'crudini' found in /usr/bin/crudini.
[11/10/25 05:19:50] crowsnest: Dependency: 'find' found in /usr/bin/find.
[11/10/25 05:19:50] crowsnest: Dependency: 'xargs' found in /usr/bin/xargs.
[11/10/25 05:19:50] crowsnest: Dependency: 'ustreamer' found in bin/ustreamer/src/ustreamer.bin.
[11/10/25 05:19:50] crowsnest: Version Control: ustreamer is up to date. (v6.10)
[11/10/25 05:19:50] crowsnest: INFO: Print Configfile: '/home/biqu/printer_data/config/crowsnest.conf'
[11/10/25 05:19:50] crowsnest:		[crowsnest]
[11/10/25 05:19:50] crowsnest:		log_path: /home/biqu/printer_data/logs/crowsnest.log
[11/10/25 05:19:50] crowsnest:		log_level: verbose
[11/10/25 05:19:50] crowsnest:		delete_log: false
[11/10/25 05:19:50] crowsnest:		no_proxy: false
[11/10/25 05:19:50] crowsnest:		
[11/10/25 05:19:50] crowsnest:		[cam 1]
[11/10/25 05:19:50] crowsnest:		mode: ustreamer
[11/10/25 05:19:50] crowsnest:		
[11/10/25 05:19:50] crowsnest:		enable_rtsp: false
[11/10/25 05:19:50] crowsnest:		rtsp_port: 8554
[11/10/25 05:19:50] crowsnest:		port: 8080
[11/10/25 05:19:50] crowsnest:		device: /dev/video0
[11/10/25 05:19:50] crowsnest:		resolution: 1920x1080
[11/10/25 05:19:50] crowsnest:		max_fps: 15
[11/10/25 05:19:50] crowsnest: INFO: Detect available Devices
[11/10/25 05:19:51] crowsnest: ERROR: No usable Devices Found. Stopping crowsnest.
[11/10/25 05:19:57] crowsnest: crowsnest - A webcam Service for multiple Cams and Stream Services.
[11/10/25 05:19:57] crowsnest: Version: v4.1.16-1-g059fa87
[11/10/25 05:19:57] crowsnest: Prepare Startup ...
[11/10/25 05:19:57] crowsnest: INFO: Host information:
[11/10/25 05:19:57] crowsnest: Host Info: Distribution: Armbian 25.8.1 bookworm
Armbian 25.8.1 bookworm
[11/10/25 05:19:57] crowsnest: Host Info: Kernel: Linux 6.6.66-vendor-sunxi64 aarch64
[11/10/25 05:19:57] crowsnest: Host Info: Available CPU Cores: 4
[11/10/25 05:19:57] crowsnest: Host Info: Available Memory: 940764 kB
[11/10/25 05:19:57] crowsnest: Host Info: Diskspace (avail. / total): 8.7G / 15G
[11/10/25 05:19:57] crowsnest: INFO: Checking Dependencies
[11/10/25 05:19:57] crowsnest: Dependency: 'crudini' found in /usr/bin/crudini.
[11/10/25 05:19:57] crowsnest: Dependency: 'find' found in /usr/bin/find.
[11/10/25 05:19:57] crowsnest: Dependency: 'xargs' found in /usr/bin/xargs.
[11/10/25 05:19:57] crowsnest: Dependency: 'ustreamer' found in bin/ustreamer/src/ustreamer.bin.
[11/10/25 05:19:57] crowsnest: Version Control: ustreamer is up to date. (v6.10)
[11/10/25 05:19:57] crowsnest: INFO: Print Configfile: '/home/biqu/printer_data/config/crowsnest.conf'
[11/10/25 05:19:57] crowsnest:		[crowsnest]
[11/10/25 05:19:57] crowsnest:		log_path: /home/biqu/printer_data/logs/crowsnest.log
[11/10/25 05:19:57] crowsnest:		log_level: verbose
[11/10/25 05:19:57] crowsnest:		delete_log: false
[11/10/25 05:19:57] crowsnest:		no_proxy: false
[11/10/25 05:19:57] crowsnest:		
[11/10/25 05:19:57] crowsnest:		[cam 1]
[11/10/25 05:19:57] crowsnest:		mode: ustreamer
[11/10/25 05:19:57] crowsnest:		
[11/10/25 05:19:57] crowsnest:		enable_rtsp: false
[11/10/25 05:19:57] crowsnest:		rtsp_port: 8554
[11/10/25 05:19:57] crowsnest:		port: 8080
[11/10/25 05:19:57] crowsnest:		device: /dev/video0
[11/10/25 05:19:57] crowsnest:		resolution: 1920x1080
[11/10/25 05:19:57] crowsnest:		max_fps: 15
[11/10/25 05:19:57] crowsnest: INFO: Detect available Devices
[11/10/25 05:19:57] crowsnest: ERROR: No usable Devices Found. Stopping crowsnest.
[11/10/25 05:20:04] crowsnest: crowsnest - A webcam Service for multiple Cams and Stream Services.
[11/10/25 05:20:04] crowsnest: Version: v4.1.16-1-g059fa87
[11/10/25 05:20:04] crowsnest: Prepare Startup ...
[11/10/25 05:20:04] crowsnest: INFO: Host information:
[11/10/25 05:20:04] crowsnest: Host Info: Distribution: Armbian 25.8.1 bookworm
Armbian 25.8.1 bookworm
[11/10/25 05:20:04] crowsnest: Host Info: Kernel: Linux 6.6.66-vendor-sunxi64 aarch64
[11/10/25 05:20:04] crowsnest: Host Info: Available CPU Cores: 4
[11/10/25 05:20:04] crowsnest: Host Info: Available Memory: 940764 kB
[11/10/25 05:20:04] crowsnest: Host Info: Diskspace (avail. / total): 8.7G / 15G
[11/10/25 05:20:04] crowsnest: INFO: Checking Dependencies
[11/10/25 05:20:04] crowsnest: Dependency: 'crudini' found in /usr/bin/crudini.
[11/10/25 05:20:04] crowsnest: Dependency: 'find' found in /usr/bin/find.
[11/10/25 05:20:04] crowsnest: Dependency: 'xargs' found in /usr/bin/xargs.
[11/10/25 05:20:04] crowsnest: Dependency: 'ustreamer' found in bin/ustreamer/src/ustreamer.bin.
[11/10/25 05:20:04] crowsnest: Version Control: ustreamer is up to date. (v6.10)
[11/10/25 05:20:04] crowsnest: INFO: Print Configfile: '/home/biqu/printer_data/config/crowsnest.conf'
[11/10/25 05:20:04] crowsnest:		[crowsnest]
[11/10/25 05:20:04] crowsnest:		log_path: /home/biqu/printer_data/logs/crowsnest.log
[11/10/25 05:20:04] crowsnest:		log_level: verbose
[11/10/25 05:20:04] crowsnest:		delete_log: false
[11/10/25 05:20:04] crowsnest:		no_proxy: false
[11/10/25 05:20:04] crowsnest:		
[11/10/25 05:20:04] crowsnest:		[cam 1]
[11/10/25 05:20:04] crowsnest:		mode: ustreamer
[11/10/25 05:20:04] crowsnest:		
[11/10/25 05:20:04] crowsnest:		enable_rtsp: false
[11/10/25 05:20:04] crowsnest:		rtsp_port: 8554
[11/10/25 05:20:04] crowsnest:		port: 8080
[11/10/25 05:20:04] crowsnest:		device: /dev/video0
[11/10/25 05:20:04] crowsnest:		resolution: 1920x1080
[11/10/25 05:20:04] crowsnest:		max_fps: 15
[11/10/25 05:20:04] crowsnest: INFO: Detect available Devices
[11/10/25 05:20:04] crowsnest: ERROR: No usable Devices Found. Stopping crowsnest.
[11/12/25 08:17:23] crowsnest: crowsnest - A webcam Service for multiple Cams and Stream Services.
[11/12/25 08:21:49] crowsnest: Version: v4.1.17-1-g9cc3d4a
[11/12/25 08:21:49] crowsnest: Prepare Startup ...
[11/12/25 08:21:49] crowsnest: INFO: Host information:
[11/12/25 08:21:49] crowsnest: Host Info: Distribution: Armbian 25.8.1 bookworm
Armbian 25.8.1 bookworm
[11/12/25 08:21:49] crowsnest: Host Info: Kernel: Linux 6.6.66-vendor-sunxi64 aarch64
[11/12/25 08:21:49] crowsnest: Host Info: Available CPU Cores: 4
[11/12/25 08:21:49] crowsnest: Host Info: Available Memory: 940764 kB
[11/12/25 08:21:49] crowsnest: Host Info: Diskspace (avail. / total): 8.5G / 15G
[11/12/25 08:21:49] crowsnest: INFO: Checking Dependencies
[11/12/25 08:21:52] crowsnest: Dependency: 'crudini' found in /usr/bin/crudini.
[11/12/25 08:21:52] crowsnest: Dependency: 'find' found in /usr/bin/find.
[11/12/25 08:21:52] crowsnest: Dependency: 'xargs' found in /usr/bin/xargs.
[11/12/25 08:21:52] crowsnest: Dependency: 'ustreamer' found in bin/ustreamer/src/ustreamer.bin.
[11/12/25 08:21:53] crowsnest: Version Control: ustreamer is up to date. (v6.10)
[11/12/25 08:21:53] crowsnest: INFO: Print Configfile: '/home/biqu/printer_data/config/crowsnest.conf'
[11/12/25 08:21:53] crowsnest:		[crowsnest]
[11/12/25 08:21:53] crowsnest:		log_path: /home/biqu/printer_data/logs/crowsnest.log
[11/12/25 08:21:53] crowsnest:		log_level: verbose
[11/12/25 08:21:53] crowsnest:		delete_log: false
[11/12/25 08:21:53] crowsnest:		no_proxy: false
[11/12/25 08:21:53] crowsnest:		
[11/12/25 08:21:53] crowsnest:		[cam 1]
[11/12/25 08:21:53] crowsnest:		mode: ustreamer
[11/12/25 08:21:53] crowsnest:		
[11/12/25 08:21:53] crowsnest:		enable_rtsp: false
[11/12/25 08:21:53] crowsnest:		rtsp_port: 8554
[11/12/25 08:21:53] crowsnest:		port: 8080
[11/12/25 08:21:53] crowsnest:		device: /dev/video0
[11/12/25 08:21:53] crowsnest:		resolution: 1920x1080
[11/12/25 08:21:53] crowsnest:		max_fps: 15
[11/12/25 08:21:53] crowsnest: INFO: Detect available Devices
[11/12/25 08:21:53] crowsnest: ERROR: No usable Devices Found. Stopping crowsnest.
[11/12/25 08:21:59] crowsnest: crowsnest - A webcam Service for multiple Cams and Stream Services.
[11/12/25 08:21:59] crowsnest: Version: v4.1.17-1-g9cc3d4a
[11/12/25 08:21:59] crowsnest: Prepare Startup ...
[11/12/25 08:21:59] crowsnest: INFO: Host information:
[11/12/25 08:21:59] crowsnest: Host Info: Distribution: Armbian 25.8.1 bookworm
Armbian 25.8.1 bookworm
[11/12/25 08:21:59] crowsnest: Host Info: Kernel: Linux 6.6.66-vendor-sunxi64 aarch64
[11/12/25 08:21:59] crowsnest: Host Info: Available CPU Cores: 4
[11/12/25 08:21:59] crowsnest: Host Info: Available Memory: 940764 kB
[11/12/25 08:21:59] crowsnest: Host Info: Diskspace (avail. / total): 8.5G / 15G
[11/12/25 08:21:59] crowsnest: INFO: Checking Dependencies
[11/12/25 08:21:59] crowsnest: Dependency: 'crudini' found in /usr/bin/crudini.
[11/12/25 08:21:59] crowsnest: Dependency: 'find' found in /usr/bin/find.
[11/12/25 08:21:59] crowsnest: Dependency: 'xargs' found in /usr/bin/xargs.
[11/12/25 08:21:59] crowsnest: Dependency: 'ustreamer' found in bin/ustreamer/src/ustreamer.bin.
[11/12/25 08:21:59] crowsnest: Version Control: ustreamer is up to date. (v6.10)
[11/12/25 08:21:59] crowsnest: INFO: Print Configfile: '/home/biqu/printer_data/config/crowsnest.conf'
[11/12/25 08:21:59] crowsnest:		[crowsnest]
[11/12/25 08:21:59] crowsnest:		log_path: /home/biqu/printer_data/logs/crowsnest.log
[11/12/25 08:21:59] crowsnest:		log_level: verbose
[11/12/25 08:21:59] crowsnest:		delete_log: false
[11/12/25 08:21:59] crowsnest:		no_proxy: false
[11/12/25 08:21:59] crowsnest:		
[11/12/25 08:21:59] crowsnest:		[cam 1]
[11/12/25 08:21:59] crowsnest:		mode: ustreamer
[11/12/25 08:21:59] crowsnest:		
[11/12/25 08:21:59] crowsnest:		enable_rtsp: false
[11/12/25 08:21:59] crowsnest:		rtsp_port: 8554
[11/12/25 08:21:59] crowsnest:		port: 8080
[11/12/25 08:21:59] crowsnest:		device: /dev/video0
[11/12/25 08:21:59] crowsnest:		resolution: 1920x1080
[11/12/25 08:21:59] crowsnest:		max_fps: 15
[11/12/25 08:21:59] crowsnest: INFO: Detect available Devices
[11/12/25 08:21:59] crowsnest: ERROR: No usable Devices Found. Stopping crowsnest.
[11/12/25 08:22:06] crowsnest: crowsnest - A webcam Service for multiple Cams and Stream Services.
[11/12/25 08:22:06] crowsnest: Version: v4.1.17-1-g9cc3d4a
[11/12/25 08:22:06] crowsnest: Prepare Startup ...
[11/12/25 08:22:06] crowsnest: INFO: Host information:
[11/12/25 08:22:06] crowsnest: Host Info: Distribution: Armbian 25.8.1 bookworm
Armbian 25.8.1 bookworm
[11/12/25 08:22:06] crowsnest: Host Info: Kernel: Linux 6.6.66-vendor-sunxi64 aarch64
[11/12/25 08:22:06] crowsnest: Host Info: Available CPU Cores: 4
[11/12/25 08:22:06] crowsnest: Host Info: Available Memory: 940764 kB
[11/12/25 08:22:06] crowsnest: Host Info: Diskspace (avail. / total): 8.5G / 15G
[11/12/25 08:22:06] crowsnest: INFO: Checking Dependencies
[11/12/25 08:22:06] crowsnest: Dependency: 'crudini' found in /usr/bin/crudini.
[11/12/25 08:22:06] crowsnest: Dependency: 'find' found in /usr/bin/find.
[11/12/25 08:22:06] crowsnest: Dependency: 'xargs' found in /usr/bin/xargs.
[11/12/25 08:22:06] crowsnest: Dependency: 'ustreamer' found in bin/ustreamer/src/ustreamer.bin.
[11/12/25 08:22:06] crowsnest: Version Control: ustreamer is up to date. (v6.10)
[11/12/25 08:22:06] crowsnest: INFO: Print Configfile: '/home/biqu/printer_data/config/crowsnest.conf'
[11/12/25 08:22:06] crowsnest:		[crowsnest]
[11/12/25 08:22:06] crowsnest:		log_path: /home/biqu/printer_data/logs/crowsnest.log
[11/12/25 08:22:06] crowsnest:		log_level: verbose
[11/12/25 08:22:06] crowsnest:		delete_log: false
[11/12/25 08:22:06] crowsnest:		no_proxy: false
[11/12/25 08:22:06] crowsnest:		
[11/12/25 08:22:06] crowsnest:		[cam 1]
[11/12/25 08:22:06] crowsnest:		mode: ustreamer
[11/12/25 08:22:06] crowsnest:		
[11/12/25 08:22:06] crowsnest:		enable_rtsp: false
[11/12/25 08:22:06] crowsnest:		rtsp_port: 8554
[11/12/25 08:22:06] crowsnest:		port: 8080
[11/12/25 08:22:06] crowsnest:		device: /dev/video0
[11/12/25 08:22:06] crowsnest:		resolution: 1920x1080
[11/12/25 08:22:06] crowsnest:		max_fps: 15
[11/12/25 08:22:06] crowsnest: INFO: Detect available Devices
[11/12/25 08:22:06] crowsnest: ERROR: No usable Devices Found. Stopping crowsnest.
[11/12/25 08:22:12] crowsnest: crowsnest - A webcam Service for multiple Cams and Stream Services.
[11/12/25 08:22:12] crowsnest: Version: v4.1.17-1-g9cc3d4a
[11/12/25 08:22:12] crowsnest: Prepare Startup ...
[11/12/25 08:22:12] crowsnest: INFO: Host information:
[11/12/25 08:22:12] crowsnest: Host Info: Distribution: Armbian 25.8.1 bookworm
Armbian 25.8.1 bookworm
[11/12/25 08:22:12] crowsnest: Host Info: Kernel: Linux 6.6.66-vendor-sunxi64 aarch64
[11/12/25 08:22:12] crowsnest: Host Info: Available CPU Cores: 4
[11/12/25 08:22:12] crowsnest: Host Info: Available Memory: 940764 kB
[11/12/25 08:22:12] crowsnest: Host Info: Diskspace (avail. / total): 8.5G / 15G
[11/12/25 08:22:12] crowsnest: INFO: Checking Dependencies
[11/12/25 08:22:12] crowsnest: Dependency: 'crudini' found in /usr/bin/crudini.
[11/12/25 08:22:12] crowsnest: Dependency: 'find' found in /usr/bin/find.
[11/12/25 08:22:12] crowsnest: Dependency: 'xargs' found in /usr/bin/xargs.
[11/12/25 08:22:12] crowsnest: Dependency: 'ustreamer' found in bin/ustreamer/src/ustreamer.bin.
[11/12/25 08:22:12] crowsnest: Version Control: ustreamer is up to date. (v6.10)
[11/12/25 08:22:12] crowsnest: INFO: Print Configfile: '/home/biqu/printer_data/config/crowsnest.conf'
[11/12/25 08:22:12] crowsnest:		[crowsnest]
[11/12/25 08:22:12] crowsnest:		log_path: /home/biqu/printer_data/logs/crowsnest.log
[11/12/25 08:22:12] crowsnest:		log_level: verbose
[11/12/25 08:22:12] crowsnest:		delete_log: false
[11/12/25 08:22:12] crowsnest:		no_proxy: false
[11/12/25 08:22:12] crowsnest:		
[11/12/25 08:22:12] crowsnest:		[cam 1]
[11/12/25 08:22:12] crowsnest:		mode: ustreamer
[11/12/25 08:22:12] crowsnest:		
[11/12/25 08:22:12] crowsnest:		enable_rtsp: false
[11/12/25 08:22:12] crowsnest:		rtsp_port: 8554
[11/12/25 08:22:12] crowsnest:		port: 8080
[11/12/25 08:22:12] crowsnest:		device: /dev/video0
[11/12/25 08:22:12] crowsnest:		resolution: 1920x1080
[11/12/25 08:22:12] crowsnest:		max_fps: 15
[11/12/25 08:22:12] crowsnest: INFO: Detect available Devices
[11/12/25 08:22:12] crowsnest: ERROR: No usable Devices Found. Stopping crowsnest.
[11/12/25 08:22:19] crowsnest: crowsnest - A webcam Service for multiple Cams and Stream Services.
[11/12/25 08:22:19] crowsnest: Version: v4.1.17-1-g9cc3d4a
[11/12/25 08:22:19] crowsnest: Prepare Startup ...
[11/12/25 08:22:19] crowsnest: INFO: Host information:
[11/12/25 08:22:19] crowsnest: Host Info: Distribution: Armbian 25.8.1 bookworm
Armbian 25.8.1 bookworm
[11/12/25 08:22:19] crowsnest: Host Info: Kernel: Linux 6.6.66-vendor-sunxi64 aarch64
[11/12/25 08:22:19] crowsnest: Host Info: Available CPU Cores: 4
[11/12/25 08:22:19] crowsnest: Host Info: Available Memory: 940764 kB
[11/12/25 08:22:19] crowsnest: Host Info: Diskspace (avail. / total): 8.5G / 15G
[11/12/25 08:22:19] crowsnest: INFO: Checking Dependencies
[11/12/25 08:22:19] crowsnest: Dependency: 'crudini' found in /usr/bin/crudini.
[11/12/25 08:22:19] crowsnest: Dependency: 'find' found in /usr/bin/find.
[11/12/25 08:22:19] crowsnest: Dependency: 'xargs' found in /usr/bin/xargs.
[11/12/25 08:22:19] crowsnest: Dependency: 'ustreamer' found in bin/ustreamer/src/ustreamer.bin.
[11/12/25 08:22:19] crowsnest: Version Control: ustreamer is up to date. (v6.10)
[11/12/25 08:22:19] crowsnest: INFO: Print Configfile: '/home/biqu/printer_data/config/crowsnest.conf'
[11/12/25 08:22:19] crowsnest:		[crowsnest]
[11/12/25 08:22:19] crowsnest:		log_path: /home/biqu/printer_data/logs/crowsnest.log
[11/12/25 08:22:19] crowsnest:		log_level: verbose
[11/12/25 08:22:19] crowsnest:		delete_log: false
[11/12/25 08:22:19] crowsnest:		no_proxy: false
[11/12/25 08:22:19] crowsnest:		
[11/12/25 08:22:19] crowsnest:		[cam 1]
[11/12/25 08:22:19] crowsnest:		mode: ustreamer
[11/12/25 08:22:19] crowsnest:		
[11/12/25 08:22:19] crowsnest:		enable_rtsp: false
[11/12/25 08:22:19] crowsnest:		rtsp_port: 8554
[11/12/25 08:22:19] crowsnest:		port: 8080
[11/12/25 08:22:19] crowsnest:		device: /dev/video0
[11/12/25 08:22:19] crowsnest:		resolution: 1920x1080
[11/12/25 08:22:19] crowsnest:		max_fps: 15
[11/12/25 08:22:19] crowsnest: INFO: Detect available Devices
[11/12/25 08:22:19] crowsnest: ERROR: No usable Devices Found. Stopping crowsnest.
[11/12/25 08:22:25] crowsnest: crowsnest - A webcam Service for multiple Cams and Stream Services.
[11/12/25 08:22:25] crowsnest: Version: v4.1.17-1-g9cc3d4a
[11/12/25 08:22:25] crowsnest: Prepare Startup ...
[11/12/25 08:22:25] crowsnest: INFO: Host information:
[11/12/25 08:22:25] crowsnest: Host Info: Distribution: Armbian 25.8.1 bookworm
Armbian 25.8.1 bookworm
[11/12/25 08:22:25] crowsnest: Host Info: Kernel: Linux 6.6.66-vendor-sunxi64 aarch64
[11/12/25 08:22:25] crowsnest: Host Info: Available CPU Cores: 4
[11/12/25 08:22:25] crowsnest: Host Info: Available Memory: 940764 kB
[11/12/25 08:22:25] crowsnest: Host Info: Diskspace (avail. / total): 8.5G / 15G
[11/12/25 08:22:25] crowsnest: INFO: Checking Dependencies
[11/12/25 08:22:25] crowsnest: Dependency: 'crudini' found in /usr/bin/crudini.
[11/12/25 08:22:25] crowsnest: Dependency: 'find' found in /usr/bin/find.
[11/12/25 08:22:25] crowsnest: Dependency: 'xargs' found in /usr/bin/xargs.
[11/12/25 08:22:25] crowsnest: Dependency: 'ustreamer' found in bin/ustreamer/src/ustreamer.bin.
[11/12/25 08:22:25] crowsnest: Version Control: ustreamer is up to date. (v6.10)
[11/12/25 08:22:25] crowsnest: INFO: Print Configfile: '/home/biqu/printer_data/config/crowsnest.conf'
[11/12/25 08:22:25] crowsnest:		[crowsnest]
[11/12/25 08:22:25] crowsnest:		log_path: /home/biqu/printer_data/logs/crowsnest.log
[11/12/25 08:22:25] crowsnest:		log_level: verbose
[11/12/25 08:22:25] crowsnest:		delete_log: false
[11/12/25 08:22:25] crowsnest:		no_proxy: false
[11/12/25 08:22:25] crowsnest:		
[11/12/25 08:22:25] crowsnest:		[cam 1]
[11/12/25 08:22:25] crowsnest:		mode: ustreamer
[11/12/25 08:22:25] crowsnest:		
[11/12/25 08:22:25] crowsnest:		enable_rtsp: false
[11/12/25 08:22:25] crowsnest:		rtsp_port: 8554
[11/12/25 08:22:25] crowsnest:		port: 8080
[11/12/25 08:22:25] crowsnest:		device: /dev/video0
[11/12/25 08:22:25] crowsnest:		resolution: 1920x1080
[11/12/25 08:22:25] crowsnest:		max_fps: 15
[11/12/25 08:22:25] crowsnest: INFO: Detect available Devices
[11/12/25 08:22:25] crowsnest: ERROR: No usable Devices Found. Stopping crowsnest.
[11/12/25 08:22:32] crowsnest: crowsnest - A webcam Service for multiple Cams and Stream Services.
[11/12/25 08:22:32] crowsnest: Version: v4.1.17-1-g9cc3d4a
[11/12/25 08:22:32] crowsnest: Prepare Startup ...
[11/12/25 08:22:32] crowsnest: INFO: Host information:
[11/12/25 08:22:32] crowsnest: Host Info: Distribution: Armbian 25.8.1 bookworm
Armbian 25.8.1 bookworm
[11/12/25 08:22:32] crowsnest: Host Info: Kernel: Linux 6.6.66-vendor-sunxi64 aarch64
[11/12/25 08:22:32] crowsnest: Host Info: Available CPU Cores: 4
[11/12/25 08:22:32] crowsnest: Host Info: Available Memory: 940764 kB
[11/12/25 08:22:32] crowsnest: Host Info: Diskspace (avail. / total): 8.5G / 15G
[11/12/25 08:22:32] crowsnest: INFO: Checking Dependencies
[11/12/25 08:22:32] crowsnest: Dependency: 'crudini' found in /usr/bin/crudini.
[11/12/25 08:22:32] crowsnest: Dependency: 'find' found in /usr/bin/find.
[11/12/25 08:22:32] crowsnest: Dependency: 'xargs' found in /usr/bin/xargs.
[11/12/25 08:22:32] crowsnest: Dependency: 'ustreamer' found in bin/ustreamer/src/ustreamer.bin.
[11/12/25 08:22:32] crowsnest: Version Control: ustreamer is up to date. (v6.10)
[11/12/25 08:22:32] crowsnest: INFO: Print Configfile: '/home/biqu/printer_data/config/crowsnest.conf'
[11/12/25 08:22:32] crowsnest:		[crowsnest]
[11/12/25 08:22:32] crowsnest:		log_path: /home/biqu/printer_data/logs/crowsnest.log
[11/12/25 08:22:32] crowsnest:		log_level: verbose
[11/12/25 08:22:32] crowsnest:		delete_log: false
[11/12/25 08:22:32] crowsnest:		no_proxy: false
[11/12/25 08:22:32] crowsnest:		
[11/12/25 08:22:32] crowsnest:		[cam 1]
[11/12/25 08:22:32] crowsnest:		mode: ustreamer
[11/12/25 08:22:32] crowsnest:		
[11/12/25 08:22:32] crowsnest:		enable_rtsp: false
[11/12/25 08:22:32] crowsnest:		rtsp_port: 8554
[11/12/25 08:22:32] crowsnest:		port: 8080
[11/12/25 08:22:32] crowsnest:		device: /dev/video0
[11/12/25 08:22:32] crowsnest:		resolution: 1920x1080
[11/12/25 08:22:32] crowsnest:		max_fps: 15
[11/12/25 08:22:32] crowsnest: INFO: Detect available Devices
[11/12/25 08:22:32] crowsnest: ERROR: No usable Devices Found. Stopping crowsnest.
[11/12/25 08:22:38] crowsnest: crowsnest - A webcam Service for multiple Cams and Stream Services.
[11/12/25 08:22:38] crowsnest: Version: v4.1.17-1-g9cc3d4a
[11/12/25 08:22:38] crowsnest: Prepare Startup ...
[11/12/25 08:22:38] crowsnest: INFO: Host information:
[11/12/25 08:22:38] crowsnest: Host Info: Distribution: Armbian 25.8.1 bookworm
Armbian 25.8.1 bookworm
[11/12/25 08:22:38] crowsnest: Host Info: Kernel: Linux 6.6.66-vendor-sunxi64 aarch64
[11/12/25 08:22:38] crowsnest: Host Info: Available CPU Cores: 4
[11/12/25 08:22:38] crowsnest: Host Info: Available Memory: 940764 kB
[11/12/25 08:22:38] crowsnest: Host Info: Diskspace (avail. / total): 8.5G / 15G
[11/12/25 08:22:38] crowsnest: INFO: Checking Dependencies
[11/12/25 08:22:38] crowsnest: Dependency: 'crudini' found in /usr/bin/crudini.
[11/12/25 08:22:38] crowsnest: Dependency: 'find' found in /usr/bin/find.
[11/12/25 08:22:38] crowsnest: Dependency: 'xargs' found in /usr/bin/xargs.
[11/12/25 08:22:38] crowsnest: Dependency: 'ustreamer' found in bin/ustreamer/src/ustreamer.bin.
[11/12/25 08:22:38] crowsnest: Version Control: ustreamer is up to date. (v6.10)
[11/12/25 08:22:38] crowsnest: INFO: Print Configfile: '/home/biqu/printer_data/config/crowsnest.conf'
[11/12/25 08:22:38] crowsnest:		[crowsnest]
[11/12/25 08:22:38] crowsnest:		log_path: /home/biqu/printer_data/logs/crowsnest.log
[11/12/25 08:22:38] crowsnest:		log_level: verbose
[11/12/25 08:22:38] crowsnest:		delete_log: false
[11/12/25 08:22:38] crowsnest:		no_proxy: false
[11/12/25 08:22:38] crowsnest:		
[11/12/25 08:22:38] crowsnest:		[cam 1]
[11/12/25 08:22:38] crowsnest:		mode: ustreamer
[11/12/25 08:22:38] crowsnest:		
[11/12/25 08:22:38] crowsnest:		enable_rtsp: false
[11/12/25 08:22:38] crowsnest:		rtsp_port: 8554
[11/12/25 08:22:38] crowsnest:		port: 8080
[11/12/25 08:22:38] crowsnest:		device: /dev/video0
[11/12/25 08:22:38] crowsnest:		resolution: 1920x1080
[11/12/25 08:22:38] crowsnest:		max_fps: 15
[11/12/25 08:22:38] crowsnest: INFO: Detect available Devices
[11/12/25 08:22:38] crowsnest: ERROR: No usable Devices Found. Stopping crowsnest.
[11/12/25 08:22:45] crowsnest: crowsnest - A webcam Service for multiple Cams and Stream Services.
[11/12/25 08:22:45] crowsnest: Version: v4.1.17-1-g9cc3d4a
[11/12/25 08:22:45] crowsnest: Prepare Startup ...
[11/12/25 08:22:45] crowsnest: INFO: Host information:
[11/12/25 08:22:45] crowsnest: Host Info: Distribution: Armbian 25.8.1 bookworm
Armbian 25.8.1 bookworm
[11/12/25 08:22:45] crowsnest: Host Info: Kernel: Linux 6.6.66-vendor-sunxi64 aarch64
[11/12/25 08:22:45] crowsnest: Host Info: Available CPU Cores: 4
[11/12/25 08:22:45] crowsnest: Host Info: Available Memory: 940764 kB
[11/12/25 08:22:45] crowsnest: Host Info: Diskspace (avail. / total): 8.5G / 15G
[11/12/25 08:22:45] crowsnest: INFO: Checking Dependencies
[11/12/25 08:22:45] crowsnest: Dependency: 'crudini' found in /usr/bin/crudini.
[11/12/25 08:22:45] crowsnest: Dependency: 'find' found in /usr/bin/find.
[11/12/25 08:22:45] crowsnest: Dependency: 'xargs' found in /usr/bin/xargs.
[11/12/25 08:22:45] crowsnest: Dependency: 'ustreamer' found in bin/ustreamer/src/ustreamer.bin.
[11/12/25 08:22:45] crowsnest: Version Control: ustreamer is up to date. (v6.10)
[11/12/25 08:22:45] crowsnest: INFO: Print Configfile: '/home/biqu/printer_data/config/crowsnest.conf'
[11/12/25 08:22:45] crowsnest:		[crowsnest]
[11/12/25 08:22:45] crowsnest:		log_path: /home/biqu/printer_data/logs/crowsnest.log
[11/12/25 08:22:45] crowsnest:		log_level: verbose
[11/12/25 08:22:45] crowsnest:		delete_log: false
[11/12/25 08:22:45] crowsnest:		no_proxy: false
[11/12/25 08:22:45] crowsnest:		
[11/12/25 08:22:45] crowsnest:		[cam 1]
[11/12/25 08:22:45] crowsnest:		mode: ustreamer
[11/12/25 08:22:45] crowsnest:		
[11/12/25 08:22:45] crowsnest:		enable_rtsp: false
[11/12/25 08:22:45] crowsnest:		rtsp_port: 8554
[11/12/25 08:22:45] crowsnest:		port: 8080
[11/12/25 08:22:45] crowsnest:		device: /dev/video0
[11/12/25 08:22:45] crowsnest:		resolution: 1920x1080
[11/12/25 08:22:45] crowsnest:		max_fps: 15
[11/12/25 08:22:45] crowsnest: INFO: Detect available Devices
[11/12/25 08:22:45] crowsnest: ERROR: No usable Devices Found. Stopping crowsnest.
[11/12/25 08:22:51] crowsnest: crowsnest - A webcam Service for multiple Cams and Stream Services.
[11/12/25 08:22:51] crowsnest: Version: v4.1.17-1-g9cc3d4a
[11/12/25 08:22:51] crowsnest: Prepare Startup ...
[11/12/25 08:22:51] crowsnest: INFO: Host information:
[11/12/25 08:22:51] crowsnest: Host Info: Distribution: Armbian 25.8.1 bookworm
Armbian 25.8.1 bookworm
[11/12/25 08:22:51] crowsnest: Host Info: Kernel: Linux 6.6.66-vendor-sunxi64 aarch64
[11/12/25 08:22:51] crowsnest: Host Info: Available CPU Cores: 4
[11/12/25 08:22:51] crowsnest: Host Info: Available Memory: 940764 kB
[11/12/25 08:22:51] crowsnest: Host Info: Diskspace (avail. / total): 8.5G / 15G
[11/12/25 08:22:51] crowsnest: INFO: Checking Dependencies
[11/12/25 08:22:51] crowsnest: Dependency: 'crudini' found in /usr/bin/crudini.
[11/12/25 08:22:51] crowsnest: Dependency: 'find' found in /usr/bin/find.
[11/12/25 08:22:51] crowsnest: Dependency: 'xargs' found in /usr/bin/xargs.
[11/12/25 08:22:51] crowsnest: Dependency: 'ustreamer' found in bin/ustreamer/src/ustreamer.bin.
[11/12/25 08:22:51] crowsnest: Version Control: ustreamer is up to date. (v6.10)
[11/12/25 08:22:51] crowsnest: INFO: Print Configfile: '/home/biqu/printer_data/config/crowsnest.conf'
[11/12/25 08:22:51] crowsnest:		[crowsnest]
[11/12/25 08:22:51] crowsnest:		log_path: /home/biqu/printer_data/logs/crowsnest.log
[11/12/25 08:22:51] crowsnest:		log_level: verbose
[11/12/25 08:22:51] crowsnest:		delete_log: false
[11/12/25 08:22:51] crowsnest:		no_proxy: false
[11/12/25 08:22:51] crowsnest:		
[11/12/25 08:22:51] crowsnest:		[cam 1]
[11/12/25 08:22:51] crowsnest:		mode: ustreamer
[11/12/25 08:22:51] crowsnest:		
[11/12/25 08:22:51] crowsnest:		enable_rtsp: false
[11/12/25 08:22:51] crowsnest:		rtsp_port: 8554
[11/12/25 08:22:51] crowsnest:		port: 8080
[11/12/25 08:22:51] crowsnest:		device: /dev/video0
[11/12/25 08:22:51] crowsnest:		resolution: 1920x1080
[11/12/25 08:22:51] crowsnest:		max_fps: 15
[11/12/25 08:22:51] crowsnest: INFO: Detect available Devices
[11/12/25 08:22:51] crowsnest: ERROR: No usable Devices Found. Stopping crowsnest.
[11/14/25 11:17:23] crowsnest: crowsnest - A webcam Service for multiple Cams and Stream Services.
[11/14/25 11:17:25] crowsnest: Version: v4.1.17-1-g9cc3d4a
[11/14/25 11:17:25] crowsnest: Prepare Startup ...
[11/14/25 11:17:25] crowsnest: INFO: Host information:
[11/14/25 11:17:25] crowsnest: Host Info: Distribution: Armbian 25.8.1 bookworm
Armbian 25.8.1 bookworm
[11/14/25 11:17:25] crowsnest: Host Info: Kernel: Linux 6.6.66-vendor-sunxi64 aarch64
[11/14/25 11:17:25] crowsnest: Host Info: Available CPU Cores: 4
[11/14/25 11:17:25] crowsnest: Host Info: Available Memory: 940764 kB
[11/14/25 11:17:25] crowsnest: Host Info: Diskspace (avail. / total): 8.3G / 15G
[11/14/25 11:17:25] crowsnest: INFO: Checking Dependencies
[11/14/25 11:17:28] crowsnest: Dependency: 'crudini' found in /usr/bin/crudini.
[11/14/25 11:17:28] crowsnest: Dependency: 'find' found in /usr/bin/find.
[11/14/25 12:17:17] crowsnest: Dependency: 'xargs' found in /usr/bin/xargs.
[11/14/25 12:17:17] crowsnest: Dependency: 'ustreamer' found in bin/ustreamer/src/ustreamer.bin.
[11/14/25 12:17:17] crowsnest: Version Control: ustreamer is up to date. (v6.10)
[11/14/25 12:17:17] crowsnest: INFO: Print Configfile: '/home/biqu/printer_data/config/crowsnest.conf'
[11/14/25 12:17:17] crowsnest:		[crowsnest]
[11/14/25 12:17:17] crowsnest:		log_path: /home/biqu/printer_data/logs/crowsnest.log
[11/14/25 12:17:17] crowsnest:		log_level: verbose
[11/14/25 12:17:17] crowsnest:		delete_log: false
[11/14/25 12:17:17] crowsnest:		no_proxy: false
[11/14/25 12:17:17] crowsnest:		
[11/14/25 12:17:17] crowsnest:		[cam 1]
[11/14/25 12:17:17] crowsnest:		mode: ustreamer
[11/14/25 12:17:17] crowsnest:		
[11/14/25 12:17:17] crowsnest:		enable_rtsp: false
[11/14/25 12:17:17] crowsnest:		rtsp_port: 8554
[11/14/25 12:17:17] crowsnest:		port: 8080
[11/14/25 12:17:17] crowsnest:		device: /dev/video0
[11/14/25 12:17:17] crowsnest:		resolution: 1920x1080
[11/14/25 12:17:17] crowsnest:		max_fps: 15
[11/14/25 12:17:17] crowsnest: INFO: Detect available Devices
[11/14/25 12:17:18] crowsnest: ERROR: No usable Devices Found. Stopping crowsnest.
[11/14/25 12:17:24] crowsnest: crowsnest - A webcam Service for multiple Cams and Stream Services.
[11/14/25 12:17:24] crowsnest: Version: v4.1.17-1-g9cc3d4a
[11/14/25 12:17:24] crowsnest: Prepare Startup ...
[11/14/25 12:17:24] crowsnest: INFO: Host information:
[11/14/25 12:17:24] crowsnest: Host Info: Distribution: Armbian 25.8.1 bookworm
Armbian 25.8.1 bookworm
[11/14/25 12:17:24] crowsnest: Host Info: Kernel: Linux 6.6.66-vendor-sunxi64 aarch64
[11/14/25 12:17:24] crowsnest: Host Info: Available CPU Cores: 4
[11/14/25 12:17:24] crowsnest: Host Info: Available Memory: 940764 kB
[11/14/25 12:17:24] crowsnest: Host Info: Diskspace (avail. / total): 8.3G / 15G
[11/14/25 12:17:24] crowsnest: INFO: Checking Dependencies
[11/14/25 12:17:24] crowsnest: Dependency: 'crudini' found in /usr/bin/crudini.
[11/14/25 12:17:24] crowsnest: Dependency: 'find' found in /usr/bin/find.
[11/14/25 12:17:24] crowsnest: Dependency: 'xargs' found in /usr/bin/xargs.
[11/14/25 12:17:24] crowsnest: Dependency: 'ustreamer' found in bin/ustreamer/src/ustreamer.bin.
[11/14/25 12:17:24] crowsnest: Version Control: ustreamer is up to date. (v6.10)
[11/14/25 12:17:24] crowsnest: INFO: Print Configfile: '/home/biqu/printer_data/config/crowsnest.conf'
[11/14/25 12:17:24] crowsnest:		[crowsnest]
[11/14/25 12:17:24] crowsnest:		log_path: /home/biqu/printer_data/logs/crowsnest.log
[11/14/25 12:17:24] crowsnest:		log_level: verbose
[11/14/25 12:17:24] crowsnest:		delete_log: false
[11/14/25 12:17:24] crowsnest:		no_proxy: false
[11/14/25 12:17:24] crowsnest:		
[11/14/25 12:17:24] crowsnest:		[cam 1]
[11/14/25 12:17:24] crowsnest:		mode: ustreamer
[11/14/25 12:17:24] crowsnest:		
[11/14/25 12:17:24] crowsnest:		enable_rtsp: false
[11/14/25 12:17:24] crowsnest:		rtsp_port: 8554
[11/14/25 12:17:24] crowsnest:		port: 8080
[11/14/25 12:17:24] crowsnest:		device: /dev/video0
[11/14/25 12:17:24] crowsnest:		resolution: 1920x1080
[11/14/25 12:17:24] crowsnest:		max_fps: 15
[11/14/25 12:17:24] crowsnest: INFO: Detect available Devices
[11/14/25 12:17:24] crowsnest: ERROR: No usable Devices Found. Stopping crowsnest.
[11/14/25 12:17:31] crowsnest: crowsnest - A webcam Service for multiple Cams and Stream Services.
[11/14/25 12:17:31] crowsnest: Version: v4.1.17-1-g9cc3d4a
[11/14/25 12:17:31] crowsnest: Prepare Startup ...
[11/14/25 12:17:31] crowsnest: INFO: Host information:
[11/14/25 12:17:31] crowsnest: Host Info: Distribution: Armbian 25.8.1 bookworm
Armbian 25.8.1 bookworm
[11/14/25 12:17:31] crowsnest: Host Info: Kernel: Linux 6.6.66-vendor-sunxi64 aarch64
[11/14/25 12:17:31] crowsnest: Host Info: Available CPU Cores: 4
[11/14/25 12:17:31] crowsnest: Host Info: Available Memory: 940764 kB
[11/14/25 12:17:31] crowsnest: Host Info: Diskspace (avail. / total): 8.3G / 15G
[11/14/25 12:17:31] crowsnest: INFO: Checking Dependencies
[11/14/25 12:17:31] crowsnest: Dependency: 'crudini' found in /usr/bin/crudini.
[11/14/25 12:17:31] crowsnest: Dependency: 'find' found in /usr/bin/find.
[11/14/25 12:17:31] crowsnest: Dependency: 'xargs' found in /usr/bin/xargs.
[11/14/25 12:17:31] crowsnest: Dependency: 'ustreamer' found in bin/ustreamer/src/ustreamer.bin.
[11/14/25 12:17:31] crowsnest: Version Control: ustreamer is up to date. (v6.10)
[11/14/25 12:17:31] crowsnest: INFO: Print Configfile: '/home/biqu/printer_data/config/crowsnest.conf'
[11/14/25 12:17:31] crowsnest:		[crowsnest]
[11/14/25 12:17:31] crowsnest:		log_path: /home/biqu/printer_data/logs/crowsnest.log
[11/14/25 12:17:31] crowsnest:		log_level: verbose
[11/14/25 12:17:31] crowsnest:		delete_log: false
[11/14/25 12:17:31] crowsnest:		no_proxy: false
[11/14/25 12:17:31] crowsnest:		
[11/14/25 12:17:31] crowsnest:		[cam 1]
[11/14/25 12:17:31] crowsnest:		mode: ustreamer
[11/14/25 12:17:31] crowsnest:		
[11/14/25 12:17:31] crowsnest:		enable_rtsp: false
[11/14/25 12:17:31] crowsnest:		rtsp_port: 8554
[11/14/25 12:17:31] crowsnest:		port: 8080
[11/14/25 12:17:31] crowsnest:		device: /dev/video0
[11/14/25 12:17:31] crowsnest:		resolution: 1920x1080
[11/14/25 12:17:31] crowsnest:		max_fps: 15
[11/14/25 12:17:31] crowsnest: INFO: Detect available Devices
[11/14/25 12:17:31] crowsnest: ERROR: No usable Devices Found. Stopping crowsnest.
[11/14/25 12:17:37] crowsnest: crowsnest - A webcam Service for multiple Cams and Stream Services.
[11/14/25 12:17:37] crowsnest: Version: v4.1.17-1-g9cc3d4a
[11/14/25 12:17:37] crowsnest: Prepare Startup ...
[11/14/25 12:17:37] crowsnest: INFO: Host information:
[11/14/25 12:17:37] crowsnest: Host Info: Distribution: Armbian 25.8.1 bookworm
Armbian 25.8.1 bookworm
[11/14/25 12:17:37] crowsnest: Host Info: Kernel: Linux 6.6.66-vendor-sunxi64 aarch64
[11/14/25 12:17:37] crowsnest: Host Info: Available CPU Cores: 4
[11/14/25 12:17:37] crowsnest: Host Info: Available Memory: 940764 kB
[11/14/25 12:17:37] crowsnest: Host Info: Diskspace (avail. / total): 8.3G / 15G
[11/14/25 12:17:37] crowsnest: INFO: Checking Dependencies
[11/14/25 12:17:37] crowsnest: Dependency: 'crudini' found in /usr/bin/crudini.
[11/14/25 12:17:37] crowsnest: Dependency: 'find' found in /usr/bin/find.
[11/14/25 12:17:37] crowsnest: Dependency: 'xargs' found in /usr/bin/xargs.
[11/14/25 12:17:37] crowsnest: Dependency: 'ustreamer' found in bin/ustreamer/src/ustreamer.bin.
[11/14/25 12:17:37] crowsnest: Version Control: ustreamer is up to date. (v6.10)
[11/14/25 12:17:37] crowsnest: INFO: Print Configfile: '/home/biqu/printer_data/config/crowsnest.conf'
[11/14/25 12:17:37] crowsnest:		[crowsnest]
[11/14/25 12:17:37] crowsnest:		log_path: /home/biqu/printer_data/logs/crowsnest.log
[11/14/25 12:17:37] crowsnest:		log_level: verbose
[11/14/25 12:17:37] crowsnest:		delete_log: false
[11/14/25 12:17:37] crowsnest:		no_proxy: false
[11/14/25 12:17:37] crowsnest:		
[11/14/25 12:17:37] crowsnest:		[cam 1]
[11/14/25 12:17:37] crowsnest:		mode: ustreamer
[11/14/25 12:17:37] crowsnest:		
[11/14/25 12:17:37] crowsnest:		enable_rtsp: false
[11/14/25 12:17:37] crowsnest:		rtsp_port: 8554
[11/14/25 12:17:37] crowsnest:		port: 8080
[11/14/25 12:17:37] crowsnest:		device: /dev/video0
[11/14/25 12:17:37] crowsnest:		resolution: 1920x1080
[11/14/25 12:17:37] crowsnest:		max_fps: 15
[11/14/25 12:17:37] crowsnest: INFO: Detect available Devices
[11/14/25 12:17:37] crowsnest: ERROR: No usable Devices Found. Stopping crowsnest.
[11/14/25 12:17:44] crowsnest: crowsnest - A webcam Service for multiple Cams and Stream Services.
[11/14/25 12:17:44] crowsnest: Version: v4.1.17-1-g9cc3d4a
[11/14/25 12:17:44] crowsnest: Prepare Startup ...
[11/14/25 12:17:44] crowsnest: INFO: Host information:
[11/14/25 12:17:44] crowsnest: Host Info: Distribution: Armbian 25.8.1 bookworm
Armbian 25.8.1 bookworm
[11/14/25 12:17:44] crowsnest: Host Info: Kernel: Linux 6.6.66-vendor-sunxi64 aarch64
[11/14/25 12:17:44] crowsnest: Host Info: Available CPU Cores: 4
[11/14/25 12:17:44] crowsnest: Host Info: Available Memory: 940764 kB
[11/14/25 12:17:44] crowsnest: Host Info: Diskspace (avail. / total): 8.3G / 15G
[11/14/25 12:17:44] crowsnest: INFO: Checking Dependencies
[11/14/25 12:17:44] crowsnest: Dependency: 'crudini' found in /usr/bin/crudini.
[11/14/25 12:17:44] crowsnest: Dependency: 'find' found in /usr/bin/find.
[11/14/25 12:17:44] crowsnest: Dependency: 'xargs' found in /usr/bin/xargs.
[11/14/25 12:17:44] crowsnest: Dependency: 'ustreamer' found in bin/ustreamer/src/ustreamer.bin.
[11/14/25 12:17:44] crowsnest: Version Control: ustreamer is up to date. (v6.10)
[11/14/25 12:17:44] crowsnest: INFO: Print Configfile: '/home/biqu/printer_data/config/crowsnest.conf'
[11/14/25 12:17:44] crowsnest:		[crowsnest]
[11/14/25 12:17:44] crowsnest:		log_path: /home/biqu/printer_data/logs/crowsnest.log
[11/14/25 12:17:44] crowsnest:		log_level: verbose
[11/14/25 12:17:44] crowsnest:		delete_log: false
[11/14/25 12:17:44] crowsnest:		no_proxy: false
[11/14/25 12:17:44] crowsnest:		
[11/14/25 12:17:44] crowsnest:		[cam 1]
[11/14/25 12:17:44] crowsnest:		mode: ustreamer
[11/14/25 12:17:44] crowsnest:		
[11/14/25 12:17:44] crowsnest:		enable_rtsp: false
[11/14/25 12:17:44] crowsnest:		rtsp_port: 8554
[11/14/25 12:17:44] crowsnest:		port: 8080
[11/14/25 12:17:44] crowsnest:		device: /dev/video0
[11/14/25 12:17:44] crowsnest:		resolution: 1920x1080
[11/14/25 12:17:44] crowsnest:		max_fps: 15
[11/14/25 12:17:44] crowsnest: INFO: Detect available Devices
[11/14/25 12:17:44] crowsnest: ERROR: No usable Devices Found. Stopping crowsnest.
[11/14/25 12:17:50] crowsnest: crowsnest - A webcam Service for multiple Cams and Stream Services.
[11/14/25 12:17:50] crowsnest: Version: v4.1.17-1-g9cc3d4a
[11/14/25 12:17:50] crowsnest: Prepare Startup ...
[11/14/25 12:17:50] crowsnest: INFO: Host information:
[11/14/25 12:17:50] crowsnest: Host Info: Distribution: Armbian 25.8.1 bookworm
Armbian 25.8.1 bookworm
[11/14/25 12:17:50] crowsnest: Host Info: Kernel: Linux 6.6.66-vendor-sunxi64 aarch64
[11/14/25 12:17:50] crowsnest: Host Info: Available CPU Cores: 4
[11/14/25 12:17:50] crowsnest: Host Info: Available Memory: 940764 kB
[11/14/25 12:17:50] crowsnest: Host Info: Diskspace (avail. / total): 8.3G / 15G
[11/14/25 12:17:50] crowsnest: INFO: Checking Dependencies
[11/14/25 12:17:50] crowsnest: Dependency: 'crudini' found in /usr/bin/crudini.
[11/14/25 12:17:50] crowsnest: Dependency: 'find' found in /usr/bin/find.
[11/14/25 12:17:50] crowsnest: Dependency: 'xargs' found in /usr/bin/xargs.
[11/14/25 12:17:50] crowsnest: Dependency: 'ustreamer' found in bin/ustreamer/src/ustreamer.bin.
[11/14/25 12:17:50] crowsnest: Version Control: ustreamer is up to date. (v6.10)
[11/14/25 12:17:50] crowsnest: INFO: Print Configfile: '/home/biqu/printer_data/config/crowsnest.conf'
[11/14/25 12:17:50] crowsnest:		[crowsnest]
[11/14/25 12:17:50] crowsnest:		log_path: /home/biqu/printer_data/logs/crowsnest.log
[11/14/25 12:17:50] crowsnest:		log_level: verbose
[11/14/25 12:17:50] crowsnest:		delete_log: false
[11/14/25 12:17:50] crowsnest:		no_proxy: false
[11/14/25 12:17:50] crowsnest:		
[11/14/25 12:17:50] crowsnest:		[cam 1]
[11/14/25 12:17:50] crowsnest:		mode: ustreamer
[11/14/25 12:17:50] crowsnest:		
[11/14/25 12:17:50] crowsnest:		enable_rtsp: false
[11/14/25 12:17:50] crowsnest:		rtsp_port: 8554
[11/14/25 12:17:50] crowsnest:		port: 8080
[11/14/25 12:17:50] crowsnest:		device: /dev/video0
[11/14/25 12:17:50] crowsnest:		resolution: 1920x1080
[11/14/25 12:17:50] crowsnest:		max_fps: 15
[11/14/25 12:17:50] crowsnest: INFO: Detect available Devices
[11/14/25 12:17:51] crowsnest: ERROR: No usable Devices Found. Stopping crowsnest.
[11/14/25 12:17:57] crowsnest: crowsnest - A webcam Service for multiple Cams and Stream Services.
[11/14/25 12:17:57] crowsnest: Version: v4.1.17-1-g9cc3d4a
[11/14/25 12:17:57] crowsnest: Prepare Startup ...
[11/14/25 12:17:57] crowsnest: INFO: Host information:
[11/14/25 12:17:57] crowsnest: Host Info: Distribution: Armbian 25.8.1 bookworm
Armbian 25.8.1 bookworm
[11/14/25 12:17:57] crowsnest: Host Info: Kernel: Linux 6.6.66-vendor-sunxi64 aarch64
[11/14/25 12:17:57] crowsnest: Host Info: Available CPU Cores: 4
[11/14/25 12:17:57] crowsnest: Host Info: Available Memory: 940764 kB
[11/14/25 12:17:57] crowsnest: Host Info: Diskspace (avail. / total): 8.3G / 15G
[11/14/25 12:17:57] crowsnest: INFO: Checking Dependencies
[11/14/25 12:17:57] crowsnest: Dependency: 'crudini' found in /usr/bin/crudini.
[11/14/25 12:17:57] crowsnest: Dependency: 'find' found in /usr/bin/find.
[11/14/25 12:17:57] crowsnest: Dependency: 'xargs' found in /usr/bin/xargs.
[11/14/25 12:17:57] crowsnest: Dependency: 'ustreamer' found in bin/ustreamer/src/ustreamer.bin.
[11/14/25 12:17:57] crowsnest: Version Control: ustreamer is up to date. (v6.10)
[11/14/25 12:17:57] crowsnest: INFO: Print Configfile: '/home/biqu/printer_data/config/crowsnest.conf'
[11/14/25 12:17:57] crowsnest:		[crowsnest]
[11/14/25 12:17:57] crowsnest:		log_path: /home/biqu/printer_data/logs/crowsnest.log
[11/14/25 12:17:57] crowsnest:		log_level: verbose
[11/14/25 12:17:57] crowsnest:		delete_log: false
[11/14/25 12:17:57] crowsnest:		no_proxy: false
[11/14/25 12:17:57] crowsnest:		
[11/14/25 12:17:57] crowsnest:		[cam 1]
[11/14/25 12:17:57] crowsnest:		mode: ustreamer
[11/14/25 12:17:57] crowsnest:		
[11/14/25 12:17:57] crowsnest:		enable_rtsp: false
[11/14/25 12:17:57] crowsnest:		rtsp_port: 8554
[11/14/25 12:17:57] crowsnest:		port: 8080
[11/14/25 12:17:57] crowsnest:		device: /dev/video0
[11/14/25 12:17:57] crowsnest:		resolution: 1920x1080
[11/14/25 12:17:57] crowsnest:		max_fps: 15
[11/14/25 12:17:57] crowsnest: INFO: Detect available Devices
[11/14/25 12:17:57] crowsnest: ERROR: No usable Devices Found. Stopping crowsnest.
[11/14/25 12:18:03] crowsnest: crowsnest - A webcam Service for multiple Cams and Stream Services.
[11/14/25 12:18:03] crowsnest: Version: v4.1.17-1-g9cc3d4a
[11/14/25 12:18:03] crowsnest: Prepare Startup ...
[11/14/25 12:18:03] crowsnest: INFO: Host information:
[11/14/25 12:18:03] crowsnest: Host Info: Distribution: Armbian 25.8.1 bookworm
Armbian 25.8.1 bookworm
[11/14/25 12:18:03] crowsnest: Host Info: Kernel: Linux 6.6.66-vendor-sunxi64 aarch64
[11/14/25 12:18:03] crowsnest: Host Info: Available CPU Cores: 4
[11/14/25 12:18:03] crowsnest: Host Info: Available Memory: 940764 kB
[11/14/25 12:18:03] crowsnest: Host Info: Diskspace (avail. / total): 8.3G / 15G
[11/14/25 12:18:03] crowsnest: INFO: Checking Dependencies
[11/14/25 12:18:03] crowsnest: Dependency: 'crudini' found in /usr/bin/crudini.
[11/14/25 12:18:03] crowsnest: Dependency: 'find' found in /usr/bin/find.
[11/14/25 12:18:03] crowsnest: Dependency: 'xargs' found in /usr/bin/xargs.
[11/14/25 12:18:03] crowsnest: Dependency: 'ustreamer' found in bin/ustreamer/src/ustreamer.bin.
[11/14/25 12:18:03] crowsnest: Version Control: ustreamer is up to date. (v6.10)
[11/14/25 12:18:03] crowsnest: INFO: Print Configfile: '/home/biqu/printer_data/config/crowsnest.conf'
[11/14/25 12:18:03] crowsnest:		[crowsnest]
[11/14/25 12:18:03] crowsnest:		log_path: /home/biqu/printer_data/logs/crowsnest.log
[11/14/25 12:18:03] crowsnest:		log_level: verbose
[11/14/25 12:18:03] crowsnest:		delete_log: false
[11/14/25 12:18:03] crowsnest:		no_proxy: false
[11/14/25 12:18:03] crowsnest:		
[11/14/25 12:18:03] crowsnest:		[cam 1]
[11/14/25 12:18:03] crowsnest:		mode: ustreamer
[11/14/25 12:18:03] crowsnest:		
[11/14/25 12:18:03] crowsnest:		enable_rtsp: false
[11/14/25 12:18:03] crowsnest:		rtsp_port: 8554
[11/14/25 12:18:03] crowsnest:		port: 8080
[11/14/25 12:18:03] crowsnest:		device: /dev/video0
[11/14/25 12:18:03] crowsnest:		resolution: 1920x1080
[11/14/25 12:18:03] crowsnest:		max_fps: 15
[11/14/25 12:18:03] crowsnest: INFO: Detect available Devices
[11/14/25 12:18:04] crowsnest: ERROR: No usable Devices Found. Stopping crowsnest.
[11/14/25 12:18:10] crowsnest: crowsnest - A webcam Service for multiple Cams and Stream Services.
[11/14/25 12:18:10] crowsnest: Version: v4.1.17-1-g9cc3d4a
[11/14/25 12:18:10] crowsnest: Prepare Startup ...
[11/14/25 12:18:10] crowsnest: INFO: Host information:
[11/14/25 12:18:10] crowsnest: Host Info: Distribution: Armbian 25.8.1 bookworm
Armbian 25.8.1 bookworm
[11/14/25 12:18:10] crowsnest: Host Info: Kernel: Linux 6.6.66-vendor-sunxi64 aarch64
[11/14/25 12:18:10] crowsnest: Host Info: Available CPU Cores: 4
[11/14/25 12:18:10] crowsnest: Host Info: Available Memory: 940764 kB
[11/14/25 12:18:10] crowsnest: Host Info: Diskspace (avail. / total): 8.3G / 15G
[11/14/25 12:18:10] crowsnest: INFO: Checking Dependencies
[11/14/25 12:18:10] crowsnest: Dependency: 'crudini' found in /usr/bin/crudini.
[11/14/25 12:18:10] crowsnest: Dependency: 'find' found in /usr/bin/find.
[11/14/25 12:18:10] crowsnest: Dependency: 'xargs' found in /usr/bin/xargs.
[11/14/25 12:18:10] crowsnest: Dependency: 'ustreamer' found in bin/ustreamer/src/ustreamer.bin.
[11/14/25 12:18:10] crowsnest: Version Control: ustreamer is up to date. (v6.10)
[11/14/25 12:18:10] crowsnest: INFO: Print Configfile: '/home/biqu/printer_data/config/crowsnest.conf'
[11/14/25 12:18:10] crowsnest:		[crowsnest]
[11/14/25 12:18:10] crowsnest:		log_path: /home/biqu/printer_data/logs/crowsnest.log
[11/14/25 12:18:10] crowsnest:		log_level: verbose
[11/14/25 12:18:10] crowsnest:		delete_log: false
[11/14/25 12:18:10] crowsnest:		no_proxy: false
[11/14/25 12:18:10] crowsnest:		
[11/14/25 12:18:10] crowsnest:		[cam 1]
[11/14/25 12:18:10] crowsnest:		mode: ustreamer
[11/14/25 12:18:10] crowsnest:		
[11/14/25 12:18:10] crowsnest:		enable_rtsp: false
[11/14/25 12:18:10] crowsnest:		rtsp_port: 8554
[11/14/25 12:18:10] crowsnest:		port: 8080
[11/14/25 12:18:10] crowsnest:		device: /dev/video0
[11/14/25 12:18:10] crowsnest:		resolution: 1920x1080
[11/14/25 12:18:10] crowsnest:		max_fps: 15
[11/14/25 12:18:10] crowsnest: INFO: Detect available Devices
[11/14/25 12:18:10] crowsnest: ERROR: No usable Devices Found. Stopping crowsnest.
[11/14/25 12:18:16] crowsnest: crowsnest - A webcam Service for multiple Cams and Stream Services.
[11/14/25 12:18:16] crowsnest: Version: v4.1.17-1-g9cc3d4a
[11/14/25 12:18:16] crowsnest: Prepare Startup ...
[11/14/25 12:18:16] crowsnest: INFO: Host information:
[11/14/25 12:18:16] crowsnest: Host Info: Distribution: Armbian 25.8.1 bookworm
Armbian 25.8.1 bookworm
[11/14/25 12:18:16] crowsnest: Host Info: Kernel: Linux 6.6.66-vendor-sunxi64 aarch64
[11/14/25 12:18:16] crowsnest: Host Info: Available CPU Cores: 4
[11/14/25 12:18:16] crowsnest: Host Info: Available Memory: 940764 kB
[11/14/25 12:18:16] crowsnest: Host Info: Diskspace (avail. / total): 8.3G / 15G
[11/14/25 12:18:16] crowsnest: INFO: Checking Dependencies
[11/14/25 12:18:16] crowsnest: Dependency: 'crudini' found in /usr/bin/crudini.
[11/14/25 12:18:16] crowsnest: Dependency: 'find' found in /usr/bin/find.
[11/14/25 12:18:16] crowsnest: Dependency: 'xargs' found in /usr/bin/xargs.
[11/14/25 12:18:16] crowsnest: Dependency: 'ustreamer' found in bin/ustreamer/src/ustreamer.bin.
[11/14/25 12:18:16] crowsnest: Version Control: ustreamer is up to date. (v6.10)
[11/14/25 12:18:16] crowsnest: INFO: Print Configfile: '/home/biqu/printer_data/config/crowsnest.conf'
[11/14/25 12:18:16] crowsnest:		[crowsnest]
[11/14/25 12:18:16] crowsnest:		log_path: /home/biqu/printer_data/logs/crowsnest.log
[11/14/25 12:18:16] crowsnest:		log_level: verbose
[11/14/25 12:18:16] crowsnest:		delete_log: false
[11/14/25 12:18:16] crowsnest:		no_proxy: false
[11/14/25 12:18:16] crowsnest:		
[11/14/25 12:18:16] crowsnest:		[cam 1]
[11/14/25 12:18:16] crowsnest:		mode: ustreamer
[11/14/25 12:18:16] crowsnest:		
[11/14/25 12:18:16] crowsnest:		enable_rtsp: false
[11/14/25 12:18:16] crowsnest:		rtsp_port: 8554
[11/14/25 12:18:16] crowsnest:		port: 8080
[11/14/25 12:18:16] crowsnest:		device: /dev/video0
[11/14/25 12:18:16] crowsnest:		resolution: 1920x1080
[11/14/25 12:18:16] crowsnest:		max_fps: 15
[11/14/25 12:18:16] crowsnest: INFO: Detect available Devices
[11/14/25 12:18:17] crowsnest: ERROR: No usable Devices Found. Stopping crowsnest.
[11/14/25 12:18:11] crowsnest: crowsnest - A webcam Service for multiple Cams and Stream Services.
[11/17/25 04:32:40] crowsnest: Version: v4.1.17-1-g9cc3d4a
[11/17/25 04:32:40] crowsnest: Prepare Startup ...
[11/17/25 04:32:40] crowsnest: INFO: Host information:
[11/17/25 04:32:40] crowsnest: Host Info: Distribution: Armbian 25.8.1 bookworm
Armbian 25.8.1 bookworm
[11/17/25 04:32:40] crowsnest: Host Info: Kernel: Linux 6.6.66-vendor-sunxi64 aarch64
[11/17/25 04:32:40] crowsnest: Host Info: Available CPU Cores: 4
[11/17/25 04:32:40] crowsnest: Host Info: Available Memory: 940764 kB
[11/17/25 04:32:40] crowsnest: Host Info: Diskspace (avail. / total): 8.3G / 15G
[11/17/25 04:32:40] crowsnest: INFO: Checking Dependencies
[11/17/25 04:32:43] crowsnest: Dependency: 'crudini' found in /usr/bin/crudini.
[11/17/25 04:32:43] crowsnest: Dependency: 'find' found in /usr/bin/find.
[11/17/25 04:32:43] crowsnest: Dependency: 'xargs' found in /usr/bin/xargs.
[11/17/25 04:32:43] crowsnest: Dependency: 'ustreamer' found in bin/ustreamer/src/ustreamer.bin.
[11/17/25 04:32:44] crowsnest: Version Control: ustreamer is up to date. (v6.10)
[11/17/25 04:32:44] crowsnest: INFO: Print Configfile: '/home/biqu/printer_data/config/crowsnest.conf'
[11/17/25 04:32:44] crowsnest:		[crowsnest]
[11/17/25 04:32:44] crowsnest:		log_path: /home/biqu/printer_data/logs/crowsnest.log
[11/17/25 04:32:44] crowsnest:		log_level: verbose
[11/17/25 04:32:44] crowsnest:		delete_log: false
[11/17/25 04:32:44] crowsnest:		no_proxy: false
[11/17/25 04:32:44] crowsnest:		
[11/17/25 04:32:44] crowsnest:		[cam 1]
[11/17/25 04:32:44] crowsnest:		mode: ustreamer
[11/17/25 04:32:44] crowsnest:		
[11/17/25 04:32:44] crowsnest:		enable_rtsp: false
[11/17/25 04:32:44] crowsnest:		rtsp_port: 8554
[11/17/25 04:32:44] crowsnest:		port: 8080
[11/17/25 04:32:44] crowsnest:		device: /dev/video0
[11/17/25 04:32:44] crowsnest:		resolution: 1920x1080
[11/17/25 04:32:44] crowsnest:		max_fps: 15
[11/17/25 04:32:44] crowsnest: INFO: Detect available Devices
[11/17/25 04:32:44] crowsnest: ERROR: No usable Devices Found. Stopping crowsnest.
[11/17/25 04:32:50] crowsnest: crowsnest - A webcam Service for multiple Cams and Stream Services.
[11/17/25 04:32:50] crowsnest: Version: v4.1.17-1-g9cc3d4a
[11/17/25 04:32:50] crowsnest: Prepare Startup ...
[11/17/25 04:32:50] crowsnest: INFO: Host information:
[11/17/25 04:32:50] crowsnest: Host Info: Distribution: Armbian 25.8.1 bookworm
Armbian 25.8.1 bookworm
[11/17/25 04:32:50] crowsnest: Host Info: Kernel: Linux 6.6.66-vendor-sunxi64 aarch64
[11/17/25 04:32:50] crowsnest: Host Info: Available CPU Cores: 4
[11/17/25 04:32:50] crowsnest: Host Info: Available Memory: 940764 kB
[11/17/25 04:32:50] crowsnest: Host Info: Diskspace (avail. / total): 8.3G / 15G
[11/17/25 04:32:50] crowsnest: INFO: Checking Dependencies
[11/17/25 04:32:51] crowsnest: Dependency: 'crudini' found in /usr/bin/crudini.
[11/17/25 04:32:51] crowsnest: Dependency: 'find' found in /usr/bin/find.
[11/17/25 04:32:51] crowsnest: Dependency: 'xargs' found in /usr/bin/xargs.
[11/17/25 04:32:51] crowsnest: Dependency: 'ustreamer' found in bin/ustreamer/src/ustreamer.bin.
[11/17/25 04:32:51] crowsnest: Version Control: ustreamer is up to date. (v6.10)
[11/17/25 04:32:51] crowsnest: INFO: Print Configfile: '/home/biqu/printer_data/config/crowsnest.conf'
[11/17/25 04:32:51] crowsnest:		[crowsnest]
[11/17/25 04:32:51] crowsnest:		log_path: /home/biqu/printer_data/logs/crowsnest.log
[11/17/25 04:32:51] crowsnest:		log_level: verbose
[11/17/25 04:32:51] crowsnest:		delete_log: false
[11/17/25 04:32:51] crowsnest:		no_proxy: false
[11/17/25 04:32:51] crowsnest:		
[11/17/25 04:32:51] crowsnest:		[cam 1]
[11/17/25 04:32:51] crowsnest:		mode: ustreamer
[11/17/25 04:32:51] crowsnest:		
[11/17/25 04:32:51] crowsnest:		enable_rtsp: false
[11/17/25 04:32:51] crowsnest:		rtsp_port: 8554
[11/17/25 04:32:51] crowsnest:		port: 8080
[11/17/25 04:32:51] crowsnest:		device: /dev/video0
[11/17/25 04:32:51] crowsnest:		resolution: 1920x1080
[11/17/25 04:32:51] crowsnest:		max_fps: 15
[11/17/25 04:32:51] crowsnest: INFO: Detect available Devices
[11/17/25 04:32:51] crowsnest: ERROR: No usable Devices Found. Stopping crowsnest.
[11/17/25 04:32:57] crowsnest: crowsnest - A webcam Service for multiple Cams and Stream Services.
[11/17/25 04:32:57] crowsnest: Version: v4.1.17-1-g9cc3d4a
[11/17/25 04:32:57] crowsnest: Prepare Startup ...
[11/17/25 04:32:57] crowsnest: INFO: Host information:
[11/17/25 04:32:57] crowsnest: Host Info: Distribution: Armbian 25.8.1 bookworm
Armbian 25.8.1 bookworm
[11/17/25 04:32:57] crowsnest: Host Info: Kernel: Linux 6.6.66-vendor-sunxi64 aarch64
[11/17/25 04:32:57] crowsnest: Host Info: Available CPU Cores: 4
[11/17/25 04:32:57] crowsnest: Host Info: Available Memory: 940764 kB
[11/17/25 04:32:57] crowsnest: Host Info: Diskspace (avail. / total): 8.3G / 15G
[11/17/25 04:32:57] crowsnest: INFO: Checking Dependencies
[11/17/25 04:32:57] crowsnest: Dependency: 'crudini' found in /usr/bin/crudini.
[11/17/25 04:32:57] crowsnest: Dependency: 'find' found in /usr/bin/find.
[11/17/25 04:32:57] crowsnest: Dependency: 'xargs' found in /usr/bin/xargs.
[11/17/25 04:32:57] crowsnest: Dependency: 'ustreamer' found in bin/ustreamer/src/ustreamer.bin.
[11/17/25 04:32:57] crowsnest: Version Control: ustreamer is up to date. (v6.10)
[11/17/25 04:32:57] crowsnest: INFO: Print Configfile: '/home/biqu/printer_data/config/crowsnest.conf'
[11/17/25 04:32:57] crowsnest:		[crowsnest]
[11/17/25 04:32:57] crowsnest:		log_path: /home/biqu/printer_data/logs/crowsnest.log
[11/17/25 04:32:57] crowsnest:		log_level: verbose
[11/17/25 04:32:57] crowsnest:		delete_log: false
[11/17/25 04:32:57] crowsnest:		no_proxy: false
[11/17/25 04:32:57] crowsnest:		
[11/17/25 04:32:57] crowsnest:		[cam 1]
[11/17/25 04:32:57] crowsnest:		mode: ustreamer
[11/17/25 04:32:57] crowsnest:		
[11/17/25 04:32:57] crowsnest:		enable_rtsp: false
[11/17/25 04:32:57] crowsnest:		rtsp_port: 8554
[11/17/25 04:32:57] crowsnest:		port: 8080
[11/17/25 04:32:57] crowsnest:		device: /dev/video0
[11/17/25 04:32:57] crowsnest:		resolution: 1920x1080
[11/17/25 04:32:57] crowsnest:		max_fps: 15
[11/17/25 04:32:57] crowsnest: INFO: Detect available Devices
[11/17/25 04:32:57] crowsnest: ERROR: No usable Devices Found. Stopping crowsnest.
[11/17/25 04:33:03] crowsnest: crowsnest - A webcam Service for multiple Cams and Stream Services.
[11/17/25 04:33:03] crowsnest: Version: v4.1.17-1-g9cc3d4a
[11/17/25 04:33:03] crowsnest: Prepare Startup ...
[11/17/25 04:33:03] crowsnest: INFO: Host information:
[11/17/25 04:33:03] crowsnest: Host Info: Distribution: Armbian 25.8.1 bookworm
Armbian 25.8.1 bookworm
[11/17/25 04:33:03] crowsnest: Host Info: Kernel: Linux 6.6.66-vendor-sunxi64 aarch64
[11/17/25 04:33:03] crowsnest: Host Info: Available CPU Cores: 4
[11/17/25 04:33:03] crowsnest: Host Info: Available Memory: 940764 kB
[11/17/25 04:33:03] crowsnest: Host Info: Diskspace (avail. / total): 8.3G / 15G
[11/17/25 04:33:03] crowsnest: INFO: Checking Dependencies
[11/17/25 04:33:03] crowsnest: Dependency: 'crudini' found in /usr/bin/crudini.
[11/17/25 04:33:03] crowsnest: Dependency: 'find' found in /usr/bin/find.
[11/17/25 04:33:03] crowsnest: Dependency: 'xargs' found in /usr/bin/xargs.
[11/17/25 04:33:03] crowsnest: Dependency: 'ustreamer' found in bin/ustreamer/src/ustreamer.bin.
[11/17/25 04:33:03] crowsnest: Version Control: ustreamer is up to date. (v6.10)
[11/17/25 04:33:03] crowsnest: INFO: Print Configfile: '/home/biqu/printer_data/config/crowsnest.conf'
[11/17/25 04:33:03] crowsnest:		[crowsnest]
[11/17/25 04:33:03] crowsnest:		log_path: /home/biqu/printer_data/logs/crowsnest.log
[11/17/25 04:33:03] crowsnest:		log_level: verbose
[11/17/25 04:33:03] crowsnest:		delete_log: false
[11/17/25 04:33:03] crowsnest:		no_proxy: false
[11/17/25 04:33:03] crowsnest:		
[11/17/25 04:33:03] crowsnest:		[cam 1]
[11/17/25 04:33:03] crowsnest:		mode: ustreamer
[11/17/25 04:33:03] crowsnest:		
[11/17/25 04:33:03] crowsnest:		enable_rtsp: false
[11/17/25 04:33:03] crowsnest:		rtsp_port: 8554
[11/17/25 04:33:03] crowsnest:		port: 8080
[11/17/25 04:33:03] crowsnest:		device: /dev/video0
[11/17/25 04:33:03] crowsnest:		resolution: 1920x1080
[11/17/25 04:33:03] crowsnest:		max_fps: 15
[11/17/25 04:33:04] crowsnest: INFO: Detect available Devices
[11/17/25 04:33:04] crowsnest: ERROR: No usable Devices Found. Stopping crowsnest.
[11/17/25 04:33:10] crowsnest: crowsnest - A webcam Service for multiple Cams and Stream Services.
[11/17/25 04:33:10] crowsnest: Version: v4.1.17-1-g9cc3d4a
[11/17/25 04:33:10] crowsnest: Prepare Startup ...
[11/17/25 04:33:10] crowsnest: INFO: Host information:
[11/17/25 04:33:10] crowsnest: Host Info: Distribution: Armbian 25.8.1 bookworm
Armbian 25.8.1 bookworm
[11/17/25 04:33:10] crowsnest: Host Info: Kernel: Linux 6.6.66-vendor-sunxi64 aarch64
[11/17/25 04:33:10] crowsnest: Host Info: Available CPU Cores: 4
[11/17/25 04:33:10] crowsnest: Host Info: Available Memory: 940764 kB
[11/17/25 04:33:10] crowsnest: Host Info: Diskspace (avail. / total): 8.3G / 15G
[11/17/25 04:33:10] crowsnest: INFO: Checking Dependencies
[11/17/25 04:33:10] crowsnest: Dependency: 'crudini' found in /usr/bin/crudini.
[11/17/25 04:33:10] crowsnest: Dependency: 'find' found in /usr/bin/find.
[11/17/25 04:33:10] crowsnest: Dependency: 'xargs' found in /usr/bin/xargs.
[11/17/25 04:33:10] crowsnest: Dependency: 'ustreamer' found in bin/ustreamer/src/ustreamer.bin.
[11/17/25 04:33:10] crowsnest: Version Control: ustreamer is up to date. (v6.10)
[11/17/25 04:33:10] crowsnest: INFO: Print Configfile: '/home/biqu/printer_data/config/crowsnest.conf'
[11/17/25 04:33:10] crowsnest:		[crowsnest]
[11/17/25 04:33:10] crowsnest:		log_path: /home/biqu/printer_data/logs/crowsnest.log
[11/17/25 04:33:10] crowsnest:		log_level: verbose
[11/17/25 04:33:10] crowsnest:		delete_log: false
[11/17/25 04:33:10] crowsnest:		no_proxy: false
[11/17/25 04:33:10] crowsnest:		
[11/17/25 04:33:10] crowsnest:		[cam 1]
[11/17/25 04:33:10] crowsnest:		mode: ustreamer
[11/17/25 04:33:10] crowsnest:		
[11/17/25 04:33:10] crowsnest:		enable_rtsp: false
[11/17/25 04:33:10] crowsnest:		rtsp_port: 8554
[11/17/25 04:33:10] crowsnest:		port: 8080
[11/17/25 04:33:10] crowsnest:		device: /dev/video0
[11/17/25 04:33:10] crowsnest:		resolution: 1920x1080
[11/17/25 04:33:10] crowsnest:		max_fps: 15
[11/17/25 04:33:10] crowsnest: INFO: Detect available Devices
[11/17/25 04:33:10] crowsnest: ERROR: No usable Devices Found. Stopping crowsnest.
[11/17/25 04:33:16] crowsnest: crowsnest - A webcam Service for multiple Cams and Stream Services.
[11/17/25 04:33:16] crowsnest: Version: v4.1.17-1-g9cc3d4a
[11/17/25 04:33:16] crowsnest: Prepare Startup ...
[11/17/25 04:33:16] crowsnest: INFO: Host information:
[11/17/25 04:33:16] crowsnest: Host Info: Distribution: Armbian 25.8.1 bookworm
Armbian 25.8.1 bookworm
[11/17/25 04:33:16] crowsnest: Host Info: Kernel: Linux 6.6.66-vendor-sunxi64 aarch64
[11/17/25 04:33:16] crowsnest: Host Info: Available CPU Cores: 4
[11/17/25 04:33:16] crowsnest: Host Info: Available Memory: 940764 kB
[11/17/25 04:33:16] crowsnest: Host Info: Diskspace (avail. / total): 8.3G / 15G
[11/17/25 04:33:16] crowsnest: INFO: Checking Dependencies
[11/17/25 04:33:16] crowsnest: Dependency: 'crudini' found in /usr/bin/crudini.
[11/17/25 04:33:17] crowsnest: Dependency: 'find' found in /usr/bin/find.
[11/17/25 04:33:17] crowsnest: Dependency: 'xargs' found in /usr/bin/xargs.
[11/17/25 04:33:17] crowsnest: Dependency: 'ustreamer' found in bin/ustreamer/src/ustreamer.bin.
[11/17/25 04:33:17] crowsnest: Version Control: ustreamer is up to date. (v6.10)
[11/17/25 04:33:17] crowsnest: INFO: Print Configfile: '/home/biqu/printer_data/config/crowsnest.conf'
[11/17/25 04:33:17] crowsnest:		[crowsnest]
[11/17/25 04:33:17] crowsnest:		log_path: /home/biqu/printer_data/logs/crowsnest.log
[11/17/25 04:33:17] crowsnest:		log_level: verbose
[11/17/25 04:33:17] crowsnest:		delete_log: false
[11/17/25 04:33:17] crowsnest:		no_proxy: false
[11/17/25 04:33:17] crowsnest:		
[11/17/25 04:33:17] crowsnest:		[cam 1]
[11/17/25 04:33:17] crowsnest:		mode: ustreamer
[11/17/25 04:33:17] crowsnest:		
[11/17/25 04:33:17] crowsnest:		enable_rtsp: false
[11/17/25 04:33:17] crowsnest:		rtsp_port: 8554
[11/17/25 04:33:17] crowsnest:		port: 8080
[11/17/25 04:33:17] crowsnest:		device: /dev/video0
[11/17/25 04:33:17] crowsnest:		resolution: 1920x1080
[11/17/25 04:33:17] crowsnest:		max_fps: 15
[11/17/25 04:33:17] crowsnest: INFO: Detect available Devices
[11/17/25 04:33:17] crowsnest: ERROR: No usable Devices Found. Stopping crowsnest.
[11/17/25 04:33:23] crowsnest: crowsnest - A webcam Service for multiple Cams and Stream Services.
[11/17/25 04:33:23] crowsnest: Version: v4.1.17-1-g9cc3d4a
[11/17/25 04:33:23] crowsnest: Prepare Startup ...
[11/17/25 04:33:23] crowsnest: INFO: Host information:
[11/17/25 04:33:23] crowsnest: Host Info: Distribution: Armbian 25.8.1 bookworm
Armbian 25.8.1 bookworm
[11/17/25 04:33:23] crowsnest: Host Info: Kernel: Linux 6.6.66-vendor-sunxi64 aarch64
[11/17/25 04:33:23] crowsnest: Host Info: Available CPU Cores: 4
[11/17/25 04:33:23] crowsnest: Host Info: Available Memory: 940764 kB
[11/17/25 04:33:23] crowsnest: Host Info: Diskspace (avail. / total): 8.3G / 15G
[11/17/25 04:33:23] crowsnest: INFO: Checking Dependencies
[11/17/25 04:33:23] crowsnest: Dependency: 'crudini' found in /usr/bin/crudini.
[11/17/25 04:33:23] crowsnest: Dependency: 'find' found in /usr/bin/find.
[11/17/25 04:33:23] crowsnest: Dependency: 'xargs' found in /usr/bin/xargs.
[11/17/25 04:33:23] crowsnest: Dependency: 'ustreamer' found in bin/ustreamer/src/ustreamer.bin.
[11/17/25 04:33:23] crowsnest: Version Control: ustreamer is up to date. (v6.10)
[11/17/25 04:33:23] crowsnest: INFO: Print Configfile: '/home/biqu/printer_data/config/crowsnest.conf'
[11/17/25 04:33:23] crowsnest:		[crowsnest]
[11/17/25 04:33:23] crowsnest:		log_path: /home/biqu/printer_data/logs/crowsnest.log
[11/17/25 04:33:23] crowsnest:		log_level: verbose
[11/17/25 04:33:23] crowsnest:		delete_log: false
[11/17/25 04:33:23] crowsnest:		no_proxy: false
[11/17/25 04:33:23] crowsnest:		
[11/17/25 04:33:23] crowsnest:		[cam 1]
[11/17/25 04:33:23] crowsnest:		mode: ustreamer
[11/17/25 04:33:23] crowsnest:		
[11/17/25 04:33:23] crowsnest:		enable_rtsp: false
[11/17/25 04:33:23] crowsnest:		rtsp_port: 8554
[11/17/25 04:33:23] crowsnest:		port: 8080
[11/17/25 04:33:23] crowsnest:		device: /dev/video0
[11/17/25 04:33:23] crowsnest:		resolution: 1920x1080
[11/17/25 04:33:23] crowsnest:		max_fps: 15
[11/17/25 04:33:23] crowsnest: INFO: Detect available Devices
[11/17/25 04:33:23] crowsnest: ERROR: No usable Devices Found. Stopping crowsnest.
[11/17/25 04:33:29] crowsnest: crowsnest - A webcam Service for multiple Cams and Stream Services.
[11/17/25 04:33:29] crowsnest: Version: v4.1.17-1-g9cc3d4a
[11/17/25 04:33:29] crowsnest: Prepare Startup ...
[11/17/25 04:33:29] crowsnest: INFO: Host information:
[11/17/25 04:33:29] crowsnest: Host Info: Distribution: Armbian 25.8.1 bookworm
Armbian 25.8.1 bookworm
[11/17/25 04:33:29] crowsnest: Host Info: Kernel: Linux 6.6.66-vendor-sunxi64 aarch64
[11/17/25 04:33:29] crowsnest: Host Info: Available CPU Cores: 4
[11/17/25 04:33:29] crowsnest: Host Info: Available Memory: 940764 kB
[11/17/25 04:33:29] crowsnest: Host Info: Diskspace (avail. / total): 8.3G / 15G
[11/17/25 04:33:29] crowsnest: INFO: Checking Dependencies
[11/17/25 04:33:29] crowsnest: Dependency: 'crudini' found in /usr/bin/crudini.
[11/17/25 04:33:29] crowsnest: Dependency: 'find' found in /usr/bin/find.
[11/17/25 04:33:29] crowsnest: Dependency: 'xargs' found in /usr/bin/xargs.
[11/17/25 04:33:29] crowsnest: Dependency: 'ustreamer' found in bin/ustreamer/src/ustreamer.bin.
[11/17/25 04:33:29] crowsnest: Version Control: ustreamer is up to date. (v6.10)
[11/17/25 04:33:29] crowsnest: INFO: Print Configfile: '/home/biqu/printer_data/config/crowsnest.conf'
[11/17/25 04:33:29] crowsnest:		[crowsnest]
[11/17/25 04:33:29] crowsnest:		log_path: /home/biqu/printer_data/logs/crowsnest.log
[11/17/25 04:33:29] crowsnest:		log_level: verbose
[11/17/25 04:33:29] crowsnest:		delete_log: false
[11/17/25 04:33:29] crowsnest:		no_proxy: false
[11/17/25 04:33:29] crowsnest:		
[11/17/25 04:33:29] crowsnest:		[cam 1]
[11/17/25 04:33:29] crowsnest:		mode: ustreamer
[11/17/25 04:33:29] crowsnest:		
[11/17/25 04:33:29] crowsnest:		enable_rtsp: false
[11/17/25 04:33:29] crowsnest:		rtsp_port: 8554
[11/17/25 04:33:29] crowsnest:		port: 8080
[11/17/25 04:33:29] crowsnest:		device: /dev/video0
[11/17/25 04:33:29] crowsnest:		resolution: 1920x1080
[11/17/25 04:33:29] crowsnest:		max_fps: 15
[11/17/25 04:33:30] crowsnest: INFO: Detect available Devices
[11/17/25 04:33:30] crowsnest: ERROR: No usable Devices Found. Stopping crowsnest.
[11/17/25 04:33:36] crowsnest: crowsnest - A webcam Service for multiple Cams and Stream Services.
[11/17/25 04:33:36] crowsnest: Version: v4.1.17-1-g9cc3d4a
[11/17/25 04:33:36] crowsnest: Prepare Startup ...
[11/17/25 04:33:36] crowsnest: INFO: Host information:
[11/17/25 04:33:36] crowsnest: Host Info: Distribution: Armbian 25.8.1 bookworm
Armbian 25.8.1 bookworm
[11/17/25 04:33:36] crowsnest: Host Info: Kernel: Linux 6.6.66-vendor-sunxi64 aarch64
[11/17/25 04:33:36] crowsnest: Host Info: Available CPU Cores: 4
[11/17/25 04:33:36] crowsnest: Host Info: Available Memory: 940764 kB
[11/17/25 04:33:36] crowsnest: Host Info: Diskspace (avail. / total): 8.3G / 15G
[11/17/25 04:33:36] crowsnest: INFO: Checking Dependencies
[11/17/25 04:33:36] crowsnest: Dependency: 'crudini' found in /usr/bin/crudini.
[11/17/25 04:33:36] crowsnest: Dependency: 'find' found in /usr/bin/find.
[11/17/25 04:33:36] crowsnest: Dependency: 'xargs' found in /usr/bin/xargs.
[11/17/25 04:33:36] crowsnest: Dependency: 'ustreamer' found in bin/ustreamer/src/ustreamer.bin.
[11/17/25 04:33:36] crowsnest: Version Control: ustreamer is up to date. (v6.10)
[11/17/25 04:33:36] crowsnest: INFO: Print Configfile: '/home/biqu/printer_data/config/crowsnest.conf'
[11/17/25 04:33:36] crowsnest:		[crowsnest]
[11/17/25 04:33:36] crowsnest:		log_path: /home/biqu/printer_data/logs/crowsnest.log
[11/17/25 04:33:36] crowsnest:		log_level: verbose
[11/17/25 04:33:36] crowsnest:		delete_log: false
[11/17/25 04:33:36] crowsnest:		no_proxy: false
[11/17/25 04:33:36] crowsnest:		
[11/17/25 04:33:36] crowsnest:		[cam 1]
[11/17/25 04:33:36] crowsnest:		mode: ustreamer
[11/17/25 04:33:36] crowsnest:		
[11/17/25 04:33:36] crowsnest:		enable_rtsp: false
[11/17/25 04:33:36] crowsnest:		rtsp_port: 8554
[11/17/25 04:33:36] crowsnest:		port: 8080
[11/17/25 04:33:36] crowsnest:		device: /dev/video0
[11/17/25 04:33:36] crowsnest:		resolution: 1920x1080
[11/17/25 04:33:36] crowsnest:		max_fps: 15
[11/17/25 04:33:36] crowsnest: INFO: Detect available Devices
[11/17/25 04:33:36] crowsnest: ERROR: No usable Devices Found. Stopping crowsnest.
[11/17/25 04:33:42] crowsnest: crowsnest - A webcam Service for multiple Cams and Stream Services.
[11/17/25 04:33:42] crowsnest: Version: v4.1.17-1-g9cc3d4a
[11/17/25 04:33:42] crowsnest: Prepare Startup ...
[11/17/25 04:33:42] crowsnest: INFO: Host information:
[11/17/25 04:33:42] crowsnest: Host Info: Distribution: Armbian 25.8.1 bookworm
Armbian 25.8.1 bookworm
[11/17/25 04:33:42] crowsnest: Host Info: Kernel: Linux 6.6.66-vendor-sunxi64 aarch64
[11/17/25 04:33:42] crowsnest: Host Info: Available CPU Cores: 4
[11/17/25 04:33:42] crowsnest: Host Info: Available Memory: 940764 kB
[11/17/25 04:33:42] crowsnest: Host Info: Diskspace (avail. / total): 8.3G / 15G
[11/17/25 04:33:42] crowsnest: INFO: Checking Dependencies
[11/17/25 04:33:42] crowsnest: Dependency: 'crudini' found in /usr/bin/crudini.
[11/17/25 04:33:42] crowsnest: Dependency: 'find' found in /usr/bin/find.
[11/17/25 04:33:42] crowsnest: Dependency: 'xargs' found in /usr/bin/xargs.
[11/17/25 04:33:42] crowsnest: Dependency: 'ustreamer' found in bin/ustreamer/src/ustreamer.bin.
[11/17/25 04:33:43] crowsnest: Version Control: ustreamer is up to date. (v6.10)
[11/17/25 04:33:43] crowsnest: INFO: Print Configfile: '/home/biqu/printer_data/config/crowsnest.conf'
[11/17/25 04:33:43] crowsnest:		[crowsnest]
[11/17/25 04:33:43] crowsnest:		log_path: /home/biqu/printer_data/logs/crowsnest.log
[11/17/25 04:33:43] crowsnest:		log_level: verbose
[11/17/25 04:33:43] crowsnest:		delete_log: false
[11/17/25 04:33:43] crowsnest:		no_proxy: false
[11/17/25 04:33:43] crowsnest:		
[11/17/25 04:33:43] crowsnest:		[cam 1]
[11/17/25 04:33:43] crowsnest:		mode: ustreamer
[11/17/25 04:33:43] crowsnest:		
[11/17/25 04:33:43] crowsnest:		enable_rtsp: false
[11/17/25 04:33:43] crowsnest:		rtsp_port: 8554
[11/17/25 04:33:43] crowsnest:		port: 8080
[11/17/25 04:33:43] crowsnest:		device: /dev/video0
[11/17/25 04:33:43] crowsnest:		resolution: 1920x1080
[11/17/25 04:33:43] crowsnest:		max_fps: 15
[11/17/25 04:33:43] crowsnest: INFO: Detect available Devices
[11/17/25 04:33:43] crowsnest: ERROR: No usable Devices Found. Stopping crowsnest.
[11/14/25 12:18:09] crowsnest: crowsnest - A webcam Service for multiple Cams and Stream Services.
[11/17/25 05:09:41] crowsnest: Version: v4.1.17-1-g9cc3d4a
[11/17/25 05:09:41] crowsnest: Prepare Startup ...
[11/17/25 05:09:41] crowsnest: INFO: Host information:
[11/17/25 05:09:41] crowsnest: Host Info: Distribution: Armbian 25.8.1 bookworm
Armbian 25.8.1 bookworm
[11/17/25 05:09:41] crowsnest: Host Info: Kernel: Linux 6.6.66-vendor-sunxi64 aarch64
[11/17/25 05:09:42] crowsnest: Host Info: Available CPU Cores: 4
[11/17/25 05:09:42] crowsnest: Host Info: Available Memory: 940764 kB
[11/17/25 05:09:42] crowsnest: Host Info: Diskspace (avail. / total): 8.3G / 15G
[11/17/25 05:09:42] crowsnest: INFO: Checking Dependencies
[11/17/25 05:09:46] crowsnest: Dependency: 'crudini' found in /usr/bin/crudini.
[11/17/25 05:09:46] crowsnest: Dependency: 'find' found in /usr/bin/find.
[11/17/25 05:09:46] crowsnest: Dependency: 'xargs' found in /usr/bin/xargs.
[11/17/25 05:09:46] crowsnest: Dependency: 'ustreamer' found in bin/ustreamer/src/ustreamer.bin.
[11/17/25 05:09:47] crowsnest: Version Control: ustreamer is up to date. (v6.10)
[11/17/25 05:09:47] crowsnest: INFO: Print Configfile: '/home/biqu/printer_data/config/crowsnest.conf'
[11/17/25 05:09:47] crowsnest:		[crowsnest]
[11/17/25 05:09:47] crowsnest:		log_path: /home/biqu/printer_data/logs/crowsnest.log
[11/17/25 05:09:47] crowsnest:		log_level: verbose
[11/17/25 05:09:47] crowsnest:		delete_log: false
[11/17/25 05:09:47] crowsnest:		no_proxy: false
[11/17/25 05:09:47] crowsnest:		
[11/17/25 05:09:47] crowsnest:		[cam 1]
[11/17/25 05:09:47] crowsnest:		mode: ustreamer
[11/17/25 05:09:47] crowsnest:		
[11/17/25 05:09:47] crowsnest:		enable_rtsp: false
[11/17/25 05:09:47] crowsnest:		rtsp_port: 8554
[11/17/25 05:09:47] crowsnest:		port: 8080
[11/17/25 05:09:47] crowsnest:		device: /dev/video0
[11/17/25 05:09:47] crowsnest:		resolution: 1920x1080
[11/17/25 05:09:47] crowsnest:		max_fps: 15
[11/17/25 05:09:47] crowsnest: INFO: Detect available Devices
[11/17/25 05:09:47] crowsnest: ERROR: No usable Devices Found. Stopping crowsnest.
[11/17/25 05:09:53] crowsnest: crowsnest - A webcam Service for multiple Cams and Stream Services.
[11/17/25 05:09:53] crowsnest: Version: v4.1.17-1-g9cc3d4a
[11/17/25 05:09:53] crowsnest: Prepare Startup ...
[11/17/25 05:09:53] crowsnest: INFO: Host information:
[11/17/25 05:09:53] crowsnest: Host Info: Distribution: Armbian 25.8.1 bookworm
Armbian 25.8.1 bookworm
[11/17/25 05:09:53] crowsnest: Host Info: Kernel: Linux 6.6.66-vendor-sunxi64 aarch64
[11/17/25 05:09:53] crowsnest: Host Info: Available CPU Cores: 4
[11/17/25 05:09:53] crowsnest: Host Info: Available Memory: 940764 kB
[11/17/25 05:09:53] crowsnest: Host Info: Diskspace (avail. / total): 8.3G / 15G
[11/17/25 05:09:53] crowsnest: INFO: Checking Dependencies
[11/17/25 05:09:53] crowsnest: Dependency: 'crudini' found in /usr/bin/crudini.
[11/17/25 05:09:53] crowsnest: Dependency: 'find' found in /usr/bin/find.
[11/17/25 05:09:53] crowsnest: Dependency: 'xargs' found in /usr/bin/xargs.
[11/17/25 05:09:53] crowsnest: Dependency: 'ustreamer' found in bin/ustreamer/src/ustreamer.bin.
[11/17/25 05:09:54] crowsnest: Version Control: ustreamer is up to date. (v6.10)
[11/17/25 05:09:54] crowsnest: INFO: Print Configfile: '/home/biqu/printer_data/config/crowsnest.conf'
[11/17/25 05:09:54] crowsnest:		[crowsnest]
[11/17/25 05:09:54] crowsnest:		log_path: /home/biqu/printer_data/logs/crowsnest.log
[11/17/25 05:09:54] crowsnest:		log_level: verbose
[11/17/25 05:09:54] crowsnest:		delete_log: false
[11/17/25 05:09:54] crowsnest:		no_proxy: false
[11/17/25 05:09:54] crowsnest:		
[11/17/25 05:09:54] crowsnest:		[cam 1]
[11/17/25 05:09:54] crowsnest:		mode: ustreamer
[11/17/25 05:09:54] crowsnest:		
[11/17/25 05:09:54] crowsnest:		enable_rtsp: false
[11/17/25 05:09:54] crowsnest:		rtsp_port: 8554
[11/17/25 05:09:54] crowsnest:		port: 8080
[11/17/25 05:09:54] crowsnest:		device: /dev/video0
[11/17/25 05:09:54] crowsnest:		resolution: 1920x1080
[11/17/25 05:09:54] crowsnest:		max_fps: 15
[11/17/25 05:09:54] crowsnest: INFO: Detect available Devices
[11/17/25 05:09:54] crowsnest: ERROR: No usable Devices Found. Stopping crowsnest.
[11/17/25 05:10:00] crowsnest: crowsnest - A webcam Service for multiple Cams and Stream Services.
[11/17/25 05:10:00] crowsnest: Version: v4.1.17-1-g9cc3d4a
[11/17/25 05:10:00] crowsnest: Prepare Startup ...
[11/17/25 05:10:00] crowsnest: INFO: Host information:
[11/17/25 05:10:00] crowsnest: Host Info: Distribution: Armbian 25.8.1 bookworm
Armbian 25.8.1 bookworm
[11/17/25 05:10:00] crowsnest: Host Info: Kernel: Linux 6.6.66-vendor-sunxi64 aarch64
[11/17/25 05:10:00] crowsnest: Host Info: Available CPU Cores: 4
[11/17/25 05:10:00] crowsnest: Host Info: Available Memory: 940764 kB
[11/17/25 05:10:00] crowsnest: Host Info: Diskspace (avail. / total): 8.3G / 15G
[11/17/25 05:10:00] crowsnest: INFO: Checking Dependencies
[11/17/25 05:10:00] crowsnest: Dependency: 'crudini' found in /usr/bin/crudini.
[11/17/25 05:10:00] crowsnest: Dependency: 'find' found in /usr/bin/find.
[11/17/25 05:10:00] crowsnest: Dependency: 'xargs' found in /usr/bin/xargs.
[11/17/25 05:10:00] crowsnest: Dependency: 'ustreamer' found in bin/ustreamer/src/ustreamer.bin.
[11/17/25 05:10:00] crowsnest: Version Control: ustreamer is up to date. (v6.10)
[11/17/25 05:10:00] crowsnest: INFO: Print Configfile: '/home/biqu/printer_data/config/crowsnest.conf'
[11/17/25 05:10:00] crowsnest:		[crowsnest]
[11/17/25 05:10:00] crowsnest:		log_path: /home/biqu/printer_data/logs/crowsnest.log
[11/17/25 05:10:00] crowsnest:		log_level: verbose
[11/17/25 05:10:00] crowsnest:		delete_log: false
[11/17/25 05:10:00] crowsnest:		no_proxy: false
[11/17/25 05:10:00] crowsnest:		
[11/17/25 05:10:00] crowsnest:		[cam 1]
[11/17/25 05:10:00] crowsnest:		mode: ustreamer
[11/17/25 05:10:00] crowsnest:		
[11/17/25 05:10:00] crowsnest:		enable_rtsp: false
[11/17/25 05:10:00] crowsnest:		rtsp_port: 8554
[11/17/25 05:10:00] crowsnest:		port: 8080
[11/17/25 05:10:00] crowsnest:		device: /dev/video0
[11/17/25 05:10:00] crowsnest:		resolution: 1920x1080
[11/17/25 05:10:00] crowsnest:		max_fps: 15
[11/17/25 05:10:00] crowsnest: INFO: Detect available Devices
[11/17/25 05:10:00] crowsnest: ERROR: No usable Devices Found. Stopping crowsnest.
[11/17/25 05:10:06] crowsnest: crowsnest - A webcam Service for multiple Cams and Stream Services.
[11/17/25 05:10:06] crowsnest: Version: v4.1.17-1-g9cc3d4a
[11/17/25 05:10:06] crowsnest: Prepare Startup ...
[11/17/25 05:10:06] crowsnest: INFO: Host information:
[11/17/25 05:10:06] crowsnest: Host Info: Distribution: Armbian 25.8.1 bookworm
Armbian 25.8.1 bookworm
[11/17/25 05:10:06] crowsnest: Host Info: Kernel: Linux 6.6.66-vendor-sunxi64 aarch64
[11/17/25 05:10:06] crowsnest: Host Info: Available CPU Cores: 4
[11/17/25 05:10:06] crowsnest: Host Info: Available Memory: 940764 kB
[11/17/25 05:10:06] crowsnest: Host Info: Diskspace (avail. / total): 8.3G / 15G
[11/17/25 05:10:06] crowsnest: INFO: Checking Dependencies
[11/17/25 05:10:06] crowsnest: Dependency: 'crudini' found in /usr/bin/crudini.
[11/17/25 05:10:06] crowsnest: Dependency: 'find' found in /usr/bin/find.
[11/17/25 05:10:06] crowsnest: Dependency: 'xargs' found in /usr/bin/xargs.
[11/17/25 05:10:06] crowsnest: Dependency: 'ustreamer' found in bin/ustreamer/src/ustreamer.bin.
[11/17/25 05:10:06] crowsnest: Version Control: ustreamer is up to date. (v6.10)
[11/17/25 05:10:06] crowsnest: INFO: Print Configfile: '/home/biqu/printer_data/config/crowsnest.conf'
[11/17/25 05:10:06] crowsnest:		[crowsnest]
[11/17/25 05:10:06] crowsnest:		log_path: /home/biqu/printer_data/logs/crowsnest.log
[11/17/25 05:10:06] crowsnest:		log_level: verbose
[11/17/25 05:10:06] crowsnest:		delete_log: false
[11/17/25 05:10:06] crowsnest:		no_proxy: false
[11/17/25 05:10:06] crowsnest:		
[11/17/25 05:10:06] crowsnest:		[cam 1]
[11/17/25 05:10:06] crowsnest:		mode: ustreamer
[11/17/25 05:10:06] crowsnest:		
[11/17/25 05:10:06] crowsnest:		enable_rtsp: false
[11/17/25 05:10:06] crowsnest:		rtsp_port: 8554
[11/17/25 05:10:06] crowsnest:		port: 8080
[11/17/25 05:10:06] crowsnest:		device: /dev/video0
[11/17/25 05:10:06] crowsnest:		resolution: 1920x1080
[11/17/25 05:10:06] crowsnest:		max_fps: 15
[11/17/25 05:10:06] crowsnest: INFO: Detect available Devices
[11/17/25 05:10:07] crowsnest: ERROR: No usable Devices Found. Stopping crowsnest.
[11/17/25 05:10:13] crowsnest: crowsnest - A webcam Service for multiple Cams and Stream Services.
[11/17/25 05:10:13] crowsnest: Version: v4.1.17-1-g9cc3d4a
[11/17/25 05:10:13] crowsnest: Prepare Startup ...
[11/17/25 05:10:13] crowsnest: INFO: Host information:
[11/17/25 05:10:13] crowsnest: Host Info: Distribution: Armbian 25.8.1 bookworm
Armbian 25.8.1 bookworm
[11/17/25 05:10:13] crowsnest: Host Info: Kernel: Linux 6.6.66-vendor-sunxi64 aarch64
[11/17/25 05:10:13] crowsnest: Host Info: Available CPU Cores: 4
[11/17/25 05:10:13] crowsnest: Host Info: Available Memory: 940764 kB
[11/17/25 05:10:13] crowsnest: Host Info: Diskspace (avail. / total): 8.3G / 15G
[11/17/25 05:10:13] crowsnest: INFO: Checking Dependencies
[11/17/25 05:10:13] crowsnest: Dependency: 'crudini' found in /usr/bin/crudini.
[11/17/25 05:10:13] crowsnest: Dependency: 'find' found in /usr/bin/find.
[11/17/25 05:10:13] crowsnest: Dependency: 'xargs' found in /usr/bin/xargs.
[11/17/25 05:10:13] crowsnest: Dependency: 'ustreamer' found in bin/ustreamer/src/ustreamer.bin.
[11/17/25 05:10:13] crowsnest: Version Control: ustreamer is up to date. (v6.10)
[11/17/25 05:10:13] crowsnest: INFO: Print Configfile: '/home/biqu/printer_data/config/crowsnest.conf'
[11/17/25 05:10:13] crowsnest:		[crowsnest]
[11/17/25 05:10:13] crowsnest:		log_path: /home/biqu/printer_data/logs/crowsnest.log
[11/17/25 05:10:13] crowsnest:		log_level: verbose
[11/17/25 05:10:13] crowsnest:		delete_log: false
[11/17/25 05:10:13] crowsnest:		no_proxy: false
[11/17/25 05:10:13] crowsnest:		
[11/17/25 05:10:13] crowsnest:		[cam 1]
[11/17/25 05:10:13] crowsnest:		mode: ustreamer
[11/17/25 05:10:13] crowsnest:		
[11/17/25 05:10:13] crowsnest:		enable_rtsp: false
[11/17/25 05:10:13] crowsnest:		rtsp_port: 8554
[11/17/25 05:10:13] crowsnest:		port: 8080
[11/17/25 05:10:13] crowsnest:		device: /dev/video0
[11/17/25 05:10:13] crowsnest:		resolution: 1920x1080
[11/17/25 05:10:13] crowsnest:		max_fps: 15
[11/17/25 05:10:13] crowsnest: INFO: Detect available Devices
[11/17/25 05:10:13] crowsnest: ERROR: No usable Devices Found. Stopping crowsnest.
[11/17/25 05:10:19] crowsnest: crowsnest - A webcam Service for multiple Cams and Stream Services.
[11/17/25 05:10:19] crowsnest: Version: v4.1.17-1-g9cc3d4a
[11/17/25 05:10:19] crowsnest: Prepare Startup ...
[11/17/25 05:10:19] crowsnest: INFO: Host information:
[11/17/25 05:10:19] crowsnest: Host Info: Distribution: Armbian 25.8.1 bookworm
Armbian 25.8.1 bookworm
[11/17/25 05:10:19] crowsnest: Host Info: Kernel: Linux 6.6.66-vendor-sunxi64 aarch64
[11/17/25 05:10:19] crowsnest: Host Info: Available CPU Cores: 4
[11/17/25 05:10:19] crowsnest: Host Info: Available Memory: 940764 kB
[11/17/25 05:10:19] crowsnest: Host Info: Diskspace (avail. / total): 8.3G / 15G
[11/17/25 05:10:19] crowsnest: INFO: Checking Dependencies
[11/17/25 05:10:19] crowsnest: Dependency: 'crudini' found in /usr/bin/crudini.
[11/17/25 05:10:19] crowsnest: Dependency: 'find' found in /usr/bin/find.
[11/17/25 05:10:19] crowsnest: Dependency: 'xargs' found in /usr/bin/xargs.
[11/17/25 05:10:19] crowsnest: Dependency: 'ustreamer' found in bin/ustreamer/src/ustreamer.bin.
[11/17/25 05:10:19] crowsnest: Version Control: ustreamer is up to date. (v6.10)
[11/17/25 05:10:20] crowsnest: INFO: Print Configfile: '/home/biqu/printer_data/config/crowsnest.conf'
[11/17/25 05:10:20] crowsnest:		[crowsnest]
[11/17/25 05:10:20] crowsnest:		log_path: /home/biqu/printer_data/logs/crowsnest.log
[11/17/25 05:10:20] crowsnest:		log_level: verbose
[11/17/25 05:10:20] crowsnest:		delete_log: false
[11/17/25 05:10:20] crowsnest:		no_proxy: false
[11/17/25 05:10:20] crowsnest:		
[11/17/25 05:10:20] crowsnest:		[cam 1]
[11/17/25 05:10:20] crowsnest:		mode: ustreamer
[11/17/25 05:10:20] crowsnest:		
[11/17/25 05:10:20] crowsnest:		enable_rtsp: false
[11/17/25 05:10:20] crowsnest:		rtsp_port: 8554
[11/17/25 05:10:20] crowsnest:		port: 8080
[11/17/25 05:10:20] crowsnest:		device: /dev/video0
[11/17/25 05:10:20] crowsnest:		resolution: 1920x1080
[11/17/25 05:10:20] crowsnest:		max_fps: 15
[11/17/25 05:10:20] crowsnest: INFO: Detect available Devices
[11/17/25 05:10:20] crowsnest: ERROR: No usable Devices Found. Stopping crowsnest.
[11/17/25 05:10:26] crowsnest: crowsnest - A webcam Service for multiple Cams and Stream Services.
[11/17/25 05:10:26] crowsnest: Version: v4.1.17-1-g9cc3d4a
[11/17/25 05:10:26] crowsnest: Prepare Startup ...
[11/17/25 05:10:26] crowsnest: INFO: Host information:
[11/17/25 05:10:26] crowsnest: Host Info: Distribution: Armbian 25.8.1 bookworm
Armbian 25.8.1 bookworm
[11/17/25 05:10:26] crowsnest: Host Info: Kernel: Linux 6.6.66-vendor-sunxi64 aarch64
[11/17/25 05:10:26] crowsnest: Host Info: Available CPU Cores: 4
[11/17/25 05:10:26] crowsnest: Host Info: Available Memory: 940764 kB
[11/17/25 05:10:26] crowsnest: Host Info: Diskspace (avail. / total): 8.3G / 15G
[11/17/25 05:10:26] crowsnest: INFO: Checking Dependencies
[11/17/25 05:10:26] crowsnest: Dependency: 'crudini' found in /usr/bin/crudini.
[11/17/25 05:10:26] crowsnest: Dependency: 'find' found in /usr/bin/find.
[11/17/25 05:10:26] crowsnest: Dependency: 'xargs' found in /usr/bin/xargs.
[11/17/25 05:10:26] crowsnest: Dependency: 'ustreamer' found in bin/ustreamer/src/ustreamer.bin.
[11/17/25 05:10:26] crowsnest: Version Control: ustreamer is up to date. (v6.10)
[11/17/25 05:10:26] crowsnest: INFO: Print Configfile: '/home/biqu/printer_data/config/crowsnest.conf'
[11/17/25 05:10:26] crowsnest:		[crowsnest]
[11/17/25 05:10:26] crowsnest:		log_path: /home/biqu/printer_data/logs/crowsnest.log
[11/17/25 05:10:26] crowsnest:		log_level: verbose
[11/17/25 05:10:26] crowsnest:		delete_log: false
[11/17/25 05:10:26] crowsnest:		no_proxy: false
[11/17/25 05:10:26] crowsnest:		
[11/17/25 05:10:26] crowsnest:		[cam 1]
[11/17/25 05:10:26] crowsnest:		mode: ustreamer
[11/17/25 05:10:26] crowsnest:		
[11/17/25 05:10:26] crowsnest:		enable_rtsp: false
[11/17/25 05:10:26] crowsnest:		rtsp_port: 8554
[11/17/25 05:10:26] crowsnest:		port: 8080
[11/17/25 05:10:26] crowsnest:		device: /dev/video0
[11/17/25 05:10:26] crowsnest:		resolution: 1920x1080
[11/17/25 05:10:26] crowsnest:		max_fps: 15
[11/17/25 05:10:26] crowsnest: INFO: Detect available Devices
[11/17/25 05:10:26] crowsnest: ERROR: No usable Devices Found. Stopping crowsnest.
[11/17/25 05:10:32] crowsnest: crowsnest - A webcam Service for multiple Cams and Stream Services.
[11/17/25 05:10:32] crowsnest: Version: v4.1.17-1-g9cc3d4a
[11/17/25 05:10:32] crowsnest: Prepare Startup ...
[11/17/25 05:10:32] crowsnest: INFO: Host information:
[11/17/25 05:10:32] crowsnest: Host Info: Distribution: Armbian 25.8.1 bookworm
Armbian 25.8.1 bookworm
[11/17/25 05:10:32] crowsnest: Host Info: Kernel: Linux 6.6.66-vendor-sunxi64 aarch64
[11/17/25 05:10:32] crowsnest: Host Info: Available CPU Cores: 4
[11/17/25 05:10:32] crowsnest: Host Info: Available Memory: 940764 kB
[11/17/25 05:10:32] crowsnest: Host Info: Diskspace (avail. / total): 8.3G / 15G
[11/17/25 05:10:32] crowsnest: INFO: Checking Dependencies
[11/17/25 05:10:32] crowsnest: Dependency: 'crudini' found in /usr/bin/crudini.
[11/17/25 05:10:32] crowsnest: Dependency: 'find' found in /usr/bin/find.
[11/17/25 05:10:32] crowsnest: Dependency: 'xargs' found in /usr/bin/xargs.
[11/17/25 05:10:32] crowsnest: Dependency: 'ustreamer' found in bin/ustreamer/src/ustreamer.bin.
[11/17/25 05:10:33] crowsnest: Version Control: ustreamer is up to date. (v6.10)
[11/17/25 05:10:33] crowsnest: INFO: Print Configfile: '/home/biqu/printer_data/config/crowsnest.conf'
[11/17/25 05:10:33] crowsnest:		[crowsnest]
[11/17/25 05:10:33] crowsnest:		log_path: /home/biqu/printer_data/logs/crowsnest.log
[11/17/25 05:10:33] crowsnest:		log_level: verbose
[11/17/25 05:10:33] crowsnest:		delete_log: false
[11/17/25 05:10:33] crowsnest:		no_proxy: false
[11/17/25 05:10:33] crowsnest:		
[11/17/25 05:10:33] crowsnest:		[cam 1]
[11/17/25 05:10:33] crowsnest:		mode: ustreamer
[11/17/25 05:10:33] crowsnest:		
[11/17/25 05:10:33] crowsnest:		enable_rtsp: false
[11/17/25 05:10:33] crowsnest:		rtsp_port: 8554
[11/17/25 05:10:33] crowsnest:		port: 8080
[11/17/25 05:10:33] crowsnest:		device: /dev/video0
[11/17/25 05:10:33] crowsnest:		resolution: 1920x1080
[11/17/25 05:10:33] crowsnest:		max_fps: 15
[11/17/25 05:10:33] crowsnest: INFO: Detect available Devices
[11/17/25 05:10:33] crowsnest: ERROR: No usable Devices Found. Stopping crowsnest.
[11/17/25 05:10:39] crowsnest: crowsnest - A webcam Service for multiple Cams and Stream Services.
[11/17/25 05:10:39] crowsnest: Version: v4.1.17-1-g9cc3d4a
[11/17/25 05:10:39] crowsnest: Prepare Startup ...
[11/17/25 05:10:39] crowsnest: INFO: Host information:
[11/17/25 05:10:39] crowsnest: Host Info: Distribution: Armbian 25.8.1 bookworm
Armbian 25.8.1 bookworm
[11/17/25 05:10:39] crowsnest: Host Info: Kernel: Linux 6.6.66-vendor-sunxi64 aarch64
[11/17/25 05:10:39] crowsnest: Host Info: Available CPU Cores: 4
[11/17/25 05:10:39] crowsnest: Host Info: Available Memory: 940764 kB
[11/17/25 05:10:39] crowsnest: Host Info: Diskspace (avail. / total): 8.3G / 15G
[11/17/25 05:10:39] crowsnest: INFO: Checking Dependencies
[11/17/25 05:10:39] crowsnest: Dependency: 'crudini' found in /usr/bin/crudini.
[11/17/25 05:10:39] crowsnest: Dependency: 'find' found in /usr/bin/find.
[11/17/25 05:10:39] crowsnest: Dependency: 'xargs' found in /usr/bin/xargs.
[11/17/25 05:10:39] crowsnest: Dependency: 'ustreamer' found in bin/ustreamer/src/ustreamer.bin.
[11/17/25 05:10:39] crowsnest: Version Control: ustreamer is up to date. (v6.10)
[11/17/25 05:10:39] crowsnest: INFO: Print Configfile: '/home/biqu/printer_data/config/crowsnest.conf'
[11/17/25 05:10:39] crowsnest:		[crowsnest]
[11/17/25 05:10:39] crowsnest:		log_path: /home/biqu/printer_data/logs/crowsnest.log
[11/17/25 05:10:39] crowsnest:		log_level: verbose
[11/17/25 05:10:39] crowsnest:		delete_log: false
[11/17/25 05:10:39] crowsnest:		no_proxy: false
[11/17/25 05:10:39] crowsnest:		
[11/17/25 05:10:39] crowsnest:		[cam 1]
[11/17/25 05:10:39] crowsnest:		mode: ustreamer
[11/17/25 05:10:39] crowsnest:		
[11/17/25 05:10:39] crowsnest:		enable_rtsp: false
[11/17/25 05:10:39] crowsnest:		rtsp_port: 8554
[11/17/25 05:10:39] crowsnest:		port: 8080
[11/17/25 05:10:39] crowsnest:		device: /dev/video0
[11/17/25 05:10:39] crowsnest:		resolution: 1920x1080
[11/17/25 05:10:39] crowsnest:		max_fps: 15
[11/17/25 05:10:39] crowsnest: INFO: Detect available Devices
[11/17/25 05:10:39] crowsnest: ERROR: No usable Devices Found. Stopping crowsnest.
[11/17/25 05:10:45] crowsnest: crowsnest - A webcam Service for multiple Cams and Stream Services.
[11/17/25 05:10:45] crowsnest: Version: v4.1.17-1-g9cc3d4a
[11/17/25 05:10:45] crowsnest: Prepare Startup ...
[11/17/25 05:10:45] crowsnest: INFO: Host information:
[11/17/25 05:10:45] crowsnest: Host Info: Distribution: Armbian 25.8.1 bookworm
Armbian 25.8.1 bookworm
[11/17/25 05:10:45] crowsnest: Host Info: Kernel: Linux 6.6.66-vendor-sunxi64 aarch64
[11/17/25 05:10:45] crowsnest: Host Info: Available CPU Cores: 4
[11/17/25 05:10:45] crowsnest: Host Info: Available Memory: 940764 kB
[11/17/25 05:10:45] crowsnest: Host Info: Diskspace (avail. / total): 8.3G / 15G
[11/17/25 05:10:45] crowsnest: INFO: Checking Dependencies
[11/17/25 05:10:45] crowsnest: Dependency: 'crudini' found in /usr/bin/crudini.
[11/17/25 05:10:45] crowsnest: Dependency: 'find' found in /usr/bin/find.
[11/17/25 05:10:45] crowsnest: Dependency: 'xargs' found in /usr/bin/xargs.
[11/17/25 05:10:45] crowsnest: Dependency: 'ustreamer' found in bin/ustreamer/src/ustreamer.bin.
[11/17/25 05:10:45] crowsnest: Version Control: ustreamer is up to date. (v6.10)
[11/17/25 05:10:45] crowsnest: INFO: Print Configfile: '/home/biqu/printer_data/config/crowsnest.conf'
[11/17/25 05:10:45] crowsnest:		[crowsnest]
[11/17/25 05:10:45] crowsnest:		log_path: /home/biqu/printer_data/logs/crowsnest.log
[11/17/25 05:10:45] crowsnest:		log_level: verbose
[11/17/25 05:10:45] crowsnest:		delete_log: false
[11/17/25 05:10:45] crowsnest:		no_proxy: false
[11/17/25 05:10:45] crowsnest:		
[11/17/25 05:10:45] crowsnest:		[cam 1]
[11/17/25 05:10:45] crowsnest:		mode: ustreamer
[11/17/25 05:10:45] crowsnest:		
[11/17/25 05:10:45] crowsnest:		enable_rtsp: false
[11/17/25 05:10:45] crowsnest:		rtsp_port: 8554
[11/17/25 05:10:45] crowsnest:		port: 8080
[11/17/25 05:10:45] crowsnest:		device: /dev/video0
[11/17/25 05:10:45] crowsnest:		resolution: 1920x1080
[11/17/25 05:10:45] crowsnest:		max_fps: 15
[11/17/25 05:10:46] crowsnest: INFO: Detect available Devices
[11/17/25 05:10:46] crowsnest: ERROR: No usable Devices Found. Stopping crowsnest.
[11/17/25 12:53:59] crowsnest: crowsnest - A webcam Service for multiple Cams and Stream Services.
[11/17/25 12:54:00] crowsnest: Version: v4.1.17-1-g9cc3d4a
[11/17/25 12:54:00] crowsnest: Prepare Startup ...
[11/17/25 12:54:00] crowsnest: INFO: Host information:
[11/17/25 12:54:00] crowsnest: Host Info: Distribution: Armbian 25.8.1 bookworm
Armbian 25.8.1 bookworm
[11/17/25 12:54:00] crowsnest: Host Info: Kernel: Linux 6.6.66-vendor-sunxi64 aarch64
[11/17/25 12:54:00] crowsnest: Host Info: Available CPU Cores: 4
[11/17/25 12:54:00] crowsnest: Host Info: Available Memory: 940764 kB
[11/17/25 12:54:00] crowsnest: Host Info: Diskspace (avail. / total): 8.3G / 15G
[11/17/25 12:54:00] crowsnest: INFO: Checking Dependencies
[11/17/25 12:54:20] crowsnest: Dependency: 'crudini' found in /usr/bin/crudini.
[11/17/25 12:54:20] crowsnest: Dependency: 'find' found in /usr/bin/find.
[11/17/25 12:54:20] crowsnest: Dependency: 'xargs' found in /usr/bin/xargs.
[11/17/25 12:54:20] crowsnest: Dependency: 'ustreamer' found in bin/ustreamer/src/ustreamer.bin.
[11/17/25 12:54:20] crowsnest: Version Control: ustreamer is up to date. (v6.10)
[11/17/25 12:54:20] crowsnest: INFO: Print Configfile: '/home/biqu/printer_data/config/crowsnest.conf'
[11/17/25 12:54:20] crowsnest:		[crowsnest]
[11/17/25 12:54:20] crowsnest:		log_path: /home/biqu/printer_data/logs/crowsnest.log
[11/17/25 12:54:20] crowsnest:		log_level: verbose
[11/17/25 12:54:20] crowsnest:		delete_log: false
[11/17/25 12:54:20] crowsnest:		no_proxy: false
[11/17/25 12:54:20] crowsnest:		
[11/17/25 12:54:20] crowsnest:		[cam 1]
[11/17/25 12:54:20] crowsnest:		mode: ustreamer
[11/17/25 12:54:20] crowsnest:		
[11/17/25 12:54:20] crowsnest:		enable_rtsp: false
[11/17/25 12:54:20] crowsnest:		rtsp_port: 8554
[11/17/25 12:54:20] crowsnest:		port: 8080
[11/17/25 12:54:20] crowsnest:		device: /dev/video0
[11/17/25 12:54:20] crowsnest:		resolution: 1920x1080
[11/17/25 12:54:20] crowsnest:		max_fps: 15
[11/17/25 12:54:20] crowsnest: INFO: Detect available Devices
[11/17/25 12:54:21] crowsnest: ERROR: No usable Devices Found. Stopping crowsnest.
[11/17/25 12:54:27] crowsnest: crowsnest - A webcam Service for multiple Cams and Stream Services.
[11/17/25 12:54:27] crowsnest: Version: v4.1.17-1-g9cc3d4a
[11/17/25 12:54:27] crowsnest: Prepare Startup ...
[11/17/25 12:54:27] crowsnest: INFO: Host information:
[11/17/25 12:54:27] crowsnest: Host Info: Distribution: Armbian 25.8.1 bookworm
Armbian 25.8.1 bookworm
[11/17/25 12:54:27] crowsnest: Host Info: Kernel: Linux 6.6.66-vendor-sunxi64 aarch64
[11/17/25 12:54:27] crowsnest: Host Info: Available CPU Cores: 4
[11/17/25 12:54:27] crowsnest: Host Info: Available Memory: 940764 kB
[11/17/25 12:54:27] crowsnest: Host Info: Diskspace (avail. / total): 8.3G / 15G
[11/17/25 12:54:27] crowsnest: INFO: Checking Dependencies
[11/17/25 12:54:27] crowsnest: Dependency: 'crudini' found in /usr/bin/crudini.
[11/17/25 12:54:27] crowsnest: Dependency: 'find' found in /usr/bin/find.
[11/17/25 12:54:27] crowsnest: Dependency: 'xargs' found in /usr/bin/xargs.
[11/17/25 12:54:27] crowsnest: Dependency: 'ustreamer' found in bin/ustreamer/src/ustreamer.bin.
[11/17/25 12:54:27] crowsnest: Version Control: ustreamer is up to date. (v6.10)
[11/17/25 12:54:27] crowsnest: INFO: Print Configfile: '/home/biqu/printer_data/config/crowsnest.conf'
[11/17/25 12:54:27] crowsnest:		[crowsnest]
[11/17/25 12:54:27] crowsnest:		log_path: /home/biqu/printer_data/logs/crowsnest.log
[11/17/25 12:54:27] crowsnest:		log_level: verbose
[11/17/25 12:54:27] crowsnest:		delete_log: false
[11/17/25 12:54:27] crowsnest:		no_proxy: false
[11/17/25 12:54:27] crowsnest:		
[11/17/25 12:54:27] crowsnest:		[cam 1]
[11/17/25 12:54:27] crowsnest:		mode: ustreamer
[11/17/25 12:54:27] crowsnest:		
[11/17/25 12:54:27] crowsnest:		enable_rtsp: false
[11/17/25 12:54:27] crowsnest:		rtsp_port: 8554
[11/17/25 12:54:27] crowsnest:		port: 8080
[11/17/25 12:54:27] crowsnest:		device: /dev/video0
[11/17/25 12:54:27] crowsnest:		resolution: 1920x1080
[11/17/25 12:54:27] crowsnest:		max_fps: 15
[11/17/25 12:54:27] crowsnest: INFO: Detect available Devices
[11/17/25 12:54:27] crowsnest: ERROR: No usable Devices Found. Stopping crowsnest.
[11/17/25 12:54:34] crowsnest: crowsnest - A webcam Service for multiple Cams and Stream Services.
[11/17/25 12:54:34] crowsnest: Version: v4.1.17-1-g9cc3d4a
[11/17/25 12:54:34] crowsnest: Prepare Startup ...
[11/17/25 12:54:34] crowsnest: INFO: Host information:
[11/17/25 12:54:34] crowsnest: Host Info: Distribution: Armbian 25.8.1 bookworm
Armbian 25.8.1 bookworm
[11/17/25 12:54:34] crowsnest: Host Info: Kernel: Linux 6.6.66-vendor-sunxi64 aarch64
[11/17/25 12:54:34] crowsnest: Host Info: Available CPU Cores: 4
[11/17/25 12:54:34] crowsnest: Host Info: Available Memory: 940764 kB
[11/17/25 12:54:34] crowsnest: Host Info: Diskspace (avail. / total): 8.3G / 15G
[11/17/25 12:54:34] crowsnest: INFO: Checking Dependencies
[11/17/25 12:54:34] crowsnest: Dependency: 'crudini' found in /usr/bin/crudini.
[11/17/25 12:54:34] crowsnest: Dependency: 'find' found in /usr/bin/find.
[11/17/25 12:54:34] crowsnest: Dependency: 'xargs' found in /usr/bin/xargs.
[11/17/25 12:54:34] crowsnest: Dependency: 'ustreamer' found in bin/ustreamer/src/ustreamer.bin.
[11/17/25 12:54:34] crowsnest: Version Control: ustreamer is up to date. (v6.10)
[11/17/25 12:54:34] crowsnest: INFO: Print Configfile: '/home/biqu/printer_data/config/crowsnest.conf'
[11/17/25 12:54:34] crowsnest:		[crowsnest]
[11/17/25 12:54:34] crowsnest:		log_path: /home/biqu/printer_data/logs/crowsnest.log
[11/17/25 12:54:34] crowsnest:		log_level: verbose
[11/17/25 12:54:34] crowsnest:		delete_log: false
[11/17/25 12:54:34] crowsnest:		no_proxy: false
[11/17/25 12:54:34] crowsnest:		
[11/17/25 12:54:34] crowsnest:		[cam 1]
[11/17/25 12:54:34] crowsnest:		mode: ustreamer
[11/17/25 12:54:34] crowsnest:		
[11/17/25 12:54:34] crowsnest:		enable_rtsp: false
[11/17/25 12:54:34] crowsnest:		rtsp_port: 8554
[11/17/25 12:54:34] crowsnest:		port: 8080
[11/17/25 12:54:34] crowsnest:		device: /dev/video0
[11/17/25 12:54:34] crowsnest:		resolution: 1920x1080
[11/17/25 12:54:34] crowsnest:		max_fps: 15
[11/17/25 12:54:34] crowsnest: INFO: Detect available Devices
[11/17/25 12:54:34] crowsnest: ERROR: No usable Devices Found. Stopping crowsnest.
[11/17/25 12:54:40] crowsnest: crowsnest - A webcam Service for multiple Cams and Stream Services.
[11/17/25 12:54:40] crowsnest: Version: v4.1.17-1-g9cc3d4a
[11/17/25 12:54:40] crowsnest: Prepare Startup ...
[11/17/25 12:54:40] crowsnest: INFO: Host information:
[11/17/25 12:54:40] crowsnest: Host Info: Distribution: Armbian 25.8.1 bookworm
Armbian 25.8.1 bookworm
[11/17/25 12:54:40] crowsnest: Host Info: Kernel: Linux 6.6.66-vendor-sunxi64 aarch64
[11/17/25 12:54:40] crowsnest: Host Info: Available CPU Cores: 4
[11/17/25 12:54:40] crowsnest: Host Info: Available Memory: 940764 kB
[11/17/25 12:54:40] crowsnest: Host Info: Diskspace (avail. / total): 8.3G / 15G
[11/17/25 12:54:40] crowsnest: INFO: Checking Dependencies
[11/17/25 12:54:40] crowsnest: Dependency: 'crudini' found in /usr/bin/crudini.
[11/17/25 12:54:40] crowsnest: Dependency: 'find' found in /usr/bin/find.
[11/17/25 12:54:41] crowsnest: Dependency: 'xargs' found in /usr/bin/xargs.
[11/17/25 12:54:41] crowsnest: Dependency: 'ustreamer' found in bin/ustreamer/src/ustreamer.bin.
[11/17/25 12:54:41] crowsnest: Version Control: ustreamer is up to date. (v6.10)
[11/17/25 12:54:41] crowsnest: INFO: Print Configfile: '/home/biqu/printer_data/config/crowsnest.conf'
[11/17/25 12:54:41] crowsnest:		[crowsnest]
[11/17/25 12:54:41] crowsnest:		log_path: /home/biqu/printer_data/logs/crowsnest.log
[11/17/25 12:54:41] crowsnest:		log_level: verbose
[11/17/25 12:54:41] crowsnest:		delete_log: false
[11/17/25 12:54:41] crowsnest:		no_proxy: false
[11/17/25 12:54:41] crowsnest:		
[11/17/25 12:54:41] crowsnest:		[cam 1]
[11/17/25 12:54:41] crowsnest:		mode: ustreamer
[11/17/25 12:54:41] crowsnest:		
[11/17/25 12:54:41] crowsnest:		enable_rtsp: false
[11/17/25 12:54:41] crowsnest:		rtsp_port: 8554
[11/17/25 12:54:41] crowsnest:		port: 8080
[11/17/25 12:54:41] crowsnest:		device: /dev/video0
[11/17/25 12:54:41] crowsnest:		resolution: 1920x1080
[11/17/25 12:54:41] crowsnest:		max_fps: 15
[11/17/25 12:54:41] crowsnest: INFO: Detect available Devices
[11/17/25 12:54:41] crowsnest: ERROR: No usable Devices Found. Stopping crowsnest.
[11/17/25 12:54:47] crowsnest: crowsnest - A webcam Service for multiple Cams and Stream Services.
[11/17/25 12:54:47] crowsnest: Version: v4.1.17-1-g9cc3d4a
[11/17/25 12:54:47] crowsnest: Prepare Startup ...
[11/17/25 12:54:47] crowsnest: INFO: Host information:
[11/17/25 12:54:47] crowsnest: Host Info: Distribution: Armbian 25.8.1 bookworm
Armbian 25.8.1 bookworm
[11/17/25 12:54:47] crowsnest: Host Info: Kernel: Linux 6.6.66-vendor-sunxi64 aarch64
[11/17/25 12:54:47] crowsnest: Host Info: Available CPU Cores: 4
[11/17/25 12:54:47] crowsnest: Host Info: Available Memory: 940764 kB
[11/17/25 12:54:47] crowsnest: Host Info: Diskspace (avail. / total): 8.3G / 15G
[11/17/25 12:54:47] crowsnest: INFO: Checking Dependencies
[11/17/25 12:54:47] crowsnest: Dependency: 'crudini' found in /usr/bin/crudini.
[11/17/25 12:54:47] crowsnest: Dependency: 'find' found in /usr/bin/find.
[11/17/25 12:54:47] crowsnest: Dependency: 'xargs' found in /usr/bin/xargs.
[11/17/25 12:54:47] crowsnest: Dependency: 'ustreamer' found in bin/ustreamer/src/ustreamer.bin.
[11/17/25 12:54:47] crowsnest: Version Control: ustreamer is up to date. (v6.10)
[11/17/25 12:54:47] crowsnest: INFO: Print Configfile: '/home/biqu/printer_data/config/crowsnest.conf'
[11/17/25 12:54:47] crowsnest:		[crowsnest]
[11/17/25 12:54:47] crowsnest:		log_path: /home/biqu/printer_data/logs/crowsnest.log
[11/17/25 12:54:47] crowsnest:		log_level: verbose
[11/17/25 12:54:47] crowsnest:		delete_log: false
[11/17/25 12:54:47] crowsnest:		no_proxy: false
[11/17/25 12:54:47] crowsnest:		
[11/17/25 12:54:47] crowsnest:		[cam 1]
[11/17/25 12:54:47] crowsnest:		mode: ustreamer
[11/17/25 12:54:47] crowsnest:		
[11/17/25 12:54:47] crowsnest:		enable_rtsp: false
[11/17/25 12:54:47] crowsnest:		rtsp_port: 8554
[11/17/25 12:54:47] crowsnest:		port: 8080
[11/17/25 12:54:47] crowsnest:		device: /dev/video0
[11/17/25 12:54:47] crowsnest:		resolution: 1920x1080
[11/17/25 12:54:47] crowsnest:		max_fps: 15
[11/17/25 12:54:47] crowsnest: INFO: Detect available Devices
[11/17/25 12:54:47] crowsnest: ERROR: No usable Devices Found. Stopping crowsnest.
[11/17/25 12:54:53] crowsnest: crowsnest - A webcam Service for multiple Cams and Stream Services.
[11/17/25 12:54:53] crowsnest: Version: v4.1.17-1-g9cc3d4a
[11/17/25 12:54:53] crowsnest: Prepare Startup ...
[11/17/25 12:54:53] crowsnest: INFO: Host information:
[11/17/25 12:54:53] crowsnest: Host Info: Distribution: Armbian 25.8.1 bookworm
Armbian 25.8.1 bookworm
[11/17/25 12:54:53] crowsnest: Host Info: Kernel: Linux 6.6.66-vendor-sunxi64 aarch64
[11/17/25 12:54:53] crowsnest: Host Info: Available CPU Cores: 4
[11/17/25 12:54:53] crowsnest: Host Info: Available Memory: 940764 kB
[11/17/25 12:54:53] crowsnest: Host Info: Diskspace (avail. / total): 8.3G / 15G
[11/17/25 12:54:53] crowsnest: INFO: Checking Dependencies
[11/17/25 12:54:53] crowsnest: Dependency: 'crudini' found in /usr/bin/crudini.
[11/17/25 12:54:53] crowsnest: Dependency: 'find' found in /usr/bin/find.
[11/17/25 12:54:53] crowsnest: Dependency: 'xargs' found in /usr/bin/xargs.
[11/17/25 12:54:53] crowsnest: Dependency: 'ustreamer' found in bin/ustreamer/src/ustreamer.bin.
[11/17/25 12:54:53] crowsnest: Version Control: ustreamer is up to date. (v6.10)
[11/17/25 12:54:53] crowsnest: INFO: Print Configfile: '/home/biqu/printer_data/config/crowsnest.conf'
[11/17/25 12:54:53] crowsnest:		[crowsnest]
[11/17/25 12:54:53] crowsnest:		log_path: /home/biqu/printer_data/logs/crowsnest.log
[11/17/25 12:54:53] crowsnest:		log_level: verbose
[11/17/25 12:54:53] crowsnest:		delete_log: false
[11/17/25 12:54:53] crowsnest:		no_proxy: false
[11/17/25 12:54:53] crowsnest:		
[11/17/25 12:54:53] crowsnest:		[cam 1]
[11/17/25 12:54:53] crowsnest:		mode: ustreamer
[11/17/25 12:54:53] crowsnest:		
[11/17/25 12:54:53] crowsnest:		enable_rtsp: false
[11/17/25 12:54:53] crowsnest:		rtsp_port: 8554
[11/17/25 12:54:53] crowsnest:		port: 8080
[11/17/25 12:54:53] crowsnest:		device: /dev/video0
[11/17/25 12:54:53] crowsnest:		resolution: 1920x1080
[11/17/25 12:54:53] crowsnest:		max_fps: 15
[11/17/25 12:54:53] crowsnest: INFO: Detect available Devices
[11/17/25 12:54:54] crowsnest: ERROR: No usable Devices Found. Stopping crowsnest.
[11/17/25 12:55:00] crowsnest: crowsnest - A webcam Service for multiple Cams and Stream Services.
[11/17/25 12:55:00] crowsnest: Version: v4.1.17-1-g9cc3d4a
[11/17/25 12:55:00] crowsnest: Prepare Startup ...
[11/17/25 12:55:00] crowsnest: INFO: Host information:
[11/17/25 12:55:00] crowsnest: Host Info: Distribution: Armbian 25.8.1 bookworm
Armbian 25.8.1 bookworm
[11/17/25 12:55:00] crowsnest: Host Info: Kernel: Linux 6.6.66-vendor-sunxi64 aarch64
[11/17/25 12:55:00] crowsnest: Host Info: Available CPU Cores: 4
[11/17/25 12:55:00] crowsnest: Host Info: Available Memory: 940764 kB
[11/17/25 12:55:00] crowsnest: Host Info: Diskspace (avail. / total): 8.3G / 15G
[11/17/25 12:55:00] crowsnest: INFO: Checking Dependencies
[11/17/25 12:55:00] crowsnest: Dependency: 'crudini' found in /usr/bin/crudini.
[11/17/25 12:55:00] crowsnest: Dependency: 'find' found in /usr/bin/find.
[11/17/25 12:55:00] crowsnest: Dependency: 'xargs' found in /usr/bin/xargs.
[11/17/25 12:55:00] crowsnest: Dependency: 'ustreamer' found in bin/ustreamer/src/ustreamer.bin.
[11/17/25 12:55:00] crowsnest: Version Control: ustreamer is up to date. (v6.10)
[11/17/25 12:55:00] crowsnest: INFO: Print Configfile: '/home/biqu/printer_data/config/crowsnest.conf'
[11/17/25 12:55:00] crowsnest:		[crowsnest]
[11/17/25 12:55:00] crowsnest:		log_path: /home/biqu/printer_data/logs/crowsnest.log
[11/17/25 12:55:00] crowsnest:		log_level: verbose
[11/17/25 12:55:00] crowsnest:		delete_log: false
[11/17/25 12:55:00] crowsnest:		no_proxy: false
[11/17/25 12:55:00] crowsnest:		
[11/17/25 12:55:00] crowsnest:		[cam 1]
[11/17/25 12:55:00] crowsnest:		mode: ustreamer
[11/17/25 12:55:00] crowsnest:		
[11/17/25 12:55:00] crowsnest:		enable_rtsp: false
[11/17/25 12:55:00] crowsnest:		rtsp_port: 8554
[11/17/25 12:55:00] crowsnest:		port: 8080
[11/17/25 12:55:00] crowsnest:		device: /dev/video0
[11/17/25 12:55:00] crowsnest:		resolution: 1920x1080
[11/17/25 12:55:00] crowsnest:		max_fps: 15
[11/17/25 12:55:00] crowsnest: INFO: Detect available Devices
[11/17/25 12:55:00] crowsnest: ERROR: No usable Devices Found. Stopping crowsnest.
[11/17/25 12:55:06] crowsnest: crowsnest - A webcam Service for multiple Cams and Stream Services.
[11/17/25 12:55:06] crowsnest: Version: v4.1.17-1-g9cc3d4a
[11/17/25 12:55:06] crowsnest: Prepare Startup ...
[11/17/25 12:55:06] crowsnest: INFO: Host information:
[11/17/25 12:55:06] crowsnest: Host Info: Distribution: Armbian 25.8.1 bookworm
Armbian 25.8.1 bookworm
[11/17/25 12:55:06] crowsnest: Host Info: Kernel: Linux 6.6.66-vendor-sunxi64 aarch64
[11/17/25 12:55:06] crowsnest: Host Info: Available CPU Cores: 4
[11/17/25 12:55:06] crowsnest: Host Info: Available Memory: 940764 kB
[11/17/25 12:55:06] crowsnest: Host Info: Diskspace (avail. / total): 8.3G / 15G
[11/17/25 12:55:06] crowsnest: INFO: Checking Dependencies
[11/17/25 12:55:06] crowsnest: Dependency: 'crudini' found in /usr/bin/crudini.
[11/17/25 12:55:06] crowsnest: Dependency: 'find' found in /usr/bin/find.
[11/17/25 12:55:06] crowsnest: Dependency: 'xargs' found in /usr/bin/xargs.
[11/17/25 12:55:06] crowsnest: Dependency: 'ustreamer' found in bin/ustreamer/src/ustreamer.bin.
[11/17/25 12:55:06] crowsnest: Version Control: ustreamer is up to date. (v6.10)
[11/17/25 12:55:06] crowsnest: INFO: Print Configfile: '/home/biqu/printer_data/config/crowsnest.conf'
[11/17/25 12:55:06] crowsnest:		[crowsnest]
[11/17/25 12:55:06] crowsnest:		log_path: /home/biqu/printer_data/logs/crowsnest.log
[11/17/25 12:55:06] crowsnest:		log_level: verbose
[11/17/25 12:55:06] crowsnest:		delete_log: false
[11/17/25 12:55:06] crowsnest:		no_proxy: false
[11/17/25 12:55:06] crowsnest:		
[11/17/25 12:55:06] crowsnest:		[cam 1]
[11/17/25 12:55:06] crowsnest:		mode: ustreamer
[11/17/25 12:55:06] crowsnest:		
[11/17/25 12:55:06] crowsnest:		enable_rtsp: false
[11/17/25 12:55:06] crowsnest:		rtsp_port: 8554
[11/17/25 12:55:06] crowsnest:		port: 8080
[11/17/25 12:55:06] crowsnest:		device: /dev/video0
[11/17/25 12:55:06] crowsnest:		resolution: 1920x1080
[11/17/25 12:55:06] crowsnest:		max_fps: 15
[11/17/25 12:55:06] crowsnest: INFO: Detect available Devices
[11/17/25 12:55:06] crowsnest: ERROR: No usable Devices Found. Stopping crowsnest.
[11/17/25 12:55:13] crowsnest: crowsnest - A webcam Service for multiple Cams and Stream Services.
[11/17/25 12:55:13] crowsnest: Version: v4.1.17-1-g9cc3d4a
[11/17/25 12:55:13] crowsnest: Prepare Startup ...
[11/17/25 12:55:13] crowsnest: INFO: Host information:
[11/17/25 12:55:13] crowsnest: Host Info: Distribution: Armbian 25.8.1 bookworm
Armbian 25.8.1 bookworm
[11/17/25 12:55:13] crowsnest: Host Info: Kernel: Linux 6.6.66-vendor-sunxi64 aarch64
[11/17/25 12:55:13] crowsnest: Host Info: Available CPU Cores: 4
[11/17/25 12:55:13] crowsnest: Host Info: Available Memory: 940764 kB
[11/17/25 12:55:13] crowsnest: Host Info: Diskspace (avail. / total): 8.3G / 15G
[11/17/25 12:55:13] crowsnest: INFO: Checking Dependencies
[11/17/25 12:55:13] crowsnest: Dependency: 'crudini' found in /usr/bin/crudini.
[11/17/25 12:55:13] crowsnest: Dependency: 'find' found in /usr/bin/find.
[11/17/25 12:55:13] crowsnest: Dependency: 'xargs' found in /usr/bin/xargs.
[11/17/25 12:55:13] crowsnest: Dependency: 'ustreamer' found in bin/ustreamer/src/ustreamer.bin.
[11/17/25 12:55:13] crowsnest: Version Control: ustreamer is up to date. (v6.10)
[11/17/25 12:55:13] crowsnest: INFO: Print Configfile: '/home/biqu/printer_data/config/crowsnest.conf'
[11/17/25 12:55:13] crowsnest:		[crowsnest]
[11/17/25 12:55:13] crowsnest:		log_path: /home/biqu/printer_data/logs/crowsnest.log
[11/17/25 12:55:13] crowsnest:		log_level: verbose
[11/17/25 12:55:13] crowsnest:		delete_log: false
[11/17/25 12:55:13] crowsnest:		no_proxy: false
[11/17/25 12:55:13] crowsnest:		
[11/17/25 12:55:13] crowsnest:		[cam 1]
[11/17/25 12:55:13] crowsnest:		mode: ustreamer
[11/17/25 12:55:13] crowsnest:		
[11/17/25 12:55:13] crowsnest:		enable_rtsp: false
[11/17/25 12:55:13] crowsnest:		rtsp_port: 8554
[11/17/25 12:55:13] crowsnest:		port: 8080
[11/17/25 12:55:13] crowsnest:		device: /dev/video0
[11/17/25 12:55:13] crowsnest:		resolution: 1920x1080
[11/17/25 12:55:13] crowsnest:		max_fps: 15
[11/17/25 12:55:13] crowsnest: INFO: Detect available Devices
[11/17/25 12:55:13] crowsnest: ERROR: No usable Devices Found. Stopping crowsnest.
[11/17/25 12:55:19] crowsnest: crowsnest - A webcam Service for multiple Cams and Stream Services.
[11/17/25 12:55:19] crowsnest: Version: v4.1.17-1-g9cc3d4a
[11/17/25 12:55:19] crowsnest: Prepare Startup ...
[11/17/25 12:55:19] crowsnest: INFO: Host information:
[11/17/25 12:55:19] crowsnest: Host Info: Distribution: Armbian 25.8.1 bookworm
Armbian 25.8.1 bookworm
[11/17/25 12:55:19] crowsnest: Host Info: Kernel: Linux 6.6.66-vendor-sunxi64 aarch64
[11/17/25 12:55:19] crowsnest: Host Info: Available CPU Cores: 4
[11/17/25 12:55:19] crowsnest: Host Info: Available Memory: 940764 kB
[11/17/25 12:55:19] crowsnest: Host Info: Diskspace (avail. / total): 8.3G / 15G
[11/17/25 12:55:19] crowsnest: INFO: Checking Dependencies
[11/17/25 12:55:19] crowsnest: Dependency: 'crudini' found in /usr/bin/crudini.
[11/17/25 12:55:19] crowsnest: Dependency: 'find' found in /usr/bin/find.
[11/17/25 12:55:19] crowsnest: Dependency: 'xargs' found in /usr/bin/xargs.
[11/17/25 12:55:19] crowsnest: Dependency: 'ustreamer' found in bin/ustreamer/src/ustreamer.bin.
[11/17/25 12:55:19] crowsnest: Version Control: ustreamer is up to date. (v6.10)
[11/17/25 12:55:20] crowsnest: INFO: Print Configfile: '/home/biqu/printer_data/config/crowsnest.conf'
[11/17/25 12:55:20] crowsnest:		[crowsnest]
[11/17/25 12:55:20] crowsnest:		log_path: /home/biqu/printer_data/logs/crowsnest.log
[11/17/25 12:55:20] crowsnest:		log_level: verbose
[11/17/25 12:55:20] crowsnest:		delete_log: false
[11/17/25 12:55:20] crowsnest:		no_proxy: false
[11/17/25 12:55:20] crowsnest:		
[11/17/25 12:55:20] crowsnest:		[cam 1]
[11/17/25 12:55:20] crowsnest:		mode: ustreamer
[11/17/25 12:55:20] crowsnest:		
[11/17/25 12:55:20] crowsnest:		enable_rtsp: false
[11/17/25 12:55:20] crowsnest:		rtsp_port: 8554
[11/17/25 12:55:20] crowsnest:		port: 8080
[11/17/25 12:55:20] crowsnest:		device: /dev/video0
[11/17/25 12:55:20] crowsnest:		resolution: 1920x1080
[11/17/25 12:55:20] crowsnest:		max_fps: 15
[11/17/25 12:55:20] crowsnest: INFO: Detect available Devices
[11/17/25 12:55:20] crowsnest: ERROR: No usable Devices Found. Stopping crowsnest.
[11/17/25 13:17:22] crowsnest: crowsnest - A webcam Service for multiple Cams and Stream Services.
[11/17/25 13:17:23] crowsnest: Version: v4.1.17-1-g9cc3d4a
[11/17/25 13:17:23] crowsnest: Prepare Startup ...
[11/17/25 13:17:23] crowsnest: INFO: Host information:
[11/17/25 13:17:23] crowsnest: Host Info: Distribution: Armbian 25.8.1 bookworm
Armbian 25.8.1 bookworm
[11/17/25 13:17:23] crowsnest: Host Info: Kernel: Linux 6.6.66-vendor-sunxi64 aarch64
[11/18/25 04:29:49] crowsnest: Host Info: Available CPU Cores: 4
[11/18/25 04:29:49] crowsnest: Host Info: Available Memory: 940764 kB
[11/18/25 04:29:49] crowsnest: Host Info: Diskspace (avail. / total): 8.3G / 15G
[11/18/25 04:29:49] crowsnest: INFO: Checking Dependencies
[11/18/25 04:29:52] crowsnest: Dependency: 'crudini' found in /usr/bin/crudini.
[11/18/25 04:29:52] crowsnest: Dependency: 'find' found in /usr/bin/find.
[11/18/25 04:29:52] crowsnest: Dependency: 'xargs' found in /usr/bin/xargs.
[11/18/25 04:29:52] crowsnest: Dependency: 'ustreamer' found in bin/ustreamer/src/ustreamer.bin.
[11/18/25 04:29:52] crowsnest: Version Control: ustreamer is up to date. (v6.10)
[11/18/25 04:29:52] crowsnest: INFO: Print Configfile: '/home/biqu/printer_data/config/crowsnest.conf'
[11/18/25 04:29:52] crowsnest:		[crowsnest]
[11/18/25 04:29:52] crowsnest:		log_path: /home/biqu/printer_data/logs/crowsnest.log
[11/18/25 04:29:52] crowsnest:		log_level: verbose
[11/18/25 04:29:52] crowsnest:		delete_log: false
[11/18/25 04:29:52] crowsnest:		no_proxy: false
[11/18/25 04:29:52] crowsnest:		
[11/18/25 04:29:52] crowsnest:		[cam 1]
[11/18/25 04:29:52] crowsnest:		mode: ustreamer
[11/18/25 04:29:52] crowsnest:		
[11/18/25 04:29:52] crowsnest:		enable_rtsp: false
[11/18/25 04:29:52] crowsnest:		rtsp_port: 8554
[11/18/25 04:29:52] crowsnest:		port: 8080
[11/18/25 04:29:52] crowsnest:		device: /dev/video0
[11/18/25 04:29:52] crowsnest:		resolution: 1920x1080
[11/18/25 04:29:52] crowsnest:		max_fps: 15
[11/18/25 04:29:52] crowsnest: INFO: Detect available Devices
[11/18/25 04:29:52] crowsnest: ERROR: No usable Devices Found. Stopping crowsnest.
[11/18/25 04:29:58] crowsnest: crowsnest - A webcam Service for multiple Cams and Stream Services.
[11/18/25 04:29:59] crowsnest: Version: v4.1.17-1-g9cc3d4a
[11/18/25 04:29:59] crowsnest: Prepare Startup ...
[11/18/25 04:29:59] crowsnest: INFO: Host information:
[11/18/25 04:29:59] crowsnest: Host Info: Distribution: Armbian 25.8.1 bookworm
Armbian 25.8.1 bookworm
[11/18/25 04:29:59] crowsnest: Host Info: Kernel: Linux 6.6.66-vendor-sunxi64 aarch64
[11/18/25 04:29:59] crowsnest: Host Info: Available CPU Cores: 4
[11/18/25 04:29:59] crowsnest: Host Info: Available Memory: 940764 kB
[11/18/25 04:29:59] crowsnest: Host Info: Diskspace (avail. / total): 8.3G / 15G
[11/18/25 04:29:59] crowsnest: INFO: Checking Dependencies
[11/18/25 04:29:59] crowsnest: Dependency: 'crudini' found in /usr/bin/crudini.
[11/18/25 04:29:59] crowsnest: Dependency: 'find' found in /usr/bin/find.
[11/18/25 04:29:59] crowsnest: Dependency: 'xargs' found in /usr/bin/xargs.
[11/18/25 04:29:59] crowsnest: Dependency: 'ustreamer' found in bin/ustreamer/src/ustreamer.bin.
[11/18/25 04:29:59] crowsnest: Version Control: ustreamer is up to date. (v6.10)
[11/18/25 04:29:59] crowsnest: INFO: Print Configfile: '/home/biqu/printer_data/config/crowsnest.conf'
[11/18/25 04:29:59] crowsnest:		[crowsnest]
[11/18/25 04:29:59] crowsnest:		log_path: /home/biqu/printer_data/logs/crowsnest.log
[11/18/25 04:29:59] crowsnest:		log_level: verbose
[11/18/25 04:29:59] crowsnest:		delete_log: false
[11/18/25 04:29:59] crowsnest:		no_proxy: false
[11/18/25 04:29:59] crowsnest:		
[11/18/25 04:29:59] crowsnest:		[cam 1]
[11/18/25 04:29:59] crowsnest:		mode: ustreamer
[11/18/25 04:29:59] crowsnest:		
[11/18/25 04:29:59] crowsnest:		enable_rtsp: false
[11/18/25 04:29:59] crowsnest:		rtsp_port: 8554
[11/18/25 04:29:59] crowsnest:		port: 8080
[11/18/25 04:29:59] crowsnest:		device: /dev/video0
[11/18/25 04:29:59] crowsnest:		resolution: 1920x1080
[11/18/25 04:29:59] crowsnest:		max_fps: 15
[11/18/25 04:29:59] crowsnest: INFO: Detect available Devices
[11/18/25 04:29:59] crowsnest: ERROR: No usable Devices Found. Stopping crowsnest.
[11/18/25 04:30:05] crowsnest: crowsnest - A webcam Service for multiple Cams and Stream Services.
[11/18/25 04:30:05] crowsnest: Version: v4.1.17-1-g9cc3d4a
[11/18/25 04:30:05] crowsnest: Prepare Startup ...
[11/18/25 04:30:06] crowsnest: INFO: Host information:
[11/18/25 04:30:06] crowsnest: Host Info: Distribution: Armbian 25.8.1 bookworm
Armbian 25.8.1 bookworm
[11/18/25 04:30:06] crowsnest: Host Info: Kernel: Linux 6.6.66-vendor-sunxi64 aarch64
[11/18/25 04:30:06] crowsnest: Host Info: Available CPU Cores: 4
[11/18/25 04:30:06] crowsnest: Host Info: Available Memory: 940764 kB
[11/18/25 04:30:06] crowsnest: Host Info: Diskspace (avail. / total): 8.3G / 15G
[11/18/25 04:30:06] crowsnest: INFO: Checking Dependencies
[11/18/25 04:30:06] crowsnest: Dependency: 'crudini' found in /usr/bin/crudini.
[11/18/25 04:30:06] crowsnest: Dependency: 'find' found in /usr/bin/find.
[11/18/25 04:30:06] crowsnest: Dependency: 'xargs' found in /usr/bin/xargs.
[11/18/25 04:30:06] crowsnest: Dependency: 'ustreamer' found in bin/ustreamer/src/ustreamer.bin.
[11/18/25 04:30:06] crowsnest: Version Control: ustreamer is up to date. (v6.10)
[11/18/25 04:30:06] crowsnest: INFO: Print Configfile: '/home/biqu/printer_data/config/crowsnest.conf'
[11/18/25 04:30:06] crowsnest:		[crowsnest]
[11/18/25 04:30:06] crowsnest:		log_path: /home/biqu/printer_data/logs/crowsnest.log
[11/18/25 04:30:06] crowsnest:		log_level: verbose
[11/18/25 04:30:06] crowsnest:		delete_log: false
[11/18/25 04:30:06] crowsnest:		no_proxy: false
[11/18/25 04:30:06] crowsnest:		
[11/18/25 04:30:06] crowsnest:		[cam 1]
[11/18/25 04:30:06] crowsnest:		mode: ustreamer
[11/18/25 04:30:06] crowsnest:		
[11/18/25 04:30:06] crowsnest:		enable_rtsp: false
[11/18/25 04:30:06] crowsnest:		rtsp_port: 8554
[11/18/25 04:30:06] crowsnest:		port: 8080
[11/18/25 04:30:06] crowsnest:		device: /dev/video0
[11/18/25 04:30:06] crowsnest:		resolution: 1920x1080
[11/18/25 04:30:06] crowsnest:		max_fps: 15
[11/18/25 04:30:06] crowsnest: INFO: Detect available Devices
[11/18/25 04:30:06] crowsnest: ERROR: No usable Devices Found. Stopping crowsnest.
[11/18/25 04:30:12] crowsnest: crowsnest - A webcam Service for multiple Cams and Stream Services.
[11/18/25 04:30:12] crowsnest: Version: v4.1.17-1-g9cc3d4a
[11/18/25 04:30:12] crowsnest: Prepare Startup ...
[11/18/25 04:30:12] crowsnest: INFO: Host information:
[11/18/25 04:30:12] crowsnest: Host Info: Distribution: Armbian 25.8.1 bookworm
Armbian 25.8.1 bookworm
[11/18/25 04:30:12] crowsnest: Host Info: Kernel: Linux 6.6.66-vendor-sunxi64 aarch64
[11/18/25 04:30:12] crowsnest: Host Info: Available CPU Cores: 4
[11/18/25 04:30:12] crowsnest: Host Info: Available Memory: 940764 kB
[11/18/25 04:30:12] crowsnest: Host Info: Diskspace (avail. / total): 8.3G / 15G
[11/18/25 04:30:12] crowsnest: INFO: Checking Dependencies
[11/18/25 04:30:12] crowsnest: Dependency: 'crudini' found in /usr/bin/crudini.
[11/18/25 04:30:12] crowsnest: Dependency: 'find' found in /usr/bin/find.
[11/18/25 04:30:12] crowsnest: Dependency: 'xargs' found in /usr/bin/xargs.
[11/18/25 04:30:12] crowsnest: Dependency: 'ustreamer' found in bin/ustreamer/src/ustreamer.bin.
[11/18/25 04:30:13] crowsnest: Version Control: ustreamer is up to date. (v6.10)
[11/18/25 04:30:13] crowsnest: INFO: Print Configfile: '/home/biqu/printer_data/config/crowsnest.conf'
[11/18/25 04:30:13] crowsnest:		[crowsnest]
[11/18/25 04:30:13] crowsnest:		log_path: /home/biqu/printer_data/logs/crowsnest.log
[11/18/25 04:30:13] crowsnest:		log_level: verbose
[11/18/25 04:30:13] crowsnest:		delete_log: false
[11/18/25 04:30:13] crowsnest:		no_proxy: false
[11/18/25 04:30:13] crowsnest:		
[11/18/25 04:30:13] crowsnest:		[cam 1]
[11/18/25 04:30:13] crowsnest:		mode: ustreamer
[11/18/25 04:30:13] crowsnest:		
[11/18/25 04:30:13] crowsnest:		enable_rtsp: false
[11/18/25 04:30:13] crowsnest:		rtsp_port: 8554
[11/18/25 04:30:13] crowsnest:		port: 8080
[11/18/25 04:30:13] crowsnest:		device: /dev/video0
[11/18/25 04:30:13] crowsnest:		resolution: 1920x1080
[11/18/25 04:30:13] crowsnest:		max_fps: 15
[11/18/25 04:30:13] crowsnest: INFO: Detect available Devices
[11/18/25 04:30:13] crowsnest: ERROR: No usable Devices Found. Stopping crowsnest.
[11/18/25 04:30:19] crowsnest: crowsnest - A webcam Service for multiple Cams and Stream Services.
[11/18/25 04:30:19] crowsnest: Version: v4.1.17-1-g9cc3d4a
[11/18/25 04:30:19] crowsnest: Prepare Startup ...
[11/18/25 04:30:19] crowsnest: INFO: Host information:
[11/18/25 04:30:19] crowsnest: Host Info: Distribution: Armbian 25.8.1 bookworm
Armbian 25.8.1 bookworm
[11/18/25 04:30:19] crowsnest: Host Info: Kernel: Linux 6.6.66-vendor-sunxi64 aarch64
[11/18/25 04:30:19] crowsnest: Host Info: Available CPU Cores: 4
[11/18/25 04:30:19] crowsnest: Host Info: Available Memory: 940764 kB
[11/18/25 04:30:19] crowsnest: Host Info: Diskspace (avail. / total): 8.3G / 15G
[11/18/25 04:30:19] crowsnest: INFO: Checking Dependencies
[11/18/25 04:30:19] crowsnest: Dependency: 'crudini' found in /usr/bin/crudini.
[11/18/25 04:30:19] crowsnest: Dependency: 'find' found in /usr/bin/find.
[11/18/25 04:30:19] crowsnest: Dependency: 'xargs' found in /usr/bin/xargs.
[11/18/25 04:30:19] crowsnest: Dependency: 'ustreamer' found in bin/ustreamer/src/ustreamer.bin.
[11/18/25 04:30:19] crowsnest: Version Control: ustreamer is up to date. (v6.10)
[11/18/25 04:30:19] crowsnest: INFO: Print Configfile: '/home/biqu/printer_data/config/crowsnest.conf'
[11/18/25 04:30:19] crowsnest:		[crowsnest]
[11/18/25 04:30:19] crowsnest:		log_path: /home/biqu/printer_data/logs/crowsnest.log
[11/18/25 04:30:19] crowsnest:		log_level: verbose
[11/18/25 04:30:19] crowsnest:		delete_log: false
[11/18/25 04:30:19] crowsnest:		no_proxy: false
[11/18/25 04:30:19] crowsnest:		
[11/18/25 04:30:19] crowsnest:		[cam 1]
[11/18/25 04:30:19] crowsnest:		mode: ustreamer
[11/18/25 04:30:19] crowsnest:		
[11/18/25 04:30:19] crowsnest:		enable_rtsp: false
[11/18/25 04:30:19] crowsnest:		rtsp_port: 8554
[11/18/25 04:30:19] crowsnest:		port: 8080
[11/18/25 04:30:19] crowsnest:		device: /dev/video0
[11/18/25 04:30:19] crowsnest:		resolution: 1920x1080
[11/18/25 04:30:19] crowsnest:		max_fps: 15
[11/18/25 04:30:19] crowsnest: INFO: Detect available Devices
[11/18/25 04:30:19] crowsnest: ERROR: No usable Devices Found. Stopping crowsnest.
[11/18/25 04:30:25] crowsnest: crowsnest - A webcam Service for multiple Cams and Stream Services.
[11/18/25 04:30:25] crowsnest: Version: v4.1.17-1-g9cc3d4a
[11/18/25 04:30:25] crowsnest: Prepare Startup ...
[11/18/25 04:30:25] crowsnest: INFO: Host information:
[11/18/25 04:30:25] crowsnest: Host Info: Distribution: Armbian 25.8.1 bookworm
Armbian 25.8.1 bookworm
[11/18/25 04:30:25] crowsnest: Host Info: Kernel: Linux 6.6.66-vendor-sunxi64 aarch64
[11/18/25 04:30:26] crowsnest: Host Info: Available CPU Cores: 4
[11/18/25 04:30:26] crowsnest: Host Info: Available Memory: 940764 kB
[11/18/25 04:30:26] crowsnest: Host Info: Diskspace (avail. / total): 8.3G / 15G
[11/18/25 04:30:26] crowsnest: INFO: Checking Dependencies
[11/18/25 04:30:26] crowsnest: Dependency: 'crudini' found in /usr/bin/crudini.
[11/18/25 04:30:26] crowsnest: Dependency: 'find' found in /usr/bin/find.
[11/18/25 04:30:26] crowsnest: Dependency: 'xargs' found in /usr/bin/xargs.
[11/18/25 04:30:26] crowsnest: Dependency: 'ustreamer' found in bin/ustreamer/src/ustreamer.bin.
[11/18/25 04:30:26] crowsnest: Version Control: ustreamer is up to date. (v6.10)
[11/18/25 04:30:26] crowsnest: INFO: Print Configfile: '/home/biqu/printer_data/config/crowsnest.conf'
[11/18/25 04:30:26] crowsnest:		[crowsnest]
[11/18/25 04:30:26] crowsnest:		log_path: /home/biqu/printer_data/logs/crowsnest.log
[11/18/25 04:30:26] crowsnest:		log_level: verbose
[11/18/25 04:30:26] crowsnest:		delete_log: false
[11/18/25 04:30:26] crowsnest:		no_proxy: false
[11/18/25 04:30:26] crowsnest:		
[11/18/25 04:30:26] crowsnest:		[cam 1]
[11/18/25 04:30:26] crowsnest:		mode: ustreamer
[11/18/25 04:30:26] crowsnest:		
[11/18/25 04:30:26] crowsnest:		enable_rtsp: false
[11/18/25 04:30:26] crowsnest:		rtsp_port: 8554
[11/18/25 04:30:26] crowsnest:		port: 8080
[11/18/25 04:30:26] crowsnest:		device: /dev/video0
[11/18/25 04:30:26] crowsnest:		resolution: 1920x1080
[11/18/25 04:30:26] crowsnest:		max_fps: 15
[11/18/25 04:30:26] crowsnest: INFO: Detect available Devices
[11/18/25 04:30:26] crowsnest: ERROR: No usable Devices Found. Stopping crowsnest.
[11/18/25 04:30:32] crowsnest: crowsnest - A webcam Service for multiple Cams and Stream Services.
[11/18/25 04:30:32] crowsnest: Version: v4.1.17-1-g9cc3d4a
[11/18/25 04:30:32] crowsnest: Prepare Startup ...
[11/18/25 04:30:32] crowsnest: INFO: Host information:
[11/18/25 04:30:32] crowsnest: Host Info: Distribution: Armbian 25.8.1 bookworm
Armbian 25.8.1 bookworm
[11/18/25 04:30:32] crowsnest: Host Info: Kernel: Linux 6.6.66-vendor-sunxi64 aarch64
[11/18/25 04:30:32] crowsnest: Host Info: Available CPU Cores: 4
[11/18/25 04:30:32] crowsnest: Host Info: Available Memory: 940764 kB
[11/18/25 04:30:32] crowsnest: Host Info: Diskspace (avail. / total): 8.3G / 15G
[11/18/25 04:30:32] crowsnest: INFO: Checking Dependencies
[11/18/25 04:30:32] crowsnest: Dependency: 'crudini' found in /usr/bin/crudini.
[11/18/25 04:30:32] crowsnest: Dependency: 'find' found in /usr/bin/find.
[11/18/25 04:30:32] crowsnest: Dependency: 'xargs' found in /usr/bin/xargs.
[11/18/25 04:30:32] crowsnest: Dependency: 'ustreamer' found in bin/ustreamer/src/ustreamer.bin.
[11/18/25 04:30:32] crowsnest: Version Control: ustreamer is up to date. (v6.10)
[11/18/25 04:30:32] crowsnest: INFO: Print Configfile: '/home/biqu/printer_data/config/crowsnest.conf'
[11/18/25 04:30:32] crowsnest:		[crowsnest]
[11/18/25 04:30:32] crowsnest:		log_path: /home/biqu/printer_data/logs/crowsnest.log
[11/18/25 04:30:32] crowsnest:		log_level: verbose
[11/18/25 04:30:32] crowsnest:		delete_log: false
[11/18/25 04:30:32] crowsnest:		no_proxy: false
[11/18/25 04:30:32] crowsnest:		
[11/18/25 04:30:32] crowsnest:		[cam 1]
[11/18/25 04:30:32] crowsnest:		mode: ustreamer
[11/18/25 04:30:32] crowsnest:		
[11/18/25 04:30:32] crowsnest:		enable_rtsp: false
[11/18/25 04:30:32] crowsnest:		rtsp_port: 8554
[11/18/25 04:30:32] crowsnest:		port: 8080
[11/18/25 04:30:32] crowsnest:		device: /dev/video0
[11/18/25 04:30:32] crowsnest:		resolution: 1920x1080
[11/18/25 04:30:32] crowsnest:		max_fps: 15
[11/18/25 04:30:32] crowsnest: INFO: Detect available Devices
[11/18/25 04:30:32] crowsnest: ERROR: No usable Devices Found. Stopping crowsnest.
[11/18/25 04:30:38] crowsnest: crowsnest - A webcam Service for multiple Cams and Stream Services.
[11/18/25 04:30:38] crowsnest: Version: v4.1.17-1-g9cc3d4a
[11/18/25 04:30:38] crowsnest: Prepare Startup ...
[11/18/25 04:30:38] crowsnest: INFO: Host information:
[11/18/25 04:30:38] crowsnest: Host Info: Distribution: Armbian 25.8.1 bookworm
Armbian 25.8.1 bookworm
[11/18/25 04:30:38] crowsnest: Host Info: Kernel: Linux 6.6.66-vendor-sunxi64 aarch64
[11/18/25 04:30:38] crowsnest: Host Info: Available CPU Cores: 4
[11/18/25 04:30:38] crowsnest: Host Info: Available Memory: 940764 kB
[11/18/25 04:30:38] crowsnest: Host Info: Diskspace (avail. / total): 8.3G / 15G
[11/18/25 04:30:38] crowsnest: INFO: Checking Dependencies
[11/18/25 04:30:39] crowsnest: Dependency: 'crudini' found in /usr/bin/crudini.
[11/18/25 04:30:39] crowsnest: Dependency: 'find' found in /usr/bin/find.
[11/18/25 04:30:39] crowsnest: Dependency: 'xargs' found in /usr/bin/xargs.
[11/18/25 04:30:39] crowsnest: Dependency: 'ustreamer' found in bin/ustreamer/src/ustreamer.bin.
[11/18/25 04:30:39] crowsnest: Version Control: ustreamer is up to date. (v6.10)
[11/18/25 04:30:39] crowsnest: INFO: Print Configfile: '/home/biqu/printer_data/config/crowsnest.conf'
[11/18/25 04:30:39] crowsnest:		[crowsnest]
[11/18/25 04:30:39] crowsnest:		log_path: /home/biqu/printer_data/logs/crowsnest.log
[11/18/25 04:30:39] crowsnest:		log_level: verbose
[11/18/25 04:30:39] crowsnest:		delete_log: false
[11/18/25 04:30:39] crowsnest:		no_proxy: false
[11/18/25 04:30:39] crowsnest:		
[11/18/25 04:30:39] crowsnest:		[cam 1]
[11/18/25 04:30:39] crowsnest:		mode: ustreamer
[11/18/25 04:30:39] crowsnest:		
[11/18/25 04:30:39] crowsnest:		enable_rtsp: false
[11/18/25 04:30:39] crowsnest:		rtsp_port: 8554
[11/18/25 04:30:39] crowsnest:		port: 8080
[11/18/25 04:30:39] crowsnest:		device: /dev/video0
[11/18/25 04:30:39] crowsnest:		resolution: 1920x1080
[11/18/25 04:30:39] crowsnest:		max_fps: 15
[11/18/25 04:30:39] crowsnest: INFO: Detect available Devices
[11/18/25 04:30:39] crowsnest: ERROR: No usable Devices Found. Stopping crowsnest.
[11/18/25 04:30:45] crowsnest: crowsnest - A webcam Service for multiple Cams and Stream Services.
[11/18/25 04:30:45] crowsnest: Version: v4.1.17-1-g9cc3d4a
[11/18/25 04:30:45] crowsnest: Prepare Startup ...
[11/18/25 04:30:45] crowsnest: INFO: Host information:
[11/18/25 04:30:45] crowsnest: Host Info: Distribution: Armbian 25.8.1 bookworm
Armbian 25.8.1 bookworm
[11/18/25 04:30:45] crowsnest: Host Info: Kernel: Linux 6.6.66-vendor-sunxi64 aarch64
[11/18/25 04:30:45] crowsnest: Host Info: Available CPU Cores: 4
[11/18/25 04:30:45] crowsnest: Host Info: Available Memory: 940764 kB
[11/18/25 04:30:45] crowsnest: Host Info: Diskspace (avail. / total): 8.3G / 15G
[11/18/25 04:30:45] crowsnest: INFO: Checking Dependencies
[11/18/25 04:30:45] crowsnest: Dependency: 'crudini' found in /usr/bin/crudini.
[11/18/25 04:30:45] crowsnest: Dependency: 'find' found in /usr/bin/find.
[11/18/25 04:30:45] crowsnest: Dependency: 'xargs' found in /usr/bin/xargs.
[11/18/25 04:30:45] crowsnest: Dependency: 'ustreamer' found in bin/ustreamer/src/ustreamer.bin.
[11/18/25 04:30:45] crowsnest: Version Control: ustreamer is up to date. (v6.10)
[11/18/25 04:30:45] crowsnest: INFO: Print Configfile: '/home/biqu/printer_data/config/crowsnest.conf'
[11/18/25 04:30:45] crowsnest:		[crowsnest]
[11/18/25 04:30:45] crowsnest:		log_path: /home/biqu/printer_data/logs/crowsnest.log
[11/18/25 04:30:45] crowsnest:		log_level: verbose
[11/18/25 04:30:45] crowsnest:		delete_log: false
[11/18/25 04:30:45] crowsnest:		no_proxy: false
[11/18/25 04:30:45] crowsnest:		
[11/18/25 04:30:45] crowsnest:		[cam 1]
[11/18/25 04:30:45] crowsnest:		mode: ustreamer
[11/18/25 04:30:45] crowsnest:		
[11/18/25 04:30:45] crowsnest:		enable_rtsp: false
[11/18/25 04:30:45] crowsnest:		rtsp_port: 8554
[11/18/25 04:30:45] crowsnest:		port: 8080
[11/18/25 04:30:45] crowsnest:		device: /dev/video0
[11/18/25 04:30:45] crowsnest:		resolution: 1920x1080
[11/18/25 04:30:45] crowsnest:		max_fps: 15
[11/18/25 04:30:45] crowsnest: INFO: Detect available Devices
[11/18/25 04:30:45] crowsnest: ERROR: No usable Devices Found. Stopping crowsnest.
[11/18/25 04:30:51] crowsnest: crowsnest - A webcam Service for multiple Cams and Stream Services.
[11/18/25 04:30:51] crowsnest: Version: v4.1.17-1-g9cc3d4a
[11/18/25 04:30:51] crowsnest: Prepare Startup ...
[11/18/25 04:30:51] crowsnest: INFO: Host information:
[11/18/25 04:30:51] crowsnest: Host Info: Distribution: Armbian 25.8.1 bookworm
Armbian 25.8.1 bookworm
[11/18/25 04:30:51] crowsnest: Host Info: Kernel: Linux 6.6.66-vendor-sunxi64 aarch64
[11/18/25 04:30:51] crowsnest: Host Info: Available CPU Cores: 4
[11/18/25 04:30:51] crowsnest: Host Info: Available Memory: 940764 kB
[11/18/25 04:30:52] crowsnest: Host Info: Diskspace (avail. / total): 8.3G / 15G
[11/18/25 04:30:52] crowsnest: INFO: Checking Dependencies
[11/18/25 04:30:52] crowsnest: Dependency: 'crudini' found in /usr/bin/crudini.
[11/18/25 04:30:52] crowsnest: Dependency: 'find' found in /usr/bin/find.
[11/18/25 04:30:52] crowsnest: Dependency: 'xargs' found in /usr/bin/xargs.
[11/18/25 04:30:52] crowsnest: Dependency: 'ustreamer' found in bin/ustreamer/src/ustreamer.bin.
[11/18/25 04:30:52] crowsnest: Version Control: ustreamer is up to date. (v6.10)
[11/18/25 04:30:52] crowsnest: INFO: Print Configfile: '/home/biqu/printer_data/config/crowsnest.conf'
[11/18/25 04:30:52] crowsnest:		[crowsnest]
[11/18/25 04:30:52] crowsnest:		log_path: /home/biqu/printer_data/logs/crowsnest.log
[11/18/25 04:30:52] crowsnest:		log_level: verbose
[11/18/25 04:30:52] crowsnest:		delete_log: false
[11/18/25 04:30:52] crowsnest:		no_proxy: false
[11/18/25 04:30:52] crowsnest:		
[11/18/25 04:30:52] crowsnest:		[cam 1]
[11/18/25 04:30:52] crowsnest:		mode: ustreamer
[11/18/25 04:30:52] crowsnest:		
[11/18/25 04:30:52] crowsnest:		enable_rtsp: false
[11/18/25 04:30:52] crowsnest:		rtsp_port: 8554
[11/18/25 04:30:52] crowsnest:		port: 8080
[11/18/25 04:30:52] crowsnest:		device: /dev/video0
[11/18/25 04:30:52] crowsnest:		resolution: 1920x1080
[11/18/25 04:30:52] crowsnest:		max_fps: 15
[11/18/25 04:30:52] crowsnest: INFO: Detect available Devices
[11/18/25 04:30:52] crowsnest: ERROR: No usable Devices Found. Stopping crowsnest.
[11/17/25 13:17:22] crowsnest: crowsnest - A webcam Service for multiple Cams and Stream Services.
[11/18/25 04:51:34] crowsnest: Version: v4.1.17-1-g9cc3d4a
[11/18/25 04:51:34] crowsnest: Prepare Startup ...
[11/18/25 04:51:34] crowsnest: INFO: Host information:
[11/18/25 04:51:34] crowsnest: Host Info: Distribution: Armbian 25.8.1 bookworm
Armbian 25.8.1 bookworm
[11/18/25 04:51:34] crowsnest: Host Info: Kernel: Linux 6.6.66-vendor-sunxi64 aarch64
[11/18/25 04:51:34] crowsnest: Host Info: Available CPU Cores: 4
[11/18/25 04:51:34] crowsnest: Host Info: Available Memory: 940764 kB
[11/18/25 04:51:34] crowsnest: Host Info: Diskspace (avail. / total): 8.3G / 15G
[11/18/25 04:51:34] crowsnest: INFO: Checking Dependencies
[11/18/25 04:51:37] crowsnest: Dependency: 'crudini' found in /usr/bin/crudini.
[11/18/25 04:51:37] crowsnest: Dependency: 'find' found in /usr/bin/find.
[11/18/25 04:51:37] crowsnest: Dependency: 'xargs' found in /usr/bin/xargs.
[11/18/25 04:51:37] crowsnest: Dependency: 'ustreamer' found in bin/ustreamer/src/ustreamer.bin.
[11/18/25 04:51:38] crowsnest: Version Control: ustreamer is up to date. (v6.10)
[11/18/25 04:51:38] crowsnest: INFO: Print Configfile: '/home/biqu/printer_data/config/crowsnest.conf'
[11/18/25 04:51:38] crowsnest:		[crowsnest]
[11/18/25 04:51:38] crowsnest:		log_path: /home/biqu/printer_data/logs/crowsnest.log
[11/18/25 04:51:38] crowsnest:		log_level: verbose
[11/18/25 04:51:38] crowsnest:		delete_log: false
[11/18/25 04:51:38] crowsnest:		no_proxy: false
[11/18/25 04:51:38] crowsnest:		
[11/18/25 04:51:38] crowsnest:		[cam 1]
[11/18/25 04:51:38] crowsnest:		mode: ustreamer
[11/18/25 04:51:38] crowsnest:		
[11/18/25 04:51:38] crowsnest:		enable_rtsp: false
[11/18/25 04:51:38] crowsnest:		rtsp_port: 8554
[11/18/25 04:51:38] crowsnest:		port: 8080
[11/18/25 04:51:38] crowsnest:		device: /dev/video0
[11/18/25 04:51:38] crowsnest:		resolution: 1920x1080
[11/18/25 04:51:38] crowsnest:		max_fps: 15
[11/18/25 04:51:38] crowsnest: INFO: Detect available Devices
[11/18/25 04:51:38] crowsnest: ERROR: No usable Devices Found. Stopping crowsnest.
[11/18/25 04:51:44] crowsnest: crowsnest - A webcam Service for multiple Cams and Stream Services.
[11/18/25 04:51:44] crowsnest: Version: v4.1.17-1-g9cc3d4a
[11/18/25 04:51:44] crowsnest: Prepare Startup ...
[11/18/25 04:51:44] crowsnest: INFO: Host information:
[11/18/25 04:51:44] crowsnest: Host Info: Distribution: Armbian 25.8.1 bookworm
Armbian 25.8.1 bookworm
[11/18/25 04:51:44] crowsnest: Host Info: Kernel: Linux 6.6.66-vendor-sunxi64 aarch64
[11/18/25 04:51:44] crowsnest: Host Info: Available CPU Cores: 4
[11/18/25 04:51:44] crowsnest: Host Info: Available Memory: 940764 kB
[11/18/25 04:51:44] crowsnest: Host Info: Diskspace (avail. / total): 8.3G / 15G
[11/18/25 04:51:44] crowsnest: INFO: Checking Dependencies
[11/18/25 04:51:44] crowsnest: Dependency: 'crudini' found in /usr/bin/crudini.
[11/18/25 04:51:44] crowsnest: Dependency: 'find' found in /usr/bin/find.
[11/18/25 04:51:44] crowsnest: Dependency: 'xargs' found in /usr/bin/xargs.
[11/18/25 04:51:44] crowsnest: Dependency: 'ustreamer' found in bin/ustreamer/src/ustreamer.bin.
[11/18/25 04:51:44] crowsnest: Version Control: ustreamer is up to date. (v6.10)
[11/18/25 04:51:44] crowsnest: INFO: Print Configfile: '/home/biqu/printer_data/config/crowsnest.conf'
[11/18/25 04:51:44] crowsnest:		[crowsnest]
[11/18/25 04:51:44] crowsnest:		log_path: /home/biqu/printer_data/logs/crowsnest.log
[11/18/25 04:51:44] crowsnest:		log_level: verbose
[11/18/25 04:51:44] crowsnest:		delete_log: false
[11/18/25 04:51:44] crowsnest:		no_proxy: false
[11/18/25 04:51:44] crowsnest:		
[11/18/25 04:51:44] crowsnest:		[cam 1]
[11/18/25 04:51:44] crowsnest:		mode: ustreamer
[11/18/25 04:51:44] crowsnest:		
[11/18/25 04:51:44] crowsnest:		enable_rtsp: false
[11/18/25 04:51:44] crowsnest:		rtsp_port: 8554
[11/18/25 04:51:44] crowsnest:		port: 8080
[11/18/25 04:51:44] crowsnest:		device: /dev/video0
[11/18/25 04:51:44] crowsnest:		resolution: 1920x1080
[11/18/25 04:51:44] crowsnest:		max_fps: 15
[11/18/25 04:51:44] crowsnest: INFO: Detect available Devices
[11/18/25 04:51:44] crowsnest: ERROR: No usable Devices Found. Stopping crowsnest.
[11/18/25 04:51:51] crowsnest: crowsnest - A webcam Service for multiple Cams and Stream Services.
[11/18/25 04:51:51] crowsnest: Version: v4.1.17-1-g9cc3d4a
[11/18/25 04:51:51] crowsnest: Prepare Startup ...
[11/18/25 04:51:51] crowsnest: INFO: Host information:
[11/18/25 04:51:51] crowsnest: Host Info: Distribution: Armbian 25.8.1 bookworm
Armbian 25.8.1 bookworm
[11/18/25 04:51:51] crowsnest: Host Info: Kernel: Linux 6.6.66-vendor-sunxi64 aarch64
[11/18/25 04:51:51] crowsnest: Host Info: Available CPU Cores: 4
[11/18/25 04:51:51] crowsnest: Host Info: Available Memory: 940764 kB
[11/18/25 04:51:51] crowsnest: Host Info: Diskspace (avail. / total): 8.3G / 15G
[11/18/25 04:51:51] crowsnest: INFO: Checking Dependencies
[11/18/25 04:51:51] crowsnest: Dependency: 'crudini' found in /usr/bin/crudini.
[11/18/25 04:51:51] crowsnest: Dependency: 'find' found in /usr/bin/find.
[11/18/25 04:51:51] crowsnest: Dependency: 'xargs' found in /usr/bin/xargs.
[11/18/25 04:51:51] crowsnest: Dependency: 'ustreamer' found in bin/ustreamer/src/ustreamer.bin.
[11/18/25 04:51:51] crowsnest: Version Control: ustreamer is up to date. (v6.10)
[11/18/25 04:51:51] crowsnest: INFO: Print Configfile: '/home/biqu/printer_data/config/crowsnest.conf'
[11/18/25 04:51:51] crowsnest:		[crowsnest]
[11/18/25 04:51:51] crowsnest:		log_path: /home/biqu/printer_data/logs/crowsnest.log
[11/18/25 04:51:51] crowsnest:		log_level: verbose
[11/18/25 04:51:51] crowsnest:		delete_log: false
[11/18/25 04:51:51] crowsnest:		no_proxy: false
[11/18/25 04:51:51] crowsnest:		
[11/18/25 04:51:51] crowsnest:		[cam 1]
[11/18/25 04:51:51] crowsnest:		mode: ustreamer
[11/18/25 04:51:51] crowsnest:		
[11/18/25 04:51:51] crowsnest:		enable_rtsp: false
[11/18/25 04:51:51] crowsnest:		rtsp_port: 8554
[11/18/25 04:51:51] crowsnest:		port: 8080
[11/18/25 04:51:51] crowsnest:		device: /dev/video0
[11/18/25 04:51:51] crowsnest:		resolution: 1920x1080
[11/18/25 04:51:51] crowsnest:		max_fps: 15
[11/18/25 04:51:51] crowsnest: INFO: Detect available Devices
[11/18/25 04:51:51] crowsnest: ERROR: No usable Devices Found. Stopping crowsnest.
[11/18/25 04:51:57] crowsnest: crowsnest - A webcam Service for multiple Cams and Stream Services.
[11/18/25 04:51:57] crowsnest: Version: v4.1.17-1-g9cc3d4a
[11/18/25 04:51:57] crowsnest: Prepare Startup ...
[11/18/25 04:51:57] crowsnest: INFO: Host information:
[11/18/25 04:51:57] crowsnest: Host Info: Distribution: Armbian 25.8.1 bookworm
Armbian 25.8.1 bookworm
[11/18/25 04:51:57] crowsnest: Host Info: Kernel: Linux 6.6.66-vendor-sunxi64 aarch64
[11/18/25 04:51:57] crowsnest: Host Info: Available CPU Cores: 4
[11/18/25 04:51:57] crowsnest: Host Info: Available Memory: 940764 kB
[11/18/25 04:51:57] crowsnest: Host Info: Diskspace (avail. / total): 8.3G / 15G
[11/18/25 04:51:57] crowsnest: INFO: Checking Dependencies
[11/18/25 04:51:57] crowsnest: Dependency: 'crudini' found in /usr/bin/crudini.
[11/18/25 04:51:57] crowsnest: Dependency: 'find' found in /usr/bin/find.
[11/18/25 04:51:57] crowsnest: Dependency: 'xargs' found in /usr/bin/xargs.
[11/18/25 04:51:57] crowsnest: Dependency: 'ustreamer' found in bin/ustreamer/src/ustreamer.bin.
[11/18/25 04:51:57] crowsnest: Version Control: ustreamer is up to date. (v6.10)
[11/18/25 04:51:57] crowsnest: INFO: Print Configfile: '/home/biqu/printer_data/config/crowsnest.conf'
[11/18/25 04:51:57] crowsnest:		[crowsnest]
[11/18/25 04:51:57] crowsnest:		log_path: /home/biqu/printer_data/logs/crowsnest.log
[11/18/25 04:51:57] crowsnest:		log_level: verbose
[11/18/25 04:51:57] crowsnest:		delete_log: false
[11/18/25 04:51:57] crowsnest:		no_proxy: false
[11/18/25 04:51:57] crowsnest:		
[11/18/25 04:51:57] crowsnest:		[cam 1]
[11/18/25 04:51:57] crowsnest:		mode: ustreamer
[11/18/25 04:51:57] crowsnest:		
[11/18/25 04:51:57] crowsnest:		enable_rtsp: false
[11/18/25 04:51:57] crowsnest:		rtsp_port: 8554
[11/18/25 04:51:57] crowsnest:		port: 8080
[11/18/25 04:51:57] crowsnest:		device: /dev/video0
[11/18/25 04:51:57] crowsnest:		resolution: 1920x1080
[11/18/25 04:51:57] crowsnest:		max_fps: 15
[11/18/25 04:51:57] crowsnest: INFO: Detect available Devices
[11/18/25 04:51:57] crowsnest: ERROR: No usable Devices Found. Stopping crowsnest.
[11/18/25 04:52:03] crowsnest: crowsnest - A webcam Service for multiple Cams and Stream Services.
[11/18/25 04:52:03] crowsnest: Version: v4.1.17-1-g9cc3d4a
[11/18/25 04:52:03] crowsnest: Prepare Startup ...
[11/18/25 04:52:03] crowsnest: INFO: Host information:
[11/18/25 04:52:03] crowsnest: Host Info: Distribution: Armbian 25.8.1 bookworm
Armbian 25.8.1 bookworm
[11/18/25 04:52:04] crowsnest: Host Info: Kernel: Linux 6.6.66-vendor-sunxi64 aarch64
[11/18/25 04:52:04] crowsnest: Host Info: Available CPU Cores: 4
[11/18/25 04:52:04] crowsnest: Host Info: Available Memory: 940764 kB
[11/18/25 04:52:04] crowsnest: Host Info: Diskspace (avail. / total): 8.3G / 15G
[11/18/25 04:52:04] crowsnest: INFO: Checking Dependencies
[11/18/25 04:52:04] crowsnest: Dependency: 'crudini' found in /usr/bin/crudini.
[11/18/25 04:52:04] crowsnest: Dependency: 'find' found in /usr/bin/find.
[11/18/25 04:52:04] crowsnest: Dependency: 'xargs' found in /usr/bin/xargs.
[11/18/25 04:52:04] crowsnest: Dependency: 'ustreamer' found in bin/ustreamer/src/ustreamer.bin.
[11/18/25 04:52:04] crowsnest: Version Control: ustreamer is up to date. (v6.10)
[11/18/25 04:52:04] crowsnest: INFO: Print Configfile: '/home/biqu/printer_data/config/crowsnest.conf'
[11/18/25 04:52:04] crowsnest:		[crowsnest]
[11/18/25 04:52:04] crowsnest:		log_path: /home/biqu/printer_data/logs/crowsnest.log
[11/18/25 04:52:04] crowsnest:		log_level: verbose
[11/18/25 04:52:04] crowsnest:		delete_log: false
[11/18/25 04:52:04] crowsnest:		no_proxy: false
[11/18/25 04:52:04] crowsnest:		
[11/18/25 04:52:04] crowsnest:		[cam 1]
[11/18/25 04:52:04] crowsnest:		mode: ustreamer
[11/18/25 04:52:04] crowsnest:		
[11/18/25 04:52:04] crowsnest:		enable_rtsp: false
[11/18/25 04:52:04] crowsnest:		rtsp_port: 8554
[11/18/25 04:52:04] crowsnest:		port: 8080
[11/18/25 04:52:04] crowsnest:		device: /dev/video0
[11/18/25 04:52:04] crowsnest:		resolution: 1920x1080
[11/18/25 04:52:04] crowsnest:		max_fps: 15
[11/18/25 04:52:04] crowsnest: INFO: Detect available Devices
[11/18/25 04:52:04] crowsnest: ERROR: No usable Devices Found. Stopping crowsnest.
[11/18/25 04:52:10] crowsnest: crowsnest - A webcam Service for multiple Cams and Stream Services.
[11/18/25 04:52:10] crowsnest: Version: v4.1.17-1-g9cc3d4a
[11/18/25 04:52:10] crowsnest: Prepare Startup ...
[11/18/25 04:52:10] crowsnest: INFO: Host information:
[11/18/25 04:52:10] crowsnest: Host Info: Distribution: Armbian 25.8.1 bookworm
Armbian 25.8.1 bookworm
[11/18/25 04:52:10] crowsnest: Host Info: Kernel: Linux 6.6.66-vendor-sunxi64 aarch64
[11/18/25 04:52:10] crowsnest: Host Info: Available CPU Cores: 4
[11/18/25 04:52:10] crowsnest: Host Info: Available Memory: 940764 kB
[11/18/25 04:52:10] crowsnest: Host Info: Diskspace (avail. / total): 8.3G / 15G
[11/18/25 04:52:10] crowsnest: INFO: Checking Dependencies
[11/18/25 04:52:10] crowsnest: Dependency: 'crudini' found in /usr/bin/crudini.
[11/18/25 04:52:10] crowsnest: Dependency: 'find' found in /usr/bin/find.
[11/18/25 04:52:10] crowsnest: Dependency: 'xargs' found in /usr/bin/xargs.
[11/18/25 04:52:10] crowsnest: Dependency: 'ustreamer' found in bin/ustreamer/src/ustreamer.bin.
[11/18/25 04:52:10] crowsnest: Version Control: ustreamer is up to date. (v6.10)
[11/18/25 04:52:10] crowsnest: INFO: Print Configfile: '/home/biqu/printer_data/config/crowsnest.conf'
[11/18/25 04:52:10] crowsnest:		[crowsnest]
[11/18/25 04:52:10] crowsnest:		log_path: /home/biqu/printer_data/logs/crowsnest.log
[11/18/25 04:52:10] crowsnest:		log_level: verbose
[11/18/25 04:52:10] crowsnest:		delete_log: false
[11/18/25 04:52:10] crowsnest:		no_proxy: false
[11/18/25 04:52:10] crowsnest:		
[11/18/25 04:52:10] crowsnest:		[cam 1]
[11/18/25 04:52:10] crowsnest:		mode: ustreamer
[11/18/25 04:52:10] crowsnest:		
[11/18/25 04:52:10] crowsnest:		enable_rtsp: false
[11/18/25 04:52:10] crowsnest:		rtsp_port: 8554
[11/18/25 04:52:10] crowsnest:		port: 8080
[11/18/25 04:52:10] crowsnest:		device: /dev/video0
[11/18/25 04:52:10] crowsnest:		resolution: 1920x1080
[11/18/25 04:52:10] crowsnest:		max_fps: 15
[11/18/25 04:52:10] crowsnest: INFO: Detect available Devices
[11/18/25 04:52:10] crowsnest: ERROR: No usable Devices Found. Stopping crowsnest.
[11/18/25 04:52:16] crowsnest: crowsnest - A webcam Service for multiple Cams and Stream Services.
[11/18/25 04:52:16] crowsnest: Version: v4.1.17-1-g9cc3d4a
[11/18/25 04:52:16] crowsnest: Prepare Startup ...
[11/18/25 04:52:17] crowsnest: INFO: Host information:
[11/18/25 04:52:17] crowsnest: Host Info: Distribution: Armbian 25.8.1 bookworm
Armbian 25.8.1 bookworm
[11/18/25 04:52:17] crowsnest: Host Info: Kernel: Linux 6.6.66-vendor-sunxi64 aarch64
[11/18/25 04:52:17] crowsnest: Host Info: Available CPU Cores: 4
[11/18/25 04:52:17] crowsnest: Host Info: Available Memory: 940764 kB
[11/18/25 04:52:17] crowsnest: Host Info: Diskspace (avail. / total): 8.3G / 15G
[11/18/25 04:52:17] crowsnest: INFO: Checking Dependencies
[11/18/25 04:52:17] crowsnest: Dependency: 'crudini' found in /usr/bin/crudini.
[11/18/25 04:52:17] crowsnest: Dependency: 'find' found in /usr/bin/find.
[11/18/25 04:52:17] crowsnest: Dependency: 'xargs' found in /usr/bin/xargs.
[11/18/25 04:52:17] crowsnest: Dependency: 'ustreamer' found in bin/ustreamer/src/ustreamer.bin.
[11/18/25 04:52:17] crowsnest: Version Control: ustreamer is up to date. (v6.10)
[11/18/25 04:52:17] crowsnest: INFO: Print Configfile: '/home/biqu/printer_data/config/crowsnest.conf'
[11/18/25 04:52:17] crowsnest:		[crowsnest]
[11/18/25 04:52:17] crowsnest:		log_path: /home/biqu/printer_data/logs/crowsnest.log
[11/18/25 04:52:17] crowsnest:		log_level: verbose
[11/18/25 04:52:17] crowsnest:		delete_log: false
[11/18/25 04:52:17] crowsnest:		no_proxy: false
[11/18/25 04:52:17] crowsnest:		
[11/18/25 04:52:17] crowsnest:		[cam 1]
[11/18/25 04:52:17] crowsnest:		mode: ustreamer
[11/18/25 04:52:17] crowsnest:		
[11/18/25 04:52:17] crowsnest:		enable_rtsp: false
[11/18/25 04:52:17] crowsnest:		rtsp_port: 8554
[11/18/25 04:52:17] crowsnest:		port: 8080
[11/18/25 04:52:17] crowsnest:		device: /dev/video0
[11/18/25 04:52:17] crowsnest:		resolution: 1920x1080
[11/18/25 04:52:17] crowsnest:		max_fps: 15
[11/18/25 04:52:17] crowsnest: INFO: Detect available Devices
[11/18/25 04:52:17] crowsnest: ERROR: No usable Devices Found. Stopping crowsnest.
[11/18/25 04:52:23] crowsnest: crowsnest - A webcam Service for multiple Cams and Stream Services.
[11/18/25 04:52:23] crowsnest: Version: v4.1.17-1-g9cc3d4a
[11/18/25 04:52:23] crowsnest: Prepare Startup ...
[11/18/25 04:52:23] crowsnest: INFO: Host information:
[11/18/25 04:52:23] crowsnest: Host Info: Distribution: Armbian 25.8.1 bookworm
Armbian 25.8.1 bookworm
[11/18/25 04:52:23] crowsnest: Host Info: Kernel: Linux 6.6.66-vendor-sunxi64 aarch64
[11/18/25 04:52:23] crowsnest: Host Info: Available CPU Cores: 4
[11/18/25 04:52:23] crowsnest: Host Info: Available Memory: 940764 kB
[11/18/25 04:52:23] crowsnest: Host Info: Diskspace (avail. / total): 8.3G / 15G
[11/18/25 04:52:23] crowsnest: INFO: Checking Dependencies
[11/18/25 04:52:23] crowsnest: Dependency: 'crudini' found in /usr/bin/crudini.
[11/18/25 04:52:23] crowsnest: Dependency: 'find' found in /usr/bin/find.
[11/18/25 04:52:23] crowsnest: Dependency: 'xargs' found in /usr/bin/xargs.
[11/18/25 04:52:23] crowsnest: Dependency: 'ustreamer' found in bin/ustreamer/src/ustreamer.bin.
[11/18/25 04:52:23] crowsnest: Version Control: ustreamer is up to date. (v6.10)
[11/18/25 04:52:23] crowsnest: INFO: Print Configfile: '/home/biqu/printer_data/config/crowsnest.conf'
[11/18/25 04:52:23] crowsnest:		[crowsnest]
[11/18/25 04:52:23] crowsnest:		log_path: /home/biqu/printer_data/logs/crowsnest.log
[11/18/25 04:52:23] crowsnest:		log_level: verbose
[11/18/25 04:52:23] crowsnest:		delete_log: false
[11/18/25 04:52:23] crowsnest:		no_proxy: false
[11/18/25 04:52:23] crowsnest:		
[11/18/25 04:52:23] crowsnest:		[cam 1]
[11/18/25 04:52:23] crowsnest:		mode: ustreamer
[11/18/25 04:52:23] crowsnest:		
[11/18/25 04:52:23] crowsnest:		enable_rtsp: false
[11/18/25 04:52:23] crowsnest:		rtsp_port: 8554
[11/18/25 04:52:23] crowsnest:		port: 8080
[11/18/25 04:52:23] crowsnest:		device: /dev/video0
[11/18/25 04:52:23] crowsnest:		resolution: 1920x1080
[11/18/25 04:52:23] crowsnest:		max_fps: 15
[11/18/25 04:52:23] crowsnest: INFO: Detect available Devices
[11/18/25 04:52:23] crowsnest: ERROR: No usable Devices Found. Stopping crowsnest.
[11/18/25 04:52:30] crowsnest: crowsnest - A webcam Service for multiple Cams and Stream Services.
[11/18/25 04:52:30] crowsnest: Version: v4.1.17-1-g9cc3d4a
[11/18/25 04:52:30] crowsnest: Prepare Startup ...
[11/18/25 04:52:30] crowsnest: INFO: Host information:
[11/18/25 04:52:30] crowsnest: Host Info: Distribution: Armbian 25.8.1 bookworm
Armbian 25.8.1 bookworm
[11/18/25 04:52:30] crowsnest: Host Info: Kernel: Linux 6.6.66-vendor-sunxi64 aarch64
[11/18/25 04:52:30] crowsnest: Host Info: Available CPU Cores: 4
[11/18/25 04:52:30] crowsnest: Host Info: Available Memory: 940764 kB
[11/18/25 04:52:30] crowsnest: Host Info: Diskspace (avail. / total): 8.3G / 15G
[11/18/25 04:52:30] crowsnest: INFO: Checking Dependencies
[11/18/25 04:52:30] crowsnest: Dependency: 'crudini' found in /usr/bin/crudini.
[11/18/25 04:52:30] crowsnest: Dependency: 'find' found in /usr/bin/find.
[11/18/25 04:52:30] crowsnest: Dependency: 'xargs' found in /usr/bin/xargs.
[11/18/25 04:52:30] crowsnest: Dependency: 'ustreamer' found in bin/ustreamer/src/ustreamer.bin.
[11/18/25 04:52:30] crowsnest: Version Control: ustreamer is up to date. (v6.10)
[11/18/25 04:52:30] crowsnest: INFO: Print Configfile: '/home/biqu/printer_data/config/crowsnest.conf'
[11/18/25 04:52:30] crowsnest:		[crowsnest]
[11/18/25 04:52:30] crowsnest:		log_path: /home/biqu/printer_data/logs/crowsnest.log
[11/18/25 04:52:30] crowsnest:		log_level: verbose
[11/18/25 04:52:30] crowsnest:		delete_log: false
[11/18/25 04:52:30] crowsnest:		no_proxy: false
[11/18/25 04:52:30] crowsnest:		
[11/18/25 04:52:30] crowsnest:		[cam 1]
[11/18/25 04:52:30] crowsnest:		mode: ustreamer
[11/18/25 04:52:30] crowsnest:		
[11/18/25 04:52:30] crowsnest:		enable_rtsp: false
[11/18/25 04:52:30] crowsnest:		rtsp_port: 8554
[11/18/25 04:52:30] crowsnest:		port: 8080
[11/18/25 04:52:30] crowsnest:		device: /dev/video0
[11/18/25 04:52:30] crowsnest:		resolution: 1920x1080
[11/18/25 04:52:30] crowsnest:		max_fps: 15
[11/18/25 04:52:30] crowsnest: INFO: Detect available Devices
[11/18/25 04:52:30] crowsnest: ERROR: No usable Devices Found. Stopping crowsnest.
[11/18/25 04:52:36] crowsnest: crowsnest - A webcam Service for multiple Cams and Stream Services.
[11/18/25 04:52:36] crowsnest: Version: v4.1.17-1-g9cc3d4a
[11/18/25 04:52:36] crowsnest: Prepare Startup ...
[11/18/25 04:52:36] crowsnest: INFO: Host information:
[11/18/25 04:52:36] crowsnest: Host Info: Distribution: Armbian 25.8.1 bookworm
Armbian 25.8.1 bookworm
[11/18/25 04:52:36] crowsnest: Host Info: Kernel: Linux 6.6.66-vendor-sunxi64 aarch64
[11/18/25 04:52:36] crowsnest: Host Info: Available CPU Cores: 4
[11/18/25 04:52:36] crowsnest: Host Info: Available Memory: 940764 kB
[11/18/25 04:52:36] crowsnest: Host Info: Diskspace (avail. / total): 8.3G / 15G
[11/18/25 04:52:36] crowsnest: INFO: Checking Dependencies
[11/18/25 04:52:36] crowsnest: Dependency: 'crudini' found in /usr/bin/crudini.
[11/18/25 04:52:36] crowsnest: Dependency: 'find' found in /usr/bin/find.
[11/18/25 04:52:36] crowsnest: Dependency: 'xargs' found in /usr/bin/xargs.
[11/18/25 04:52:36] crowsnest: Dependency: 'ustreamer' found in bin/ustreamer/src/ustreamer.bin.
[11/18/25 04:52:36] crowsnest: Version Control: ustreamer is up to date. (v6.10)
[11/18/25 04:52:36] crowsnest: INFO: Print Configfile: '/home/biqu/printer_data/config/crowsnest.conf'
[11/18/25 04:52:36] crowsnest:		[crowsnest]
[11/18/25 04:52:36] crowsnest:		log_path: /home/biqu/printer_data/logs/crowsnest.log
[11/18/25 04:52:36] crowsnest:		log_level: verbose
[11/18/25 04:52:36] crowsnest:		delete_log: false
[11/18/25 04:52:36] crowsnest:		no_proxy: false
[11/18/25 04:52:36] crowsnest:		
[11/18/25 04:52:36] crowsnest:		[cam 1]
[11/18/25 04:52:36] crowsnest:		mode: ustreamer
[11/18/25 04:52:36] crowsnest:		
[11/18/25 04:52:36] crowsnest:		enable_rtsp: false
[11/18/25 04:52:36] crowsnest:		rtsp_port: 8554
[11/18/25 04:52:36] crowsnest:		port: 8080
[11/18/25 04:52:36] crowsnest:		device: /dev/video0
[11/18/25 04:52:36] crowsnest:		resolution: 1920x1080
[11/18/25 04:52:36] crowsnest:		max_fps: 15
[11/18/25 04:52:36] crowsnest: INFO: Detect available Devices
[11/18/25 04:52:36] crowsnest: ERROR: No usable Devices Found. Stopping crowsnest.
[11/18/25 05:17:24] crowsnest: crowsnest - A webcam Service for multiple Cams and Stream Services.
[11/18/25 05:17:26] crowsnest: Version: v4.1.17-1-g9cc3d4a
[11/18/25 05:17:26] crowsnest: Prepare Startup ...
[11/18/25 05:17:26] crowsnest: INFO: Host information:
[11/18/25 05:17:26] crowsnest: Host Info: Distribution: Armbian 25.8.1 bookworm
Armbian 25.8.1 bookworm
[11/18/25 05:17:26] crowsnest: Host Info: Kernel: Linux 6.6.66-vendor-sunxi64 aarch64
[11/18/25 05:17:26] crowsnest: Host Info: Available CPU Cores: 4
[11/18/25 05:17:26] crowsnest: Host Info: Available Memory: 940764 kB
[11/18/25 05:17:26] crowsnest: Host Info: Diskspace (avail. / total): 8.3G / 15G
[11/18/25 05:17:26] crowsnest: INFO: Checking Dependencies
[11/18/25 05:55:43] crowsnest: Dependency: 'crudini' found in /usr/bin/crudini.
[11/18/25 05:55:43] crowsnest: Dependency: 'find' found in /usr/bin/find.
[11/18/25 05:55:43] crowsnest: Dependency: 'xargs' found in /usr/bin/xargs.
[11/18/25 05:55:43] crowsnest: Dependency: 'ustreamer' found in bin/ustreamer/src/ustreamer.bin.
[11/18/25 05:55:43] crowsnest: Version Control: ustreamer is up to date. (v6.10)
[11/18/25 05:55:44] crowsnest: INFO: Print Configfile: '/home/biqu/printer_data/config/crowsnest.conf'
[11/18/25 05:55:43] crowsnest:		[crowsnest]
[11/18/25 05:55:43] crowsnest:		log_path: /home/biqu/printer_data/logs/crowsnest.log
[11/18/25 05:55:43] crowsnest:		log_level: verbose
[11/18/25 05:55:43] crowsnest:		delete_log: false
[11/18/25 05:55:43] crowsnest:		no_proxy: false
[11/18/25 05:55:43] crowsnest:		
[11/18/25 05:55:43] crowsnest:		[cam 1]
[11/18/25 05:55:43] crowsnest:		mode: ustreamer
[11/18/25 05:55:43] crowsnest:		
[11/18/25 05:55:43] crowsnest:		enable_rtsp: false
[11/18/25 05:55:43] crowsnest:		rtsp_port: 8554
[11/18/25 05:55:43] crowsnest:		port: 8080
[11/18/25 05:55:43] crowsnest:		device: /dev/video0
[11/18/25 05:55:43] crowsnest:		resolution: 1920x1080
[11/18/25 05:55:43] crowsnest:		max_fps: 15
[11/18/25 05:55:44] crowsnest: INFO: Detect available Devices
[11/18/25 05:55:44] crowsnest: ERROR: No usable Devices Found. Stopping crowsnest.
[11/18/25 05:55:50] crowsnest: crowsnest - A webcam Service for multiple Cams and Stream Services.
[11/18/25 05:55:50] crowsnest: Version: v4.1.17-1-g9cc3d4a
[11/18/25 05:55:50] crowsnest: Prepare Startup ...
[11/18/25 05:55:50] crowsnest: INFO: Host information:
[11/18/25 05:55:50] crowsnest: Host Info: Distribution: Armbian 25.8.1 bookworm
Armbian 25.8.1 bookworm
[11/18/25 05:55:50] crowsnest: Host Info: Kernel: Linux 6.6.66-vendor-sunxi64 aarch64
[11/18/25 05:55:50] crowsnest: Host Info: Available CPU Cores: 4
[11/18/25 05:55:50] crowsnest: Host Info: Available Memory: 940764 kB
[11/18/25 05:55:50] crowsnest: Host Info: Diskspace (avail. / total): 8.3G / 15G
[11/18/25 05:55:50] crowsnest: INFO: Checking Dependencies
[11/18/25 05:55:50] crowsnest: Dependency: 'crudini' found in /usr/bin/crudini.
[11/18/25 05:55:50] crowsnest: Dependency: 'find' found in /usr/bin/find.
[11/18/25 05:55:50] crowsnest: Dependency: 'xargs' found in /usr/bin/xargs.
[11/18/25 05:55:50] crowsnest: Dependency: 'ustreamer' found in bin/ustreamer/src/ustreamer.bin.
[11/18/25 05:55:50] crowsnest: Version Control: ustreamer is up to date. (v6.10)
[11/18/25 05:55:50] crowsnest: INFO: Print Configfile: '/home/biqu/printer_data/config/crowsnest.conf'
[11/18/25 05:55:50] crowsnest:		[crowsnest]
[11/18/25 05:55:50] crowsnest:		log_path: /home/biqu/printer_data/logs/crowsnest.log
[11/18/25 05:55:50] crowsnest:		log_level: verbose
[11/18/25 05:55:50] crowsnest:		delete_log: false
[11/18/25 05:55:50] crowsnest:		no_proxy: false
[11/18/25 05:55:50] crowsnest:		
[11/18/25 05:55:50] crowsnest:		[cam 1]
[11/18/25 05:55:50] crowsnest:		mode: ustreamer
[11/18/25 05:55:50] crowsnest:		
[11/18/25 05:55:50] crowsnest:		enable_rtsp: false
[11/18/25 05:55:50] crowsnest:		rtsp_port: 8554
[11/18/25 05:55:50] crowsnest:		port: 8080
[11/18/25 05:55:50] crowsnest:		device: /dev/video0
[11/18/25 05:55:50] crowsnest:		resolution: 1920x1080
[11/18/25 05:55:50] crowsnest:		max_fps: 15
[11/18/25 05:55:50] crowsnest: INFO: Detect available Devices
[11/18/25 05:55:50] crowsnest: ERROR: No usable Devices Found. Stopping crowsnest.
[11/18/25 05:55:57] crowsnest: crowsnest - A webcam Service for multiple Cams and Stream Services.
[11/18/25 05:55:57] crowsnest: Version: v4.1.17-1-g9cc3d4a
[11/18/25 05:55:57] crowsnest: Prepare Startup ...
[11/18/25 05:55:57] crowsnest: INFO: Host information:
[11/18/25 05:55:57] crowsnest: Host Info: Distribution: Armbian 25.8.1 bookworm
Armbian 25.8.1 bookworm
[11/18/25 05:55:57] crowsnest: Host Info: Kernel: Linux 6.6.66-vendor-sunxi64 aarch64
[11/18/25 05:55:57] crowsnest: Host Info: Available CPU Cores: 4
[11/18/25 05:55:57] crowsnest: Host Info: Available Memory: 940764 kB
[11/18/25 05:55:57] crowsnest: Host Info: Diskspace (avail. / total): 8.3G / 15G
[11/18/25 05:55:57] crowsnest: INFO: Checking Dependencies
[11/18/25 05:55:57] crowsnest: Dependency: 'crudini' found in /usr/bin/crudini.
[11/18/25 05:55:57] crowsnest: Dependency: 'find' found in /usr/bin/find.
[11/18/25 05:55:57] crowsnest: Dependency: 'xargs' found in /usr/bin/xargs.
[11/18/25 05:55:57] crowsnest: Dependency: 'ustreamer' found in bin/ustreamer/src/ustreamer.bin.
[11/18/25 05:55:57] crowsnest: Version Control: ustreamer is up to date. (v6.10)
[11/18/25 05:55:57] crowsnest: INFO: Print Configfile: '/home/biqu/printer_data/config/crowsnest.conf'
[11/18/25 05:55:57] crowsnest:		[crowsnest]
[11/18/25 05:55:57] crowsnest:		log_path: /home/biqu/printer_data/logs/crowsnest.log
[11/18/25 05:55:57] crowsnest:		log_level: verbose
[11/18/25 05:55:57] crowsnest:		delete_log: false
[11/18/25 05:55:57] crowsnest:		no_proxy: false
[11/18/25 05:55:57] crowsnest:		
[11/18/25 05:55:57] crowsnest:		[cam 1]
[11/18/25 05:55:57] crowsnest:		mode: ustreamer
[11/18/25 05:55:57] crowsnest:		
[11/18/25 05:55:57] crowsnest:		enable_rtsp: false
[11/18/25 05:55:57] crowsnest:		rtsp_port: 8554
[11/18/25 05:55:57] crowsnest:		port: 8080
[11/18/25 05:55:57] crowsnest:		device: /dev/video0
[11/18/25 05:55:57] crowsnest:		resolution: 1920x1080
[11/18/25 05:55:57] crowsnest:		max_fps: 15
[11/18/25 05:55:57] crowsnest: INFO: Detect available Devices
[11/18/25 05:55:57] crowsnest: ERROR: No usable Devices Found. Stopping crowsnest.
[11/18/25 05:56:03] crowsnest: crowsnest - A webcam Service for multiple Cams and Stream Services.
[11/18/25 05:56:03] crowsnest: Version: v4.1.17-1-g9cc3d4a
[11/18/25 05:56:03] crowsnest: Prepare Startup ...
[11/18/25 05:56:03] crowsnest: INFO: Host information:
[11/18/25 05:56:03] crowsnest: Host Info: Distribution: Armbian 25.8.1 bookworm
Armbian 25.8.1 bookworm
[11/18/25 05:56:03] crowsnest: Host Info: Kernel: Linux 6.6.66-vendor-sunxi64 aarch64
[11/18/25 05:56:03] crowsnest: Host Info: Available CPU Cores: 4
[11/18/25 05:56:03] crowsnest: Host Info: Available Memory: 940764 kB
[11/18/25 05:56:03] crowsnest: Host Info: Diskspace (avail. / total): 8.3G / 15G
[11/18/25 05:56:03] crowsnest: INFO: Checking Dependencies
[11/18/25 05:56:03] crowsnest: Dependency: 'crudini' found in /usr/bin/crudini.
[11/18/25 05:56:03] crowsnest: Dependency: 'find' found in /usr/bin/find.
[11/18/25 05:56:03] crowsnest: Dependency: 'xargs' found in /usr/bin/xargs.
[11/18/25 05:56:03] crowsnest: Dependency: 'ustreamer' found in bin/ustreamer/src/ustreamer.bin.
[11/18/25 05:56:03] crowsnest: Version Control: ustreamer is up to date. (v6.10)
[11/18/25 05:56:03] crowsnest: INFO: Print Configfile: '/home/biqu/printer_data/config/crowsnest.conf'
[11/18/25 05:56:03] crowsnest:		[crowsnest]
[11/18/25 05:56:03] crowsnest:		log_path: /home/biqu/printer_data/logs/crowsnest.log
[11/18/25 05:56:03] crowsnest:		log_level: verbose
[11/18/25 05:56:03] crowsnest:		delete_log: false
[11/18/25 05:56:03] crowsnest:		no_proxy: false
[11/18/25 05:56:03] crowsnest:		
[11/18/25 05:56:03] crowsnest:		[cam 1]
[11/18/25 05:56:03] crowsnest:		mode: ustreamer
[11/18/25 05:56:03] crowsnest:		
[11/18/25 05:56:03] crowsnest:		enable_rtsp: false
[11/18/25 05:56:03] crowsnest:		rtsp_port: 8554
[11/18/25 05:56:03] crowsnest:		port: 8080
[11/18/25 05:56:03] crowsnest:		device: /dev/video0
[11/18/25 05:56:03] crowsnest:		resolution: 1920x1080
[11/18/25 05:56:03] crowsnest:		max_fps: 15
[11/18/25 05:56:03] crowsnest: INFO: Detect available Devices
[11/18/25 05:56:04] crowsnest: ERROR: No usable Devices Found. Stopping crowsnest.
[11/18/25 05:56:10] crowsnest: crowsnest - A webcam Service for multiple Cams and Stream Services.
[11/18/25 05:56:10] crowsnest: Version: v4.1.17-1-g9cc3d4a
[11/18/25 05:56:10] crowsnest: Prepare Startup ...
[11/18/25 05:56:10] crowsnest: INFO: Host information:
[11/18/25 05:56:10] crowsnest: Host Info: Distribution: Armbian 25.8.1 bookworm
Armbian 25.8.1 bookworm
[11/18/25 05:56:10] crowsnest: Host Info: Kernel: Linux 6.6.66-vendor-sunxi64 aarch64
[11/18/25 05:56:10] crowsnest: Host Info: Available CPU Cores: 4
[11/18/25 05:56:10] crowsnest: Host Info: Available Memory: 940764 kB
[11/18/25 05:56:10] crowsnest: Host Info: Diskspace (avail. / total): 8.3G / 15G
[11/18/25 05:56:10] crowsnest: INFO: Checking Dependencies
[11/18/25 05:56:10] crowsnest: Dependency: 'crudini' found in /usr/bin/crudini.
[11/18/25 05:56:10] crowsnest: Dependency: 'find' found in /usr/bin/find.
[11/18/25 05:56:10] crowsnest: Dependency: 'xargs' found in /usr/bin/xargs.
[11/18/25 05:56:10] crowsnest: Dependency: 'ustreamer' found in bin/ustreamer/src/ustreamer.bin.
[11/18/25 05:56:10] crowsnest: Version Control: ustreamer is up to date. (v6.10)
[11/18/25 05:56:10] crowsnest: INFO: Print Configfile: '/home/biqu/printer_data/config/crowsnest.conf'
[11/18/25 05:56:10] crowsnest:		[crowsnest]
[11/18/25 05:56:10] crowsnest:		log_path: /home/biqu/printer_data/logs/crowsnest.log
[11/18/25 05:56:10] crowsnest:		log_level: verbose
[11/18/25 05:56:10] crowsnest:		delete_log: false
[11/18/25 05:56:10] crowsnest:		no_proxy: false
[11/18/25 05:56:10] crowsnest:		
[11/18/25 05:56:10] crowsnest:		[cam 1]
[11/18/25 05:56:10] crowsnest:		mode: ustreamer
[11/18/25 05:56:10] crowsnest:		
[11/18/25 05:56:10] crowsnest:		enable_rtsp: false
[11/18/25 05:56:10] crowsnest:		rtsp_port: 8554
[11/18/25 05:56:10] crowsnest:		port: 8080
[11/18/25 05:56:10] crowsnest:		device: /dev/video0
[11/18/25 05:56:10] crowsnest:		resolution: 1920x1080
[11/18/25 05:56:10] crowsnest:		max_fps: 15
[11/18/25 05:56:10] crowsnest: INFO: Detect available Devices
[11/18/25 05:56:10] crowsnest: ERROR: No usable Devices Found. Stopping crowsnest.
[11/18/25 05:56:16] crowsnest: crowsnest - A webcam Service for multiple Cams and Stream Services.
[11/18/25 05:56:16] crowsnest: Version: v4.1.17-1-g9cc3d4a
[11/18/25 05:56:16] crowsnest: Prepare Startup ...
[11/18/25 05:56:16] crowsnest: INFO: Host information:
[11/18/25 05:56:16] crowsnest: Host Info: Distribution: Armbian 25.8.1 bookworm
Armbian 25.8.1 bookworm
[11/18/25 05:56:16] crowsnest: Host Info: Kernel: Linux 6.6.66-vendor-sunxi64 aarch64
[11/18/25 05:56:16] crowsnest: Host Info: Available CPU Cores: 4
[11/18/25 05:56:16] crowsnest: Host Info: Available Memory: 940764 kB
[11/18/25 05:56:16] crowsnest: Host Info: Diskspace (avail. / total): 8.3G / 15G
[11/18/25 05:56:16] crowsnest: INFO: Checking Dependencies
[11/18/25 05:56:16] crowsnest: Dependency: 'crudini' found in /usr/bin/crudini.
[11/18/25 05:56:16] crowsnest: Dependency: 'find' found in /usr/bin/find.
[11/18/25 05:56:16] crowsnest: Dependency: 'xargs' found in /usr/bin/xargs.
[11/18/25 05:56:16] crowsnest: Dependency: 'ustreamer' found in bin/ustreamer/src/ustreamer.bin.
[11/18/25 05:56:16] crowsnest: Version Control: ustreamer is up to date. (v6.10)
[11/18/25 05:56:16] crowsnest: INFO: Print Configfile: '/home/biqu/printer_data/config/crowsnest.conf'
[11/18/25 05:56:16] crowsnest:		[crowsnest]
[11/18/25 05:56:16] crowsnest:		log_path: /home/biqu/printer_data/logs/crowsnest.log
[11/18/25 05:56:16] crowsnest:		log_level: verbose
[11/18/25 05:56:16] crowsnest:		delete_log: false
[11/18/25 05:56:16] crowsnest:		no_proxy: false
[11/18/25 05:56:16] crowsnest:		
[11/18/25 05:56:16] crowsnest:		[cam 1]
[11/18/25 05:56:16] crowsnest:		mode: ustreamer
[11/18/25 05:56:16] crowsnest:		
[11/18/25 05:56:16] crowsnest:		enable_rtsp: false
[11/18/25 05:56:16] crowsnest:		rtsp_port: 8554
[11/18/25 05:56:16] crowsnest:		port: 8080
[11/18/25 05:56:16] crowsnest:		device: /dev/video0
[11/18/25 05:56:16] crowsnest:		resolution: 1920x1080
[11/18/25 05:56:16] crowsnest:		max_fps: 15
[11/18/25 05:56:16] crowsnest: INFO: Detect available Devices
[11/18/25 05:56:16] crowsnest: ERROR: No usable Devices Found. Stopping crowsnest.
[11/18/25 05:56:23] crowsnest: crowsnest - A webcam Service for multiple Cams and Stream Services.
[11/18/25 05:56:23] crowsnest: Version: v4.1.17-1-g9cc3d4a
[11/18/25 05:56:23] crowsnest: Prepare Startup ...
[11/18/25 05:56:23] crowsnest: INFO: Host information:
[11/18/25 05:56:23] crowsnest: Host Info: Distribution: Armbian 25.8.1 bookworm
Armbian 25.8.1 bookworm
[11/18/25 05:56:23] crowsnest: Host Info: Kernel: Linux 6.6.66-vendor-sunxi64 aarch64
[11/18/25 05:56:23] crowsnest: Host Info: Available CPU Cores: 4
[11/18/25 05:56:23] crowsnest: Host Info: Available Memory: 940764 kB
[11/18/25 05:56:23] crowsnest: Host Info: Diskspace (avail. / total): 8.3G / 15G
[11/18/25 05:56:23] crowsnest: INFO: Checking Dependencies
[11/18/25 05:56:23] crowsnest: Dependency: 'crudini' found in /usr/bin/crudini.
[11/18/25 05:56:23] crowsnest: Dependency: 'find' found in /usr/bin/find.
[11/18/25 05:56:23] crowsnest: Dependency: 'xargs' found in /usr/bin/xargs.
[11/18/25 05:56:23] crowsnest: Dependency: 'ustreamer' found in bin/ustreamer/src/ustreamer.bin.
[11/18/25 05:56:23] crowsnest: Version Control: ustreamer is up to date. (v6.10)
[11/18/25 05:56:23] crowsnest: INFO: Print Configfile: '/home/biqu/printer_data/config/crowsnest.conf'
[11/18/25 05:56:23] crowsnest:		[crowsnest]
[11/18/25 05:56:23] crowsnest:		log_path: /home/biqu/printer_data/logs/crowsnest.log
[11/18/25 05:56:23] crowsnest:		log_level: verbose
[11/18/25 05:56:23] crowsnest:		delete_log: false
[11/18/25 05:56:23] crowsnest:		no_proxy: false
[11/18/25 05:56:23] crowsnest:		
[11/18/25 05:56:23] crowsnest:		[cam 1]
[11/18/25 05:56:23] crowsnest:		mode: ustreamer
[11/18/25 05:56:23] crowsnest:		
[11/18/25 05:56:23] crowsnest:		enable_rtsp: false
[11/18/25 05:56:23] crowsnest:		rtsp_port: 8554
[11/18/25 05:56:23] crowsnest:		port: 8080
[11/18/25 05:56:23] crowsnest:		device: /dev/video0
[11/18/25 05:56:23] crowsnest:		resolution: 1920x1080
[11/18/25 05:56:23] crowsnest:		max_fps: 15
[11/18/25 05:56:23] crowsnest: INFO: Detect available Devices
[11/18/25 05:56:23] crowsnest: ERROR: No usable Devices Found. Stopping crowsnest.
[11/18/25 05:56:29] crowsnest: crowsnest - A webcam Service for multiple Cams and Stream Services.
[11/18/25 05:56:29] crowsnest: Version: v4.1.17-1-g9cc3d4a
[11/18/25 05:56:29] crowsnest: Prepare Startup ...
[11/18/25 05:56:29] crowsnest: INFO: Host information:
[11/18/25 05:56:29] crowsnest: Host Info: Distribution: Armbian 25.8.1 bookworm
Armbian 25.8.1 bookworm
[11/18/25 05:56:29] crowsnest: Host Info: Kernel: Linux 6.6.66-vendor-sunxi64 aarch64
[11/18/25 05:56:29] crowsnest: Host Info: Available CPU Cores: 4
[11/18/25 05:56:29] crowsnest: Host Info: Available Memory: 940764 kB
[11/18/25 05:56:29] crowsnest: Host Info: Diskspace (avail. / total): 8.3G / 15G
[11/18/25 05:56:29] crowsnest: INFO: Checking Dependencies
[11/18/25 05:56:29] crowsnest: Dependency: 'crudini' found in /usr/bin/crudini.
[11/18/25 05:56:29] crowsnest: Dependency: 'find' found in /usr/bin/find.
[11/18/25 05:56:29] crowsnest: Dependency: 'xargs' found in /usr/bin/xargs.
[11/18/25 05:56:29] crowsnest: Dependency: 'ustreamer' found in bin/ustreamer/src/ustreamer.bin.
[11/18/25 05:56:29] crowsnest: Version Control: ustreamer is up to date. (v6.10)
[11/18/25 05:56:29] crowsnest: INFO: Print Configfile: '/home/biqu/printer_data/config/crowsnest.conf'
[11/18/25 05:56:29] crowsnest:		[crowsnest]
[11/18/25 05:56:29] crowsnest:		log_path: /home/biqu/printer_data/logs/crowsnest.log
[11/18/25 05:56:29] crowsnest:		log_level: verbose
[11/18/25 05:56:29] crowsnest:		delete_log: false
[11/18/25 05:56:29] crowsnest:		no_proxy: false
[11/18/25 05:56:29] crowsnest:		
[11/18/25 05:56:29] crowsnest:		[cam 1]
[11/18/25 05:56:29] crowsnest:		mode: ustreamer
[11/18/25 05:56:29] crowsnest:		
[11/18/25 05:56:29] crowsnest:		enable_rtsp: false
[11/18/25 05:56:29] crowsnest:		rtsp_port: 8554
[11/18/25 05:56:29] crowsnest:		port: 8080
[11/18/25 05:56:29] crowsnest:		device: /dev/video0
[11/18/25 05:56:29] crowsnest:		resolution: 1920x1080
[11/18/25 05:56:29] crowsnest:		max_fps: 15
[11/18/25 05:56:29] crowsnest: INFO: Detect available Devices
[11/18/25 05:56:29] crowsnest: ERROR: No usable Devices Found. Stopping crowsnest.
[11/18/25 05:56:36] crowsnest: crowsnest - A webcam Service for multiple Cams and Stream Services.
[11/18/25 05:56:36] crowsnest: Version: v4.1.17-1-g9cc3d4a
[11/18/25 05:56:36] crowsnest: Prepare Startup ...
[11/18/25 05:56:36] crowsnest: INFO: Host information:
[11/18/25 05:56:36] crowsnest: Host Info: Distribution: Armbian 25.8.1 bookworm
Armbian 25.8.1 bookworm
[11/18/25 05:56:36] crowsnest: Host Info: Kernel: Linux 6.6.66-vendor-sunxi64 aarch64
[11/18/25 05:56:36] crowsnest: Host Info: Available CPU Cores: 4
[11/18/25 05:56:36] crowsnest: Host Info: Available Memory: 940764 kB
[11/18/25 05:56:36] crowsnest: Host Info: Diskspace (avail. / total): 8.3G / 15G
[11/18/25 05:56:36] crowsnest: INFO: Checking Dependencies
[11/18/25 05:56:36] crowsnest: Dependency: 'crudini' found in /usr/bin/crudini.
[11/18/25 05:56:36] crowsnest: Dependency: 'find' found in /usr/bin/find.
[11/18/25 05:56:36] crowsnest: Dependency: 'xargs' found in /usr/bin/xargs.
[11/18/25 05:56:36] crowsnest: Dependency: 'ustreamer' found in bin/ustreamer/src/ustreamer.bin.
[11/18/25 05:56:36] crowsnest: Version Control: ustreamer is up to date. (v6.10)
[11/18/25 05:56:36] crowsnest: INFO: Print Configfile: '/home/biqu/printer_data/config/crowsnest.conf'
[11/18/25 05:56:36] crowsnest:		[crowsnest]
[11/18/25 05:56:36] crowsnest:		log_path: /home/biqu/printer_data/logs/crowsnest.log
[11/18/25 05:56:36] crowsnest:		log_level: verbose
[11/18/25 05:56:36] crowsnest:		delete_log: false
[11/18/25 05:56:36] crowsnest:		no_proxy: false
[11/18/25 05:56:36] crowsnest:		
[11/18/25 05:56:36] crowsnest:		[cam 1]
[11/18/25 05:56:36] crowsnest:		mode: ustreamer
[11/18/25 05:56:36] crowsnest:		
[11/18/25 05:56:36] crowsnest:		enable_rtsp: false
[11/18/25 05:56:36] crowsnest:		rtsp_port: 8554
[11/18/25 05:56:36] crowsnest:		port: 8080
[11/18/25 05:56:36] crowsnest:		device: /dev/video0
[11/18/25 05:56:36] crowsnest:		resolution: 1920x1080
[11/18/25 05:56:36] crowsnest:		max_fps: 15
[11/18/25 05:56:36] crowsnest: INFO: Detect available Devices
[11/18/25 05:56:36] crowsnest: ERROR: No usable Devices Found. Stopping crowsnest.
[11/18/25 05:56:42] crowsnest: crowsnest - A webcam Service for multiple Cams and Stream Services.
[11/18/25 05:56:42] crowsnest: Version: v4.1.17-1-g9cc3d4a
[11/18/25 05:56:42] crowsnest: Prepare Startup ...
[11/18/25 05:56:42] crowsnest: INFO: Host information:
[11/18/25 05:56:42] crowsnest: Host Info: Distribution: Armbian 25.8.1 bookworm
Armbian 25.8.1 bookworm
[11/18/25 05:56:42] crowsnest: Host Info: Kernel: Linux 6.6.66-vendor-sunxi64 aarch64
[11/18/25 05:56:42] crowsnest: Host Info: Available CPU Cores: 4
[11/18/25 05:56:42] crowsnest: Host Info: Available Memory: 940764 kB
[11/18/25 05:56:42] crowsnest: Host Info: Diskspace (avail. / total): 8.3G / 15G
[11/18/25 05:56:42] crowsnest: INFO: Checking Dependencies
[11/18/25 05:56:42] crowsnest: Dependency: 'crudini' found in /usr/bin/crudini.
[11/18/25 05:56:42] crowsnest: Dependency: 'find' found in /usr/bin/find.
[11/18/25 05:56:42] crowsnest: Dependency: 'xargs' found in /usr/bin/xargs.
[11/18/25 05:56:42] crowsnest: Dependency: 'ustreamer' found in bin/ustreamer/src/ustreamer.bin.
[11/18/25 05:56:42] crowsnest: Version Control: ustreamer is up to date. (v6.10)
[11/18/25 05:56:42] crowsnest: INFO: Print Configfile: '/home/biqu/printer_data/config/crowsnest.conf'
[11/18/25 05:56:42] crowsnest:		[crowsnest]
[11/18/25 05:56:42] crowsnest:		log_path: /home/biqu/printer_data/logs/crowsnest.log
[11/18/25 05:56:42] crowsnest:		log_level: verbose
[11/18/25 05:56:42] crowsnest:		delete_log: false
[11/18/25 05:56:42] crowsnest:		no_proxy: false
[11/18/25 05:56:42] crowsnest:		
[11/18/25 05:56:42] crowsnest:		[cam 1]
[11/18/25 05:56:42] crowsnest:		mode: ustreamer
[11/18/25 05:56:42] crowsnest:		
[11/18/25 05:56:42] crowsnest:		enable_rtsp: false
[11/18/25 05:56:42] crowsnest:		rtsp_port: 8554
[11/18/25 05:56:42] crowsnest:		port: 8080
[11/18/25 05:56:42] crowsnest:		device: /dev/video0
[11/18/25 05:56:42] crowsnest:		resolution: 1920x1080
[11/18/25 05:56:42] crowsnest:		max_fps: 15
[11/18/25 05:56:42] crowsnest: INFO: Detect available Devices
[11/18/25 05:56:42] crowsnest: ERROR: No usable Devices Found. Stopping crowsnest.
[11/18/25 12:17:20] crowsnest: crowsnest - A webcam Service for multiple Cams and Stream Services.
[11/18/25 12:17:22] crowsnest: Version: v4.1.17-1-g9cc3d4a
[11/18/25 12:17:22] crowsnest: Prepare Startup ...
[11/18/25 12:17:22] crowsnest: INFO: Host information:
[11/18/25 12:17:22] crowsnest: Host Info: Distribution: Armbian 25.8.1 bookworm
Armbian 25.8.1 bookworm
[11/18/25 12:17:22] crowsnest: Host Info: Kernel: Linux 6.6.66-vendor-sunxi64 aarch64
[11/18/25 12:17:22] crowsnest: Host Info: Available CPU Cores: 4
[11/18/25 12:17:22] crowsnest: Host Info: Available Memory: 940764 kB
[11/18/25 12:17:22] crowsnest: Host Info: Diskspace (avail. / total): 8.3G / 15G
[11/18/25 12:17:22] crowsnest: INFO: Checking Dependencies
[11/18/25 13:04:40] crowsnest: Dependency: 'crudini' found in /usr/bin/crudini.
[11/18/25 13:04:40] crowsnest: Dependency: 'find' found in /usr/bin/find.
[11/18/25 13:04:40] crowsnest: Dependency: 'xargs' found in /usr/bin/xargs.
[11/18/25 13:04:40] crowsnest: Dependency: 'ustreamer' found in bin/ustreamer/src/ustreamer.bin.
[11/18/25 13:04:40] crowsnest: Version Control: ustreamer is up to date. (v6.10)
[11/18/25 13:04:40] crowsnest: INFO: Print Configfile: '/home/biqu/printer_data/config/crowsnest.conf'
[11/18/25 13:04:40] crowsnest:		[crowsnest]
[11/18/25 13:04:40] crowsnest:		log_path: /home/biqu/printer_data/logs/crowsnest.log
[11/18/25 13:04:40] crowsnest:		log_level: verbose
[11/18/25 13:04:40] crowsnest:		delete_log: false
[11/18/25 13:04:40] crowsnest:		no_proxy: false
[11/18/25 13:04:40] crowsnest:		
[11/18/25 13:04:40] crowsnest:		[cam 1]
[11/18/25 13:04:40] crowsnest:		mode: ustreamer
[11/18/25 13:04:40] crowsnest:		
[11/18/25 13:04:40] crowsnest:		enable_rtsp: false
[11/18/25 13:04:40] crowsnest:		rtsp_port: 8554
[11/18/25 13:04:40] crowsnest:		port: 8080
[11/18/25 13:04:40] crowsnest:		device: /dev/video0
[11/18/25 13:04:40] crowsnest:		resolution: 1920x1080
[11/18/25 13:04:40] crowsnest:		max_fps: 15
[11/18/25 13:04:40] crowsnest: INFO: Detect available Devices
[11/18/25 13:04:40] crowsnest: ERROR: No usable Devices Found. Stopping crowsnest.
[11/18/25 13:04:46] crowsnest: crowsnest - A webcam Service for multiple Cams and Stream Services.
[11/18/25 13:04:46] crowsnest: Version: v4.1.17-1-g9cc3d4a
[11/18/25 13:04:46] crowsnest: Prepare Startup ...
[11/18/25 13:04:46] crowsnest: INFO: Host information:
[11/18/25 13:04:47] crowsnest: Host Info: Distribution: Armbian 25.8.1 bookworm
Armbian 25.8.1 bookworm
[11/18/25 13:04:47] crowsnest: Host Info: Kernel: Linux 6.6.66-vendor-sunxi64 aarch64
[11/18/25 13:04:47] crowsnest: Host Info: Available CPU Cores: 4
[11/18/25 13:04:47] crowsnest: Host Info: Available Memory: 940764 kB
[11/18/25 13:04:47] crowsnest: Host Info: Diskspace (avail. / total): 8.3G / 15G
[11/18/25 13:04:47] crowsnest: INFO: Checking Dependencies
[11/18/25 13:04:47] crowsnest: Dependency: 'crudini' found in /usr/bin/crudini.
[11/18/25 13:04:47] crowsnest: Dependency: 'find' found in /usr/bin/find.
[11/18/25 13:04:47] crowsnest: Dependency: 'xargs' found in /usr/bin/xargs.
[11/18/25 13:04:47] crowsnest: Dependency: 'ustreamer' found in bin/ustreamer/src/ustreamer.bin.
[11/18/25 13:04:47] crowsnest: Version Control: ustreamer is up to date. (v6.10)
[11/18/25 13:04:47] crowsnest: INFO: Print Configfile: '/home/biqu/printer_data/config/crowsnest.conf'
[11/18/25 13:04:47] crowsnest:		[crowsnest]
[11/18/25 13:04:47] crowsnest:		log_path: /home/biqu/printer_data/logs/crowsnest.log
[11/18/25 13:04:47] crowsnest:		log_level: verbose
[11/18/25 13:04:47] crowsnest:		delete_log: false
[11/18/25 13:04:47] crowsnest:		no_proxy: false
[11/18/25 13:04:47] crowsnest:		
[11/18/25 13:04:47] crowsnest:		[cam 1]
[11/18/25 13:04:47] crowsnest:		mode: ustreamer
[11/18/25 13:04:47] crowsnest:		
[11/18/25 13:04:47] crowsnest:		enable_rtsp: false
[11/18/25 13:04:47] crowsnest:		rtsp_port: 8554
[11/18/25 13:04:47] crowsnest:		port: 8080
[11/18/25 13:04:47] crowsnest:		device: /dev/video0
[11/18/25 13:04:47] crowsnest:		resolution: 1920x1080
[11/18/25 13:04:47] crowsnest:		max_fps: 15
[11/18/25 13:04:47] crowsnest: INFO: Detect available Devices
[11/18/25 13:04:47] crowsnest: ERROR: No usable Devices Found. Stopping crowsnest.
[11/18/25 13:04:53] crowsnest: crowsnest - A webcam Service for multiple Cams and Stream Services.
[11/18/25 13:04:53] crowsnest: Version: v4.1.17-1-g9cc3d4a
[11/18/25 13:04:53] crowsnest: Prepare Startup ...
[11/18/25 13:04:53] crowsnest: INFO: Host information:
[11/18/25 13:04:53] crowsnest: Host Info: Distribution: Armbian 25.8.1 bookworm
Armbian 25.8.1 bookworm
[11/18/25 13:04:53] crowsnest: Host Info: Kernel: Linux 6.6.66-vendor-sunxi64 aarch64
[11/18/25 13:04:53] crowsnest: Host Info: Available CPU Cores: 4
[11/18/25 13:04:53] crowsnest: Host Info: Available Memory: 940764 kB
[11/18/25 13:04:53] crowsnest: Host Info: Diskspace (avail. / total): 8.3G / 15G
[11/18/25 13:04:53] crowsnest: INFO: Checking Dependencies
[11/18/25 13:04:53] crowsnest: Dependency: 'crudini' found in /usr/bin/crudini.
[11/18/25 13:04:53] crowsnest: Dependency: 'find' found in /usr/bin/find.
[11/18/25 13:04:53] crowsnest: Dependency: 'xargs' found in /usr/bin/xargs.
[11/18/25 13:04:53] crowsnest: Dependency: 'ustreamer' found in bin/ustreamer/src/ustreamer.bin.
[11/18/25 13:04:53] crowsnest: Version Control: ustreamer is up to date. (v6.10)
[11/18/25 13:04:53] crowsnest: INFO: Print Configfile: '/home/biqu/printer_data/config/crowsnest.conf'
[11/18/25 13:04:53] crowsnest:		[crowsnest]
[11/18/25 13:04:53] crowsnest:		log_path: /home/biqu/printer_data/logs/crowsnest.log
[11/18/25 13:04:53] crowsnest:		log_level: verbose
[11/18/25 13:04:53] crowsnest:		delete_log: false
[11/18/25 13:04:53] crowsnest:		no_proxy: false
[11/18/25 13:04:53] crowsnest:		
[11/18/25 13:04:53] crowsnest:		[cam 1]
[11/18/25 13:04:53] crowsnest:		mode: ustreamer
[11/18/25 13:04:53] crowsnest:		
[11/18/25 13:04:53] crowsnest:		enable_rtsp: false
[11/18/25 13:04:53] crowsnest:		rtsp_port: 8554
[11/18/25 13:04:53] crowsnest:		port: 8080
[11/18/25 13:04:53] crowsnest:		device: /dev/video0
[11/18/25 13:04:53] crowsnest:		resolution: 1920x1080
[11/18/25 13:04:53] crowsnest:		max_fps: 15
[11/18/25 13:04:53] crowsnest: INFO: Detect available Devices
[11/18/25 13:04:53] crowsnest: ERROR: No usable Devices Found. Stopping crowsnest.
[11/18/25 13:04:59] crowsnest: crowsnest - A webcam Service for multiple Cams and Stream Services.
[11/18/25 13:04:59] crowsnest: Version: v4.1.17-1-g9cc3d4a
[11/18/25 13:04:59] crowsnest: Prepare Startup ...
[11/18/25 13:04:59] crowsnest: INFO: Host information:
[11/18/25 13:04:59] crowsnest: Host Info: Distribution: Armbian 25.8.1 bookworm
Armbian 25.8.1 bookworm
[11/18/25 13:05:00] crowsnest: Host Info: Kernel: Linux 6.6.66-vendor-sunxi64 aarch64
[11/18/25 13:05:00] crowsnest: Host Info: Available CPU Cores: 4
[11/18/25 13:05:00] crowsnest: Host Info: Available Memory: 940764 kB
[11/18/25 13:05:00] crowsnest: Host Info: Diskspace (avail. / total): 8.3G / 15G
[11/18/25 13:05:00] crowsnest: INFO: Checking Dependencies
[11/18/25 13:05:00] crowsnest: Dependency: 'crudini' found in /usr/bin/crudini.
[11/18/25 13:05:00] crowsnest: Dependency: 'find' found in /usr/bin/find.
[11/18/25 13:05:00] crowsnest: Dependency: 'xargs' found in /usr/bin/xargs.
[11/18/25 13:05:00] crowsnest: Dependency: 'ustreamer' found in bin/ustreamer/src/ustreamer.bin.
[11/18/25 13:05:00] crowsnest: Version Control: ustreamer is up to date. (v6.10)
[11/18/25 13:05:00] crowsnest: INFO: Print Configfile: '/home/biqu/printer_data/config/crowsnest.conf'
[11/18/25 13:05:00] crowsnest:		[crowsnest]
[11/18/25 13:05:00] crowsnest:		log_path: /home/biqu/printer_data/logs/crowsnest.log
[11/18/25 13:05:00] crowsnest:		log_level: verbose
[11/18/25 13:05:00] crowsnest:		delete_log: false
[11/18/25 13:05:00] crowsnest:		no_proxy: false
[11/18/25 13:05:00] crowsnest:		
[11/18/25 13:05:00] crowsnest:		[cam 1]
[11/18/25 13:05:00] crowsnest:		mode: ustreamer
[11/18/25 13:05:00] crowsnest:		
[11/18/25 13:05:00] crowsnest:		enable_rtsp: false
[11/18/25 13:05:00] crowsnest:		rtsp_port: 8554
[11/18/25 13:05:00] crowsnest:		port: 8080
[11/18/25 13:05:00] crowsnest:		device: /dev/video0
[11/18/25 13:05:00] crowsnest:		resolution: 1920x1080
[11/18/25 13:05:00] crowsnest:		max_fps: 15
[11/18/25 13:05:00] crowsnest: INFO: Detect available Devices
[11/18/25 13:05:00] crowsnest: ERROR: No usable Devices Found. Stopping crowsnest.
[11/18/25 13:05:06] crowsnest: crowsnest - A webcam Service for multiple Cams and Stream Services.
[11/18/25 13:05:06] crowsnest: Version: v4.1.17-1-g9cc3d4a
[11/18/25 13:05:06] crowsnest: Prepare Startup ...
[11/18/25 13:05:06] crowsnest: INFO: Host information:
[11/18/25 13:05:06] crowsnest: Host Info: Distribution: Armbian 25.8.1 bookworm
Armbian 25.8.1 bookworm
[11/18/25 13:05:06] crowsnest: Host Info: Kernel: Linux 6.6.66-vendor-sunxi64 aarch64
[11/18/25 13:05:06] crowsnest: Host Info: Available CPU Cores: 4
[11/18/25 13:05:06] crowsnest: Host Info: Available Memory: 940764 kB
[11/18/25 13:05:06] crowsnest: Host Info: Diskspace (avail. / total): 8.3G / 15G
[11/18/25 13:05:06] crowsnest: INFO: Checking Dependencies
[11/18/25 13:05:06] crowsnest: Dependency: 'crudini' found in /usr/bin/crudini.
[11/18/25 13:05:06] crowsnest: Dependency: 'find' found in /usr/bin/find.
[11/18/25 13:05:06] crowsnest: Dependency: 'xargs' found in /usr/bin/xargs.
[11/18/25 13:05:06] crowsnest: Dependency: 'ustreamer' found in bin/ustreamer/src/ustreamer.bin.
[11/18/25 13:05:06] crowsnest: Version Control: ustreamer is up to date. (v6.10)
[11/18/25 13:05:06] crowsnest: INFO: Print Configfile: '/home/biqu/printer_data/config/crowsnest.conf'
[11/18/25 13:05:06] crowsnest:		[crowsnest]
[11/18/25 13:05:06] crowsnest:		log_path: /home/biqu/printer_data/logs/crowsnest.log
[11/18/25 13:05:06] crowsnest:		log_level: verbose
[11/18/25 13:05:06] crowsnest:		delete_log: false
[11/18/25 13:05:06] crowsnest:		no_proxy: false
[11/18/25 13:05:06] crowsnest:		
[11/18/25 13:05:06] crowsnest:		[cam 1]
[11/18/25 13:05:06] crowsnest:		mode: ustreamer
[11/18/25 13:05:06] crowsnest:		
[11/18/25 13:05:06] crowsnest:		enable_rtsp: false
[11/18/25 13:05:06] crowsnest:		rtsp_port: 8554
[11/18/25 13:05:06] crowsnest:		port: 8080
[11/18/25 13:05:06] crowsnest:		device: /dev/video0
[11/18/25 13:05:06] crowsnest:		resolution: 1920x1080
[11/18/25 13:05:06] crowsnest:		max_fps: 15
[11/18/25 13:05:06] crowsnest: INFO: Detect available Devices
[11/18/25 13:05:06] crowsnest: ERROR: No usable Devices Found. Stopping crowsnest.
[11/18/25 13:05:12] crowsnest: crowsnest - A webcam Service for multiple Cams and Stream Services.
[11/18/25 13:05:12] crowsnest: Version: v4.1.17-1-g9cc3d4a
[11/18/25 13:05:12] crowsnest: Prepare Startup ...
[11/18/25 13:05:13] crowsnest: INFO: Host information:
[11/18/25 13:05:13] crowsnest: Host Info: Distribution: Armbian 25.8.1 bookworm
Armbian 25.8.1 bookworm
[11/18/25 13:05:13] crowsnest: Host Info: Kernel: Linux 6.6.66-vendor-sunxi64 aarch64
[11/18/25 13:05:13] crowsnest: Host Info: Available CPU Cores: 4
[11/18/25 13:05:13] crowsnest: Host Info: Available Memory: 940764 kB
[11/18/25 13:05:13] crowsnest: Host Info: Diskspace (avail. / total): 8.3G / 15G
[11/18/25 13:05:13] crowsnest: INFO: Checking Dependencies
[11/18/25 13:05:13] crowsnest: Dependency: 'crudini' found in /usr/bin/crudini.
[11/18/25 13:05:13] crowsnest: Dependency: 'find' found in /usr/bin/find.
[11/18/25 13:05:13] crowsnest: Dependency: 'xargs' found in /usr/bin/xargs.
[11/18/25 13:05:13] crowsnest: Dependency: 'ustreamer' found in bin/ustreamer/src/ustreamer.bin.
[11/18/25 13:05:13] crowsnest: Version Control: ustreamer is up to date. (v6.10)
[11/18/25 13:05:13] crowsnest: INFO: Print Configfile: '/home/biqu/printer_data/config/crowsnest.conf'
[11/18/25 13:05:13] crowsnest:		[crowsnest]
[11/18/25 13:05:13] crowsnest:		log_path: /home/biqu/printer_data/logs/crowsnest.log
[11/18/25 13:05:13] crowsnest:		log_level: verbose
[11/18/25 13:05:13] crowsnest:		delete_log: false
[11/18/25 13:05:13] crowsnest:		no_proxy: false
[11/18/25 13:05:13] crowsnest:		
[11/18/25 13:05:13] crowsnest:		[cam 1]
[11/18/25 13:05:13] crowsnest:		mode: ustreamer
[11/18/25 13:05:13] crowsnest:		
[11/18/25 13:05:13] crowsnest:		enable_rtsp: false
[11/18/25 13:05:13] crowsnest:		rtsp_port: 8554
[11/18/25 13:05:13] crowsnest:		port: 8080
[11/18/25 13:05:13] crowsnest:		device: /dev/video0
[11/18/25 13:05:13] crowsnest:		resolution: 1920x1080
[11/18/25 13:05:13] crowsnest:		max_fps: 15
[11/18/25 13:05:13] crowsnest: INFO: Detect available Devices
[11/18/25 13:05:13] crowsnest: ERROR: No usable Devices Found. Stopping crowsnest.
[11/18/25 13:05:19] crowsnest: crowsnest - A webcam Service for multiple Cams and Stream Services.
[11/18/25 13:05:19] crowsnest: Version: v4.1.17-1-g9cc3d4a
[11/18/25 13:05:19] crowsnest: Prepare Startup ...
[11/18/25 13:05:19] crowsnest: INFO: Host information:
[11/18/25 13:05:19] crowsnest: Host Info: Distribution: Armbian 25.8.1 bookworm
Armbian 25.8.1 bookworm
[11/18/25 13:05:19] crowsnest: Host Info: Kernel: Linux 6.6.66-vendor-sunxi64 aarch64
[11/18/25 13:05:19] crowsnest: Host Info: Available CPU Cores: 4
[11/18/25 13:05:19] crowsnest: Host Info: Available Memory: 940764 kB
[11/18/25 13:05:19] crowsnest: Host Info: Diskspace (avail. / total): 8.3G / 15G
[11/18/25 13:05:19] crowsnest: INFO: Checking Dependencies
[11/18/25 13:05:19] crowsnest: Dependency: 'crudini' found in /usr/bin/crudini.
[11/18/25 13:05:19] crowsnest: Dependency: 'find' found in /usr/bin/find.
[11/18/25 13:05:19] crowsnest: Dependency: 'xargs' found in /usr/bin/xargs.
[11/18/25 13:05:19] crowsnest: Dependency: 'ustreamer' found in bin/ustreamer/src/ustreamer.bin.
[11/18/25 13:05:19] crowsnest: Version Control: ustreamer is up to date. (v6.10)
[11/18/25 13:05:19] crowsnest: INFO: Print Configfile: '/home/biqu/printer_data/config/crowsnest.conf'
[11/18/25 13:05:19] crowsnest:		[crowsnest]
[11/18/25 13:05:19] crowsnest:		log_path: /home/biqu/printer_data/logs/crowsnest.log
[11/18/25 13:05:19] crowsnest:		log_level: verbose
[11/18/25 13:05:19] crowsnest:		delete_log: false
[11/18/25 13:05:19] crowsnest:		no_proxy: false
[11/18/25 13:05:19] crowsnest:		
[11/18/25 13:05:19] crowsnest:		[cam 1]
[11/18/25 13:05:19] crowsnest:		mode: ustreamer
[11/18/25 13:05:19] crowsnest:		
[11/18/25 13:05:19] crowsnest:		enable_rtsp: false
[11/18/25 13:05:19] crowsnest:		rtsp_port: 8554
[11/18/25 13:05:19] crowsnest:		port: 8080
[11/18/25 13:05:19] crowsnest:		device: /dev/video0
[11/18/25 13:05:19] crowsnest:		resolution: 1920x1080
[11/18/25 13:05:19] crowsnest:		max_fps: 15
[11/18/25 13:05:19] crowsnest: INFO: Detect available Devices
[11/18/25 13:05:19] crowsnest: ERROR: No usable Devices Found. Stopping crowsnest.
[11/18/25 13:05:25] crowsnest: crowsnest - A webcam Service for multiple Cams and Stream Services.
[11/18/25 13:05:26] crowsnest: Version: v4.1.17-1-g9cc3d4a
[11/18/25 13:05:26] crowsnest: Prepare Startup ...
[11/18/25 13:05:26] crowsnest: INFO: Host information:
[11/18/25 13:05:26] crowsnest: Host Info: Distribution: Armbian 25.8.1 bookworm
Armbian 25.8.1 bookworm
[11/18/25 13:05:26] crowsnest: Host Info: Kernel: Linux 6.6.66-vendor-sunxi64 aarch64
[11/18/25 13:05:26] crowsnest: Host Info: Available CPU Cores: 4
[11/18/25 13:05:26] crowsnest: Host Info: Available Memory: 940764 kB
[11/18/25 13:05:26] crowsnest: Host Info: Diskspace (avail. / total): 8.3G / 15G
[11/18/25 13:05:26] crowsnest: INFO: Checking Dependencies
[11/18/25 13:05:26] crowsnest: Dependency: 'crudini' found in /usr/bin/crudini.
[11/18/25 13:05:26] crowsnest: Dependency: 'find' found in /usr/bin/find.
[11/18/25 13:05:26] crowsnest: Dependency: 'xargs' found in /usr/bin/xargs.
[11/18/25 13:05:26] crowsnest: Dependency: 'ustreamer' found in bin/ustreamer/src/ustreamer.bin.
[11/18/25 13:05:26] crowsnest: Version Control: ustreamer is up to date. (v6.10)
[11/18/25 13:05:26] crowsnest: INFO: Print Configfile: '/home/biqu/printer_data/config/crowsnest.conf'
[11/18/25 13:05:26] crowsnest:		[crowsnest]
[11/18/25 13:05:26] crowsnest:		log_path: /home/biqu/printer_data/logs/crowsnest.log
[11/18/25 13:05:26] crowsnest:		log_level: verbose
[11/18/25 13:05:26] crowsnest:		delete_log: false
[11/18/25 13:05:26] crowsnest:		no_proxy: false
[11/18/25 13:05:26] crowsnest:		
[11/18/25 13:05:26] crowsnest:		[cam 1]
[11/18/25 13:05:26] crowsnest:		mode: ustreamer
[11/18/25 13:05:26] crowsnest:		
[11/18/25 13:05:26] crowsnest:		enable_rtsp: false
[11/18/25 13:05:26] crowsnest:		rtsp_port: 8554
[11/18/25 13:05:26] crowsnest:		port: 8080
[11/18/25 13:05:26] crowsnest:		device: /dev/video0
[11/18/25 13:05:26] crowsnest:		resolution: 1920x1080
[11/18/25 13:05:26] crowsnest:		max_fps: 15
[11/18/25 13:05:26] crowsnest: INFO: Detect available Devices
[11/18/25 13:05:26] crowsnest: ERROR: No usable Devices Found. Stopping crowsnest.
[11/18/25 13:05:32] crowsnest: crowsnest - A webcam Service for multiple Cams and Stream Services.
[11/18/25 13:05:32] crowsnest: Version: v4.1.17-1-g9cc3d4a
[11/18/25 13:05:32] crowsnest: Prepare Startup ...
[11/18/25 13:05:32] crowsnest: INFO: Host information:
[11/18/25 13:05:32] crowsnest: Host Info: Distribution: Armbian 25.8.1 bookworm
Armbian 25.8.1 bookworm
[11/18/25 13:05:32] crowsnest: Host Info: Kernel: Linux 6.6.66-vendor-sunxi64 aarch64
[11/18/25 13:05:32] crowsnest: Host Info: Available CPU Cores: 4
[11/18/25 13:05:32] crowsnest: Host Info: Available Memory: 940764 kB
[11/18/25 13:05:32] crowsnest: Host Info: Diskspace (avail. / total): 8.3G / 15G
[11/18/25 13:05:32] crowsnest: INFO: Checking Dependencies
[11/18/25 13:05:32] crowsnest: Dependency: 'crudini' found in /usr/bin/crudini.
[11/18/25 13:05:32] crowsnest: Dependency: 'find' found in /usr/bin/find.
[11/18/25 13:05:32] crowsnest: Dependency: 'xargs' found in /usr/bin/xargs.
[11/18/25 13:05:32] crowsnest: Dependency: 'ustreamer' found in bin/ustreamer/src/ustreamer.bin.
[11/18/25 13:05:32] crowsnest: Version Control: ustreamer is up to date. (v6.10)
[11/18/25 13:05:32] crowsnest: INFO: Print Configfile: '/home/biqu/printer_data/config/crowsnest.conf'
[11/18/25 13:05:32] crowsnest:		[crowsnest]
[11/18/25 13:05:32] crowsnest:		log_path: /home/biqu/printer_data/logs/crowsnest.log
[11/18/25 13:05:32] crowsnest:		log_level: verbose
[11/18/25 13:05:32] crowsnest:		delete_log: false
[11/18/25 13:05:32] crowsnest:		no_proxy: false
[11/18/25 13:05:32] crowsnest:		
[11/18/25 13:05:32] crowsnest:		[cam 1]
[11/18/25 13:05:32] crowsnest:		mode: ustreamer
[11/18/25 13:05:32] crowsnest:		
[11/18/25 13:05:32] crowsnest:		enable_rtsp: false
[11/18/25 13:05:32] crowsnest:		rtsp_port: 8554
[11/18/25 13:05:32] crowsnest:		port: 8080
[11/18/25 13:05:32] crowsnest:		device: /dev/video0
[11/18/25 13:05:32] crowsnest:		resolution: 1920x1080
[11/18/25 13:05:32] crowsnest:		max_fps: 15
[11/18/25 13:05:32] crowsnest: INFO: Detect available Devices
[11/18/25 13:05:32] crowsnest: ERROR: No usable Devices Found. Stopping crowsnest.
[11/18/25 13:05:39] crowsnest: crowsnest - A webcam Service for multiple Cams and Stream Services.
[11/18/25 13:05:39] crowsnest: Version: v4.1.17-1-g9cc3d4a
[11/18/25 13:05:39] crowsnest: Prepare Startup ...
[11/18/25 13:05:39] crowsnest: INFO: Host information:
[11/18/25 13:05:39] crowsnest: Host Info: Distribution: Armbian 25.8.1 bookworm
Armbian 25.8.1 bookworm
[11/18/25 13:05:39] crowsnest: Host Info: Kernel: Linux 6.6.66-vendor-sunxi64 aarch64
[11/18/25 13:05:39] crowsnest: Host Info: Available CPU Cores: 4
[11/18/25 13:05:39] crowsnest: Host Info: Available Memory: 940764 kB
[11/18/25 13:05:39] crowsnest: Host Info: Diskspace (avail. / total): 8.3G / 15G
[11/18/25 13:05:39] crowsnest: INFO: Checking Dependencies
[11/18/25 13:05:39] crowsnest: Dependency: 'crudini' found in /usr/bin/crudini.
[11/18/25 13:05:39] crowsnest: Dependency: 'find' found in /usr/bin/find.
[11/18/25 13:05:39] crowsnest: Dependency: 'xargs' found in /usr/bin/xargs.
[11/18/25 13:05:39] crowsnest: Dependency: 'ustreamer' found in bin/ustreamer/src/ustreamer.bin.
[11/18/25 13:05:39] crowsnest: Version Control: ustreamer is up to date. (v6.10)
[11/18/25 13:05:39] crowsnest: INFO: Print Configfile: '/home/biqu/printer_data/config/crowsnest.conf'
[11/18/25 13:05:39] crowsnest:		[crowsnest]
[11/18/25 13:05:39] crowsnest:		log_path: /home/biqu/printer_data/logs/crowsnest.log
[11/18/25 13:05:39] crowsnest:		log_level: verbose
[11/18/25 13:05:39] crowsnest:		delete_log: false
[11/18/25 13:05:39] crowsnest:		no_proxy: false
[11/18/25 13:05:39] crowsnest:		
[11/18/25 13:05:39] crowsnest:		[cam 1]
[11/18/25 13:05:39] crowsnest:		mode: ustreamer
[11/18/25 13:05:39] crowsnest:		
[11/18/25 13:05:39] crowsnest:		enable_rtsp: false
[11/18/25 13:05:39] crowsnest:		rtsp_port: 8554
[11/18/25 13:05:39] crowsnest:		port: 8080
[11/18/25 13:05:39] crowsnest:		device: /dev/video0
[11/18/25 13:05:39] crowsnest:		resolution: 1920x1080
[11/18/25 13:05:39] crowsnest:		max_fps: 15
[11/18/25 13:05:39] crowsnest: INFO: Detect available Devices
[11/18/25 13:05:39] crowsnest: ERROR: No usable Devices Found. Stopping crowsnest.
[11/19/25 09:17:21] crowsnest: crowsnest - A webcam Service for multiple Cams and Stream Services.
[11/19/25 09:52:45] crowsnest: Version: v4.1.17-1-g9cc3d4a
[11/19/25 09:52:45] crowsnest: Prepare Startup ...
[11/19/25 09:52:45] crowsnest: INFO: Host information:
[11/19/25 09:52:45] crowsnest: Host Info: Distribution: Armbian 25.8.1 bookworm
Armbian 25.8.1 bookworm
[11/19/25 09:52:45] crowsnest: Host Info: Kernel: Linux 6.6.66-vendor-sunxi64 aarch64
[11/19/25 09:52:45] crowsnest: Host Info: Available CPU Cores: 4
[11/19/25 09:52:45] crowsnest: Host Info: Available Memory: 940764 kB
[11/19/25 09:52:45] crowsnest: Host Info: Diskspace (avail. / total): 8.2G / 15G
[11/19/25 09:52:45] crowsnest: INFO: Checking Dependencies
[11/19/25 09:52:48] crowsnest: Dependency: 'crudini' found in /usr/bin/crudini.
[11/19/25 09:52:48] crowsnest: Dependency: 'find' found in /usr/bin/find.
[11/19/25 09:52:48] crowsnest: Dependency: 'xargs' found in /usr/bin/xargs.
[11/19/25 09:52:48] crowsnest: Dependency: 'ustreamer' found in bin/ustreamer/src/ustreamer.bin.
[11/19/25 09:52:49] crowsnest: Version Control: ustreamer is up to date. (v6.10)
[11/19/25 09:52:49] crowsnest: INFO: Print Configfile: '/home/biqu/printer_data/config/crowsnest.conf'
[11/19/25 09:52:49] crowsnest:		[crowsnest]
[11/19/25 09:52:49] crowsnest:		log_path: /home/biqu/printer_data/logs/crowsnest.log
[11/19/25 09:52:49] crowsnest:		log_level: verbose
[11/19/25 09:52:49] crowsnest:		delete_log: false
[11/19/25 09:52:49] crowsnest:		no_proxy: false
[11/19/25 09:52:49] crowsnest:		
[11/19/25 09:52:49] crowsnest:		[cam 1]
[11/19/25 09:52:49] crowsnest:		mode: ustreamer
[11/19/25 09:52:49] crowsnest:		
[11/19/25 09:52:49] crowsnest:		enable_rtsp: false
[11/19/25 09:52:49] crowsnest:		rtsp_port: 8554
[11/19/25 09:52:49] crowsnest:		port: 8080
[11/19/25 09:52:49] crowsnest:		device: /dev/video0
[11/19/25 09:52:49] crowsnest:		resolution: 1920x1080
[11/19/25 09:52:49] crowsnest:		max_fps: 15
[11/19/25 09:52:49] crowsnest: INFO: Detect available Devices
[11/19/25 09:52:49] crowsnest: ERROR: No usable Devices Found. Stopping crowsnest.
[11/19/25 09:52:55] crowsnest: crowsnest - A webcam Service for multiple Cams and Stream Services.
[11/19/25 09:52:55] crowsnest: Version: v4.1.17-1-g9cc3d4a
[11/19/25 09:52:55] crowsnest: Prepare Startup ...
[11/19/25 09:52:55] crowsnest: INFO: Host information:
[11/19/25 09:52:55] crowsnest: Host Info: Distribution: Armbian 25.8.1 bookworm
Armbian 25.8.1 bookworm
[11/19/25 09:52:55] crowsnest: Host Info: Kernel: Linux 6.6.66-vendor-sunxi64 aarch64
[11/19/25 09:52:55] crowsnest: Host Info: Available CPU Cores: 4
[11/19/25 09:52:55] crowsnest: Host Info: Available Memory: 940764 kB
[11/19/25 09:52:55] crowsnest: Host Info: Diskspace (avail. / total): 8.2G / 15G
[11/19/25 09:52:55] crowsnest: INFO: Checking Dependencies
[11/19/25 09:52:55] crowsnest: Dependency: 'crudini' found in /usr/bin/crudini.
[11/19/25 09:52:55] crowsnest: Dependency: 'find' found in /usr/bin/find.
[11/19/25 09:52:55] crowsnest: Dependency: 'xargs' found in /usr/bin/xargs.
[11/19/25 09:52:55] crowsnest: Dependency: 'ustreamer' found in bin/ustreamer/src/ustreamer.bin.
[11/19/25 09:52:55] crowsnest: Version Control: ustreamer is up to date. (v6.10)
[11/19/25 09:52:55] crowsnest: INFO: Print Configfile: '/home/biqu/printer_data/config/crowsnest.conf'
[11/19/25 09:52:55] crowsnest:		[crowsnest]
[11/19/25 09:52:55] crowsnest:		log_path: /home/biqu/printer_data/logs/crowsnest.log
[11/19/25 09:52:55] crowsnest:		log_level: verbose
[11/19/25 09:52:55] crowsnest:		delete_log: false
[11/19/25 09:52:55] crowsnest:		no_proxy: false
[11/19/25 09:52:55] crowsnest:		
[11/19/25 09:52:55] crowsnest:		[cam 1]
[11/19/25 09:52:55] crowsnest:		mode: ustreamer
[11/19/25 09:52:55] crowsnest:		
[11/19/25 09:52:55] crowsnest:		enable_rtsp: false
[11/19/25 09:52:55] crowsnest:		rtsp_port: 8554
[11/19/25 09:52:55] crowsnest:		port: 8080
[11/19/25 09:52:55] crowsnest:		device: /dev/video0
[11/19/25 09:52:55] crowsnest:		resolution: 1920x1080
[11/19/25 09:52:55] crowsnest:		max_fps: 15
[11/19/25 09:52:55] crowsnest: INFO: Detect available Devices
[11/19/25 09:52:55] crowsnest: ERROR: No usable Devices Found. Stopping crowsnest.
[11/19/25 09:53:01] crowsnest: crowsnest - A webcam Service for multiple Cams and Stream Services.
[11/19/25 09:53:02] crowsnest: Version: v4.1.17-1-g9cc3d4a
[11/19/25 09:53:02] crowsnest: Prepare Startup ...
[11/19/25 09:53:02] crowsnest: INFO: Host information:
[11/19/25 09:53:02] crowsnest: Host Info: Distribution: Armbian 25.8.1 bookworm
Armbian 25.8.1 bookworm
[11/19/25 09:53:02] crowsnest: Host Info: Kernel: Linux 6.6.66-vendor-sunxi64 aarch64
[11/19/25 09:53:02] crowsnest: Host Info: Available CPU Cores: 4
[11/19/25 09:53:02] crowsnest: Host Info: Available Memory: 940764 kB
[11/19/25 09:53:02] crowsnest: Host Info: Diskspace (avail. / total): 8.2G / 15G
[11/19/25 09:53:02] crowsnest: INFO: Checking Dependencies
[11/19/25 09:53:02] crowsnest: Dependency: 'crudini' found in /usr/bin/crudini.
[11/19/25 09:53:02] crowsnest: Dependency: 'find' found in /usr/bin/find.
[11/19/25 09:53:02] crowsnest: Dependency: 'xargs' found in /usr/bin/xargs.
[11/19/25 09:53:02] crowsnest: Dependency: 'ustreamer' found in bin/ustreamer/src/ustreamer.bin.
[11/19/25 09:53:02] crowsnest: Version Control: ustreamer is up to date. (v6.10)
[11/19/25 09:53:02] crowsnest: INFO: Print Configfile: '/home/biqu/printer_data/config/crowsnest.conf'
[11/19/25 09:53:02] crowsnest:		[crowsnest]
[11/19/25 09:53:02] crowsnest:		log_path: /home/biqu/printer_data/logs/crowsnest.log
[11/19/25 09:53:02] crowsnest:		log_level: verbose
[11/19/25 09:53:02] crowsnest:		delete_log: false
[11/19/25 09:53:02] crowsnest:		no_proxy: false
[11/19/25 09:53:02] crowsnest:		
[11/19/25 09:53:02] crowsnest:		[cam 1]
[11/19/25 09:53:02] crowsnest:		mode: ustreamer
[11/19/25 09:53:02] crowsnest:		
[11/19/25 09:53:02] crowsnest:		enable_rtsp: false
[11/19/25 09:53:02] crowsnest:		rtsp_port: 8554
[11/19/25 09:53:02] crowsnest:		port: 8080
[11/19/25 09:53:02] crowsnest:		device: /dev/video0
[11/19/25 09:53:02] crowsnest:		resolution: 1920x1080
[11/19/25 09:53:02] crowsnest:		max_fps: 15
[11/19/25 09:53:02] crowsnest: INFO: Detect available Devices
[11/19/25 09:53:02] crowsnest: ERROR: No usable Devices Found. Stopping crowsnest.
[11/19/25 09:53:08] crowsnest: crowsnest - A webcam Service for multiple Cams and Stream Services.
[11/19/25 09:53:08] crowsnest: Version: v4.1.17-1-g9cc3d4a
[11/19/25 09:53:08] crowsnest: Prepare Startup ...
[11/19/25 09:53:08] crowsnest: INFO: Host information:
[11/19/25 09:53:08] crowsnest: Host Info: Distribution: Armbian 25.8.1 bookworm
Armbian 25.8.1 bookworm
[11/19/25 09:53:08] crowsnest: Host Info: Kernel: Linux 6.6.66-vendor-sunxi64 aarch64
[11/19/25 09:53:08] crowsnest: Host Info: Available CPU Cores: 4
[11/19/25 09:53:08] crowsnest: Host Info: Available Memory: 940764 kB
[11/19/25 09:53:08] crowsnest: Host Info: Diskspace (avail. / total): 8.2G / 15G
[11/19/25 09:53:08] crowsnest: INFO: Checking Dependencies
[11/19/25 09:53:08] crowsnest: Dependency: 'crudini' found in /usr/bin/crudini.
[11/19/25 09:53:08] crowsnest: Dependency: 'find' found in /usr/bin/find.
[11/19/25 09:53:08] crowsnest: Dependency: 'xargs' found in /usr/bin/xargs.
[11/19/25 09:53:08] crowsnest: Dependency: 'ustreamer' found in bin/ustreamer/src/ustreamer.bin.
[11/19/25 09:53:08] crowsnest: Version Control: ustreamer is up to date. (v6.10)
[11/19/25 09:53:08] crowsnest: INFO: Print Configfile: '/home/biqu/printer_data/config/crowsnest.conf'
[11/19/25 09:53:08] crowsnest:		[crowsnest]
[11/19/25 09:53:08] crowsnest:		log_path: /home/biqu/printer_data/logs/crowsnest.log
[11/19/25 09:53:08] crowsnest:		log_level: verbose
[11/19/25 09:53:08] crowsnest:		delete_log: false
[11/19/25 09:53:08] crowsnest:		no_proxy: false
[11/19/25 09:53:08] crowsnest:		
[11/19/25 09:53:08] crowsnest:		[cam 1]
[11/19/25 09:53:08] crowsnest:		mode: ustreamer
[11/19/25 09:53:08] crowsnest:		
[11/19/25 09:53:08] crowsnest:		enable_rtsp: false
[11/19/25 09:53:08] crowsnest:		rtsp_port: 8554
[11/19/25 09:53:08] crowsnest:		port: 8080
[11/19/25 09:53:08] crowsnest:		device: /dev/video0
[11/19/25 09:53:08] crowsnest:		resolution: 1920x1080
[11/19/25 09:53:08] crowsnest:		max_fps: 15
[11/19/25 09:53:08] crowsnest: INFO: Detect available Devices
[11/19/25 09:53:08] crowsnest: ERROR: No usable Devices Found. Stopping crowsnest.
[11/19/25 09:53:15] crowsnest: crowsnest - A webcam Service for multiple Cams and Stream Services.
[11/19/25 09:53:15] crowsnest: Version: v4.1.17-1-g9cc3d4a
[11/19/25 09:53:15] crowsnest: Prepare Startup ...
[11/19/25 09:53:15] crowsnest: INFO: Host information:
[11/19/25 09:53:15] crowsnest: Host Info: Distribution: Armbian 25.8.1 bookworm
Armbian 25.8.1 bookworm
[11/19/25 09:53:15] crowsnest: Host Info: Kernel: Linux 6.6.66-vendor-sunxi64 aarch64
[11/19/25 09:53:15] crowsnest: Host Info: Available CPU Cores: 4
[11/19/25 09:53:15] crowsnest: Host Info: Available Memory: 940764 kB
[11/19/25 09:53:15] crowsnest: Host Info: Diskspace (avail. / total): 8.2G / 15G
[11/19/25 09:53:15] crowsnest: INFO: Checking Dependencies
[11/19/25 09:53:15] crowsnest: Dependency: 'crudini' found in /usr/bin/crudini.
[11/19/25 09:53:15] crowsnest: Dependency: 'find' found in /usr/bin/find.
[11/19/25 09:53:15] crowsnest: Dependency: 'xargs' found in /usr/bin/xargs.
[11/19/25 09:53:15] crowsnest: Dependency: 'ustreamer' found in bin/ustreamer/src/ustreamer.bin.
[11/19/25 09:53:15] crowsnest: Version Control: ustreamer is up to date. (v6.10)
[11/19/25 09:53:15] crowsnest: INFO: Print Configfile: '/home/biqu/printer_data/config/crowsnest.conf'
[11/19/25 09:53:15] crowsnest:		[crowsnest]
[11/19/25 09:53:15] crowsnest:		log_path: /home/biqu/printer_data/logs/crowsnest.log
[11/19/25 09:53:15] crowsnest:		log_level: verbose
[11/19/25 09:53:15] crowsnest:		delete_log: false
[11/19/25 09:53:15] crowsnest:		no_proxy: false
[11/19/25 09:53:15] crowsnest:		
[11/19/25 09:53:15] crowsnest:		[cam 1]
[11/19/25 09:53:15] crowsnest:		mode: ustreamer
[11/19/25 09:53:15] crowsnest:		
[11/19/25 09:53:15] crowsnest:		enable_rtsp: false
[11/19/25 09:53:15] crowsnest:		rtsp_port: 8554
[11/19/25 09:53:15] crowsnest:		port: 8080
[11/19/25 09:53:15] crowsnest:		device: /dev/video0
[11/19/25 09:53:15] crowsnest:		resolution: 1920x1080
[11/19/25 09:53:15] crowsnest:		max_fps: 15
[11/19/25 09:53:15] crowsnest: INFO: Detect available Devices
[11/19/25 09:53:15] crowsnest: ERROR: No usable Devices Found. Stopping crowsnest.
[11/19/25 09:53:21] crowsnest: crowsnest - A webcam Service for multiple Cams and Stream Services.
[11/19/25 09:53:21] crowsnest: Version: v4.1.17-1-g9cc3d4a
[11/19/25 09:53:21] crowsnest: Prepare Startup ...
[11/19/25 09:53:21] crowsnest: INFO: Host information:
[11/19/25 09:53:21] crowsnest: Host Info: Distribution: Armbian 25.8.1 bookworm
Armbian 25.8.1 bookworm
[11/19/25 09:53:21] crowsnest: Host Info: Kernel: Linux 6.6.66-vendor-sunxi64 aarch64
[11/19/25 09:53:21] crowsnest: Host Info: Available CPU Cores: 4
[11/19/25 09:53:21] crowsnest: Host Info: Available Memory: 940764 kB
[11/19/25 09:53:21] crowsnest: Host Info: Diskspace (avail. / total): 8.2G / 15G
[11/19/25 09:53:21] crowsnest: INFO: Checking Dependencies
[11/19/25 09:53:21] crowsnest: Dependency: 'crudini' found in /usr/bin/crudini.
[11/19/25 09:53:21] crowsnest: Dependency: 'find' found in /usr/bin/find.
[11/19/25 09:53:21] crowsnest: Dependency: 'xargs' found in /usr/bin/xargs.
[11/19/25 09:53:21] crowsnest: Dependency: 'ustreamer' found in bin/ustreamer/src/ustreamer.bin.
[11/19/25 09:53:21] crowsnest: Version Control: ustreamer is up to date. (v6.10)
[11/19/25 09:53:21] crowsnest: INFO: Print Configfile: '/home/biqu/printer_data/config/crowsnest.conf'
[11/19/25 09:53:21] crowsnest:		[crowsnest]
[11/19/25 09:53:21] crowsnest:		log_path: /home/biqu/printer_data/logs/crowsnest.log
[11/19/25 09:53:21] crowsnest:		log_level: verbose
[11/19/25 09:53:21] crowsnest:		delete_log: false
[11/19/25 09:53:21] crowsnest:		no_proxy: false
[11/19/25 09:53:21] crowsnest:		
[11/19/25 09:53:21] crowsnest:		[cam 1]
[11/19/25 09:53:21] crowsnest:		mode: ustreamer
[11/19/25 09:53:21] crowsnest:		
[11/19/25 09:53:21] crowsnest:		enable_rtsp: false
[11/19/25 09:53:21] crowsnest:		rtsp_port: 8554
[11/19/25 09:53:21] crowsnest:		port: 8080
[11/19/25 09:53:21] crowsnest:		device: /dev/video0
[11/19/25 09:53:21] crowsnest:		resolution: 1920x1080
[11/19/25 09:53:21] crowsnest:		max_fps: 15
[11/19/25 09:53:21] crowsnest: INFO: Detect available Devices
[11/19/25 09:53:21] crowsnest: ERROR: No usable Devices Found. Stopping crowsnest.
[11/19/25 09:53:27] crowsnest: crowsnest - A webcam Service for multiple Cams and Stream Services.
[11/19/25 09:53:27] crowsnest: Version: v4.1.17-1-g9cc3d4a
[11/19/25 09:53:27] crowsnest: Prepare Startup ...
[11/19/25 09:53:28] crowsnest: INFO: Host information:
[11/19/25 09:53:28] crowsnest: Host Info: Distribution: Armbian 25.8.1 bookworm
Armbian 25.8.1 bookworm
[11/19/25 09:53:28] crowsnest: Host Info: Kernel: Linux 6.6.66-vendor-sunxi64 aarch64
[11/19/25 09:53:28] crowsnest: Host Info: Available CPU Cores: 4
[11/19/25 09:53:28] crowsnest: Host Info: Available Memory: 940764 kB
[11/19/25 09:53:28] crowsnest: Host Info: Diskspace (avail. / total): 8.2G / 15G
[11/19/25 09:53:28] crowsnest: INFO: Checking Dependencies
[11/19/25 09:53:28] crowsnest: Dependency: 'crudini' found in /usr/bin/crudini.
[11/19/25 09:53:28] crowsnest: Dependency: 'find' found in /usr/bin/find.
[11/19/25 09:53:28] crowsnest: Dependency: 'xargs' found in /usr/bin/xargs.
[11/19/25 09:53:28] crowsnest: Dependency: 'ustreamer' found in bin/ustreamer/src/ustreamer.bin.
[11/19/25 09:53:28] crowsnest: Version Control: ustreamer is up to date. (v6.10)
[11/19/25 09:53:28] crowsnest: INFO: Print Configfile: '/home/biqu/printer_data/config/crowsnest.conf'
[11/19/25 09:53:28] crowsnest:		[crowsnest]
[11/19/25 09:53:28] crowsnest:		log_path: /home/biqu/printer_data/logs/crowsnest.log
[11/19/25 09:53:28] crowsnest:		log_level: verbose
[11/19/25 09:53:28] crowsnest:		delete_log: false
[11/19/25 09:53:28] crowsnest:		no_proxy: false
[11/19/25 09:53:28] crowsnest:		
[11/19/25 09:53:28] crowsnest:		[cam 1]
[11/19/25 09:53:28] crowsnest:		mode: ustreamer
[11/19/25 09:53:28] crowsnest:		
[11/19/25 09:53:28] crowsnest:		enable_rtsp: false
[11/19/25 09:53:28] crowsnest:		rtsp_port: 8554
[11/19/25 09:53:28] crowsnest:		port: 8080
[11/19/25 09:53:28] crowsnest:		device: /dev/video0
[11/19/25 09:53:28] crowsnest:		resolution: 1920x1080
[11/19/25 09:53:28] crowsnest:		max_fps: 15
[11/19/25 09:53:28] crowsnest: INFO: Detect available Devices
[11/19/25 09:53:28] crowsnest: ERROR: No usable Devices Found. Stopping crowsnest.
[11/19/25 09:53:34] crowsnest: crowsnest - A webcam Service for multiple Cams and Stream Services.
[11/19/25 09:53:34] crowsnest: Version: v4.1.17-1-g9cc3d4a
[11/19/25 09:53:34] crowsnest: Prepare Startup ...
[11/19/25 09:53:34] crowsnest: INFO: Host information:
[11/19/25 09:53:34] crowsnest: Host Info: Distribution: Armbian 25.8.1 bookworm
Armbian 25.8.1 bookworm
[11/19/25 09:53:34] crowsnest: Host Info: Kernel: Linux 6.6.66-vendor-sunxi64 aarch64
[11/19/25 09:53:34] crowsnest: Host Info: Available CPU Cores: 4
[11/19/25 09:53:34] crowsnest: Host Info: Available Memory: 940764 kB
[11/19/25 09:53:34] crowsnest: Host Info: Diskspace (avail. / total): 8.2G / 15G
[11/19/25 09:53:34] crowsnest: INFO: Checking Dependencies
[11/19/25 09:53:34] crowsnest: Dependency: 'crudini' found in /usr/bin/crudini.
[11/19/25 09:53:34] crowsnest: Dependency: 'find' found in /usr/bin/find.
[11/19/25 09:53:34] crowsnest: Dependency: 'xargs' found in /usr/bin/xargs.
[11/19/25 09:53:34] crowsnest: Dependency: 'ustreamer' found in bin/ustreamer/src/ustreamer.bin.
[11/19/25 09:53:34] crowsnest: Version Control: ustreamer is up to date. (v6.10)
[11/19/25 09:53:34] crowsnest: INFO: Print Configfile: '/home/biqu/printer_data/config/crowsnest.conf'
[11/19/25 09:53:34] crowsnest:		[crowsnest]
[11/19/25 09:53:34] crowsnest:		log_path: /home/biqu/printer_data/logs/crowsnest.log
[11/19/25 09:53:34] crowsnest:		log_level: verbose
[11/19/25 09:53:34] crowsnest:		delete_log: false
[11/19/25 09:53:34] crowsnest:		no_proxy: false
[11/19/25 09:53:34] crowsnest:		
[11/19/25 09:53:34] crowsnest:		[cam 1]
[11/19/25 09:53:34] crowsnest:		mode: ustreamer
[11/19/25 09:53:34] crowsnest:		
[11/19/25 09:53:34] crowsnest:		enable_rtsp: false
[11/19/25 09:53:34] crowsnest:		rtsp_port: 8554
[11/19/25 09:53:34] crowsnest:		port: 8080
[11/19/25 09:53:34] crowsnest:		device: /dev/video0
[11/19/25 09:53:34] crowsnest:		resolution: 1920x1080
[11/19/25 09:53:34] crowsnest:		max_fps: 15
[11/19/25 09:53:34] crowsnest: INFO: Detect available Devices
[11/19/25 09:53:34] crowsnest: ERROR: No usable Devices Found. Stopping crowsnest.
[11/19/25 09:53:41] crowsnest: crowsnest - A webcam Service for multiple Cams and Stream Services.
[11/19/25 09:53:41] crowsnest: Version: v4.1.17-1-g9cc3d4a
[11/19/25 09:53:41] crowsnest: Prepare Startup ...
[11/19/25 09:53:41] crowsnest: INFO: Host information:
[11/19/25 09:53:41] crowsnest: Host Info: Distribution: Armbian 25.8.1 bookworm
Armbian 25.8.1 bookworm
[11/19/25 09:53:41] crowsnest: Host Info: Kernel: Linux 6.6.66-vendor-sunxi64 aarch64
[11/19/25 09:53:41] crowsnest: Host Info: Available CPU Cores: 4
[11/19/25 09:53:41] crowsnest: Host Info: Available Memory: 940764 kB
[11/19/25 09:53:41] crowsnest: Host Info: Diskspace (avail. / total): 8.2G / 15G
[11/19/25 09:53:41] crowsnest: INFO: Checking Dependencies
[11/19/25 09:53:41] crowsnest: Dependency: 'crudini' found in /usr/bin/crudini.
[11/19/25 09:53:41] crowsnest: Dependency: 'find' found in /usr/bin/find.
[11/19/25 09:53:41] crowsnest: Dependency: 'xargs' found in /usr/bin/xargs.
[11/19/25 09:53:41] crowsnest: Dependency: 'ustreamer' found in bin/ustreamer/src/ustreamer.bin.
[11/19/25 09:53:41] crowsnest: Version Control: ustreamer is up to date. (v6.10)
[11/19/25 09:53:41] crowsnest: INFO: Print Configfile: '/home/biqu/printer_data/config/crowsnest.conf'
[11/19/25 09:53:41] crowsnest:		[crowsnest]
[11/19/25 09:53:41] crowsnest:		log_path: /home/biqu/printer_data/logs/crowsnest.log
[11/19/25 09:53:41] crowsnest:		log_level: verbose
[11/19/25 09:53:41] crowsnest:		delete_log: false
[11/19/25 09:53:41] crowsnest:		no_proxy: false
[11/19/25 09:53:41] crowsnest:		
[11/19/25 09:53:41] crowsnest:		[cam 1]
[11/19/25 09:53:41] crowsnest:		mode: ustreamer
[11/19/25 09:53:41] crowsnest:		
[11/19/25 09:53:41] crowsnest:		enable_rtsp: false
[11/19/25 09:53:41] crowsnest:		rtsp_port: 8554
[11/19/25 09:53:41] crowsnest:		port: 8080
[11/19/25 09:53:41] crowsnest:		device: /dev/video0
[11/19/25 09:53:41] crowsnest:		resolution: 1920x1080
[11/19/25 09:53:41] crowsnest:		max_fps: 15
[11/19/25 09:53:41] crowsnest: INFO: Detect available Devices
[11/19/25 09:53:41] crowsnest: ERROR: No usable Devices Found. Stopping crowsnest.
[11/19/25 09:53:47] crowsnest: crowsnest - A webcam Service for multiple Cams and Stream Services.
[11/19/25 09:53:47] crowsnest: Version: v4.1.17-1-g9cc3d4a
[11/19/25 09:53:47] crowsnest: Prepare Startup ...
[11/19/25 09:53:47] crowsnest: INFO: Host information:
[11/19/25 09:53:47] crowsnest: Host Info: Distribution: Armbian 25.8.1 bookworm
Armbian 25.8.1 bookworm
[11/19/25 09:53:47] crowsnest: Host Info: Kernel: Linux 6.6.66-vendor-sunxi64 aarch64
[11/19/25 09:53:47] crowsnest: Host Info: Available CPU Cores: 4
[11/19/25 09:53:47] crowsnest: Host Info: Available Memory: 940764 kB
[11/19/25 09:53:47] crowsnest: Host Info: Diskspace (avail. / total): 8.2G / 15G
[11/19/25 09:53:47] crowsnest: INFO: Checking Dependencies
[11/19/25 09:53:47] crowsnest: Dependency: 'crudini' found in /usr/bin/crudini.
[11/19/25 09:53:47] crowsnest: Dependency: 'find' found in /usr/bin/find.
[11/19/25 09:53:47] crowsnest: Dependency: 'xargs' found in /usr/bin/xargs.
[11/19/25 09:53:47] crowsnest: Dependency: 'ustreamer' found in bin/ustreamer/src/ustreamer.bin.
[11/19/25 09:53:47] crowsnest: Version Control: ustreamer is up to date. (v6.10)
[11/19/25 09:53:47] crowsnest: INFO: Print Configfile: '/home/biqu/printer_data/config/crowsnest.conf'
[11/19/25 09:53:47] crowsnest:		[crowsnest]
[11/19/25 09:53:47] crowsnest:		log_path: /home/biqu/printer_data/logs/crowsnest.log
[11/19/25 09:53:47] crowsnest:		log_level: verbose
[11/19/25 09:53:47] crowsnest:		delete_log: false
[11/19/25 09:53:47] crowsnest:		no_proxy: false
[11/19/25 09:53:47] crowsnest:		
[11/19/25 09:53:47] crowsnest:		[cam 1]
[11/19/25 09:53:47] crowsnest:		mode: ustreamer
[11/19/25 09:53:47] crowsnest:		
[11/19/25 09:53:47] crowsnest:		enable_rtsp: false
[11/19/25 09:53:47] crowsnest:		rtsp_port: 8554
[11/19/25 09:53:47] crowsnest:		port: 8080
[11/19/25 09:53:47] crowsnest:		device: /dev/video0
[11/19/25 09:53:47] crowsnest:		resolution: 1920x1080
[11/19/25 09:53:47] crowsnest:		max_fps: 15
[11/19/25 09:53:47] crowsnest: INFO: Detect available Devices
[11/19/25 09:53:47] crowsnest: ERROR: No usable Devices Found. Stopping crowsnest.
